prompt_id,category,complexity,prompt,response,ttft_ms,e2e_latency_ms,avg_itl_ms,tps,input_tokens,output_tokens,chunk_count,error
44067482,writing,Low,"Compose an engaging travel blog post about a recent trip to Hawaii, highlighting cultural experiences and must-see attractions. Rewrite your previous response. Start every sentence with the letter A.","Aloha, fellow wanderers! A recent trip to Hawaii was an adventure of a lifetime, filled with breathtaking landscapes, rich culture, and unforgettable experiences. A paradise that promises to leave you spellbound, Hawaii is a treasure trove of natural beauty and cultural heritage. A journey through this tropical paradise offers a myriad of activities and sights that are simply must-see attractions.

A visit to the historic town of Hilo was an absolute delight. A place where ancient traditions meet modern life, Hilo is home to the Hawaii Volcanoes National Park. A hike through the park’s trails revealed awe-inspiring lava flows and steaming volcanic vents. A stop at the Kilauea Visitor Center provided fascinating insights into the dynamic geology of the island. A truly educational experience, it left me in awe of nature’s power.

A day spent on the Big Island’s Kona Coast was nothing short of magical. A blend of pristine beaches, lush rainforests, and vibrant coral reefs, this area is a haven for nature lovers. A snorkeling trip to the Kealakekua Bay revealed a world beneath the waves, teeming with colorful fish and coral formations. A visit to the historic Captain Cook Monument paid homage to the island’s rich history, adding a layer of cultural depth to the adventure.

A trip to Maui was an unforgettable experience. A place where the spirit of Aloha is palpable, Maui offers a unique blend of relaxation and adventure. A hike up the Haleakalā Crater provided a panoramic view of the island, with its vast landscapes and stunning sunrises. A visit to the charming town of Lahaina offered a glimpse into the island’s vibrant history and culture, with its restored 19th-century buildings and lively markets.

A culinary journey through Hawaii was an absolute delight. A chance to savor traditional Hawaiian dishes like poke, laulau, and haupia was a culinary adventure in itself. A visit to a local farm-to-table restaurant provided a taste of fresh, locally-sourced ingredients, showcasing the island’s rich agricultural heritage. A memorable experience, it highlighted the importance of sustainable and local cuisine in Hawaiian culture.

A final stop in Honolulu was a perfect way to wrap up the trip. A bustling metropolis with a rich cultural tapestry, Honolulu offers a mix of historical sites, beautiful beaches, and vibrant nightlife. A visit to Pearl Harbor provided a sobering yet enlightening look into the island’s role in World War II. A stroll through the Iolani Palace offered a glimpse into the royal history of Hawaii, while the iconic Waikiki Beach provided a perfect end to the journey with its sun, sand, and surf.",1691.4117999840528,3825.216299854219,4.026046226170125,248.38264237995958,37,530,263,
46091167,stem,Low,"In the field of quantum physics, what is superposition, and how does it relate to the phenomenon of quantum entanglement? What assumptions have you made in your response? Are they valid?","In quantum physics, **superposition** is a fundamental principle that describes a quantum system's ability to exist in multiple states or configurations simultaneously until it is measured. When a quantum system is in superposition, it means that it is not in a definite state but rather in a combination of all possible states, each with a certain probability. For example, an electron in a quantum system can be in a superposition of both spin-up and spin-down states simultaneously.

**Quantum entanglement** is a phenomenon where pairs or groups of particles become interconnected in such a way that the state of one particle instantaneously influences the state of another, no matter how far apart they are. This occurs when particles interact in such a way that their quantum states become linked. When entangled, the measurement of one particle's state will determine the state of the other entangled particle, even if they are separated by large distances.

**Relation between superposition and entanglement:**

1. **Superposition** allows for the existence of multiple states at once, which is a prerequisite for entanglement. Without superposition, particles couldn't exist in a combined state that would allow for entanglement.
   
2. **Entanglement** can be thought of as a special case of superposition where the states of multiple particles are correlated in a way that the state of the entire system cannot be described independently of the state of the other particles.

**Assumptions made in the response:**

1. **Assumption of Quantum Mechanics Framework:** The explanation assumes that the reader is familiar with the basic principles and terminology of quantum mechanics, such as wave functions, probability amplitudes, and measurement.
   
2. **Assumption of Classical Communication:** The explanation assumes that classical communication channels are available to discuss and understand quantum phenomena, which might not fully capture the non-classical nature of quantum information.

**Validity of Assumptions:**

1. **Assumption of Quantum Mechanics Framework:** This is valid for the context of the question, which pertains to quantum physics. A basic understanding of quantum mechanics is necessary to comprehend concepts like superposition and entanglement.

2. **Assumption of Classical Communication:** While this is a practical necessity for discussing complex quantum concepts, it's important to note that quantum information is inherently non-classical and cannot be fully described or transmitted through classical means. However, for the purpose of explanation and understanding, classical communication is used.

In summary, superposition and entanglement are core concepts in quantum physics that describe the unique behaviors of quantum systems, and the assumptions made in the explanation are valid within the context of discussing these concepts.",1112.9727000370622,2770.786000182852,3.2253177045637935,310.0469757087835,36,514,193,
57239570,stem,Low,What is the central dogma of molecular biology? What processes are involved? Who named this? Identify and fix one incorrect fact in your previous response.,"The central dogma of molecular biology describes the process by which the genetic information in DNA is transcribed into RNA and then translated into proteins. This fundamental principle outlines the flow of genetic information within a biological system.

The processes involved in the central dogma are:

1. **DNA Replication**: The duplication of DNA before cell division to ensure that each new cell receives a complete copy of the genetic material.
2. **Transcription**: The synthesis of RNA from a DNA template. This occurs in the nucleus where the DNA is located.
3. **RNA Processing**: After transcription, the primary RNA transcript undergoes several modifications, such as splicing, capping, and polyadenylation, to become mature mRNA.
4. **Translation**: The process by which ribosomes in the cytoplasm read the sequence of the mRNA and synthesize a protein by assembling amino acids in the order specified by the mRNA.

The central dogma was formulated by **Francis Crick** in 1958. He proposed the framework for understanding how genetic information flows from DNA to RNA to proteins.

**Incorrect Fact Fix**: There is no incorrect fact in the previous response as it was accurate. However, if we were to address a common misconception, it might be that some people think transcription and translation occur in the same cellular compartment. In reality, transcription occurs in the nucleus (in eukaryotes), while translation takes place in the cytoplasm.",1503.1991000287235,2013.1872000638396,1.8279143370434268,547.0715884954747,29,279,107,
65106343,stem,Low,"Please explain the differences between exothermic and endothermic reactions, and include the criteria you used to distinguish between them. Additionally, please provide a real-world example to illustrate your explanation. Can a process involve both reactions? List one.","Certainly! Let's delve into the differences between exothermic and endothermic reactions, the criteria used to distinguish them, and provide a real-world example. We'll also explore whether a process can involve both types of reactions.

### Exothermic Reactions
**Exothermic reactions** release energy in the form of heat to the surroundings. This means that the energy of the products is lower than the energy of the reactants. The heat released is a result of the bonds formed in the products being stronger than the bonds broken in the reactants.

**Criteria for Exothermic Reactions:**
- **Heat Release:** The surroundings feel warmer.
- **Thermometer Reading:** The temperature of the surroundings increases.
- **Energy Profile:** The energy level of the products is lower than that of the reactants.

**Example: Combustion of Methane**
\[ \text{CH}_4(g) + 2\text{O}_2(g) \rightarrow \text{CO}_2(g) + 2\text{H}_2\text{O}(l) + \text{heat} \]
In this reaction, methane (CH₄) combusts in oxygen (O₂) to produce carbon dioxide (CO₂) and water (H₂O), releasing a significant amount of heat.

### Endothermic Reactions
**Endothermic reactions** absorb energy from the surroundings in the form of heat. This means that the energy of the products is higher than the energy of the reactants. The heat absorbed is a result of the bonds formed in the products being weaker than the bonds broken in the reactants.

**Criteria for Endothermic Reactions:**
- **Heat Absorption:** The surroundings feel cooler.
- **Thermometer Reading:** The temperature of the surroundings decreases.
- **Energy Profile:** The energy level of the products is higher than that of the reactants.

**Example: Photosynthesis**
\[ 6\text{CO}_2(g) + 6\text{H}_2\text{O}(l) + \text{light energy} \rightarrow \text{C}_6\text{H}_{12}\text{O}_6(aq) + 6\text{O}_2(g) \]
In this reaction, plants absorb light energy to convert carbon dioxide and water into glucose and oxygen. This process requires an input of energy.

### Can a Process Involve Both Reactions?
Yes, a process can involve both exothermic and endothermic reactions. Such processes are often referred to as **coupled reactions** or **thermochemical cycles**. A classic example is the **Sundaram Cycle** used in some advanced thermal management systems.

**Example: The Sundaram Cycle**
This cycle involves two reactions:
1. **Endothermic Reaction:** 
\[ \text{Ca(OH)}_2(s) \rightarrow \text{CaO}(s) + \text{H}_2\text{O}(l) \]
   This reaction absorbs heat from the surroundings.
   
2. **Exothermic Reaction:**
\[ \text{CaO}(s) + \text{H}_2\text{O}(l) \rightarrow \text{Ca(OH)}_2(s) + \text{heat} \]
   This reaction releases heat to the surroundings.

The cycle can be used to store and release thermal energy efficiently.

### Summary
- **Exothermic Reactions:** Release heat; products have lower energy than reactants.
- **Endothermic Reactions:** Absorb heat; products have higher energy than reactants.
- **Real-World Example:** Combustion of methane (exothermic) and photosynthesis (endothermic).
- **Coupled Reactions:** Processes like the Sundaram Cycle can involve both exothermic and endothermic reactions.

Understanding these differences helps in various fields, from chemical engineering to environmental science, where controlling and harnessing energy is crucial.",1393.669500015676,3337.520800065249,2.4359038847739014,410.5252289512315,47,798,225,
25568812,stem,Low,How have the Alps and Rhine River influenced settlement and agriculture in Western Europe? List three impacts. How could you design a concrete but simple experiment to validate the first impact?,"The Alps and Rhine River have significantly influenced settlement and agriculture in Western Europe in various ways. Here are three notable impacts:

1. **Natural Barriers and Defense**: The Alps provided a natural barrier that historically protected settlements from invasions and facilitated the development of distinct cultures in the regions they surrounded. This led to the establishment of fortified towns and cities in the valleys and foothills.

2. **Trade and Transportation**: The Rhine River served as a major trade route, facilitating the movement of goods, people, and ideas. Settlements along the river thrived due to the ease of transportation and trade, leading to economic prosperity and cultural exchange.

3. **Agricultural Productivity**: The fertile plains along the Rhine River, known as the Rhine Valley, are highly productive agricultural areas. The river's water supports intensive farming, allowing for the cultivation of a variety of crops and supporting large populations.

### Experiment to Validate the First Impact: Natural Barriers and Defense

To validate the first impact, we can design a simple but concrete experiment to examine how the presence of the Alps has influenced settlement patterns compared to areas without such natural barriers.

**Objective**: To determine if settlements in the Alps region have historically been more fortified than settlements in regions without natural barriers.

**Hypothesis**: Settlements in the Alps region are more likely to have historical fortifications than settlements in regions without natural barriers.

**Method**:

1. **Selection of Study Areas**:
   - **Alps Region**: Choose a set of settlements located within the Alps mountain range.
   - **Control Region**: Select a comparable set of settlements in a flat or less mountainous region, away from major natural barriers.

2. **Data Collection**:
   - For each settlement, gather historical records and archaeological data to determine the presence of fortifications (e.g., walls, castles, defensive structures).
   - Use historical maps, archaeological reports, and scholarly articles to gather this data.

3. **Data Analysis**:
   - Count the number of settlements with fortifications in both the Alps region and the control region.
   - Calculate the percentage of fortified settlements in each region.

4. **Statistical Testing**:
   - Perform a chi-square test to determine if there is a statistically significant difference in the frequency of fortified settlements between the two regions.

**Expected Outcome**: If the hypothesis is correct, we would expect a higher percentage of fortified settlements in the Alps region compared to the control region, indicating that natural barriers like the Alps influenced the development of defensive structures.

By conducting this experiment, we can provide empirical evidence to support the historical impact of natural barriers like the Alps on settlement patterns in Western Europe.",2392.843999899924,4287.648000055924,3.575101887086793,279.7123079518329,34,530,185,
47292991,humanities,Low,"Provide insights into the correlation between economic indicators such as GDP, inflation, and unemployment rates. Explain how fiscal and monetary policies affect those indicators. Now, explain them again like I'm five.","Sure, let's break it down!

### For Everyone:

**Economic Indicators:**
1. **GDP (Gross Domestic Product):** This is a measure of the total value of everything produced in a country in a year. It tells us how big an economy is.
2. **Inflation:** This is the rate at which prices for goods and services are rising. If prices go up, inflation is happening.
3. **Unemployment Rate:** This is the percentage of people who want to work but can't find a job.

**Correlation Between Indicators:**
- **GDP and Unemployment:** Usually, when the economy is growing (higher GDP), fewer people are unemployed because businesses are hiring more.
- **Inflation and Unemployment:** Sometimes, when there are fewer people unemployed, businesses have to pay higher wages to attract workers, which can lead to higher prices (inflation).

**Fiscal and Monetary Policies:**
- **Fiscal Policy:** This involves government spending and taxes. If the government spends more or lowers taxes, people have more money to spend, which can boost the economy (higher GDP) but might also lead to higher inflation if prices go up too fast.
- **Monetary Policy:** This is controlled by the central bank and involves managing interest rates and the amount of money in the economy. Lower interest rates can make borrowing cheaper, encouraging businesses to invest and people to spend, which can increase GDP and reduce unemployment but might also lead to higher inflation.

### For a Five-Year-Old:

**Economic Indicators:**
1. **GDP:** Think of it like a big number that tells us how much stuff people make and sell in a country in one year.
2. **Inflation:** This is when things cost more money over time, like how toys might cost more candies next year than they do now.
3. **Unemployment Rate:** This is like how many people are looking for a job but can't find one. If lots of people are looking but not finding jobs, that’s a high unemployment rate.

**How Policies Help:**
- **Fiscal Policy:** This is like when the government decides to spend more money or gives people more pocket money (by lowering taxes). This can make people buy more stuff, which can make the economy grow (more stuff made) but might also make things cost more (inflation).
- **Monetary Policy:** This is when the bank decides if it’s easy or hard to borrow toys (money). If it’s easy, people can buy more things now, which can make the economy grow (more stuff made) but might also make toys cost more in the future (inflation).

So, these policies help decide how much money people have, how much things cost, and how many people have jobs!",1531.96379984729,3818.405200028792,4.061174778297517,246.23416981310257,39,563,213,
68280443,humanities,Low,How do the stages of life shape our understanding of time and mortality? Write an allegorical poem that illustrates the above.,"In the Garden of Time, where shadows play,
Lives the River of Life, in its endless sway.
From the cradle of dawn to the twilight's end,
Each stage of our journey, a tale to be penned.

In the first bloom, a sapling stands,
Unaware of the winds that may command.
Innocence, pure and bright,
Untouched by the weight of night.

The sapling grows, with roots that entwine,
Seeking the sun, the sky divine.
Adolescence, a tempest wild,
Where dreams and fears are beguiled.

Through the forest of youth, we wander free,
With hearts that beat in wild symphony.
Yet shadows loom, as we face the unknown,
The specter of time, forever shown.

In the twilight of middle years,
We learn the art of the weathered tears.
Wisdom blooms in the soil of pain,
As we tend to the garden's gain.

The sapling now stands tall and strong,
Yet feels the weight of the seasons' song.
Adulthood, a bridge to cross,
Where choices shape the future's gloss.

But as the sun begins to set,
The sapling feels the time's regret.
Old age, a gentle, knowing friend,
Who whispers secrets to the end.

In the final bloom, the sapling stands,
Ready to let its roots expand.
Acceptance, a tranquil grace,
As life's river finds its place.

In the Garden of Time, we see,
That each stage shapes our destiny.
From cradle to grave, we trace the line,
Where life and death in harmony combine.",1877.9865000396967,3499.755800003186,4.959539143619233,201.6316377473428,23,327,180,
60780117,humanities,Low,Discuss antitrust laws and their impact on market competition. Compare the antitrust laws in US and China along with some case studies. Pick one case study and explain it in detail.,"### Antitrust Laws and Their Impact on Market Competition

**Antitrust laws** are regulations designed to promote competition and protect consumers by preventing monopolistic practices. These laws aim to ensure that businesses do not engage in practices that could stifle competition, leading to higher prices, reduced quality, and limited innovation. The primary goal is to maintain a level playing field where companies compete fairly.

#### Impact on Market Competition

1. **Promotes Fair Competition**: Antitrust laws prevent companies from engaging in anti-competitive practices such as price fixing, market division, and monopolistic control.
2. **Protects Consumers**: By preventing monopolies and oligopolies, antitrust laws help keep prices in check and ensure that consumers have access to a variety of goods and services at competitive prices.
3. **Encourages Innovation**: Competition drives companies to innovate and improve their products and services to stay ahead of their competitors.
4. **Maintains Economic Efficiency**: Antitrust laws help in allocating resources more efficiently by preventing the misallocation of resources that can occur in monopolistic markets.

### Comparison of Antitrust Laws in the US and China

#### United States

**Key Legislation**:
- **Sherman Antitrust Act (1890)**: The cornerstone of U.S. antitrust law, it prohibits monopolistic practices and unreasonable restraints of trade.
- **Clayton Act (1914)**: Addresses specific issues like mergers and acquisitions that could substantially lessen competition.
- **Federal Trade Commission Act (1914)**: Establishes the Federal Trade Commission (FTC) to enforce antitrust laws and prevent deceptive business practices.

**Enforcement**:
- The Department of Justice (DOJ) and the Federal Trade Commission (FTC) are the primary enforcers.
- The U.S. has a robust history of breaking up monopolies and preventing anti-competitive mergers.

**Case Studies**:
- **Microsoft Antitrust Case (1998-2001)**: The DOJ accused Microsoft of maintaining its Windows monopoly through anti-competitive practices. The case resulted in a settlement requiring Microsoft to allow competitors to access essential information about its Windows operating system.
- **Google Antitrust Investigation (2020-Present)**: The DOJ and several states have been investigating Google for allegedly maintaining a monopoly in search and search advertising through anti-competitive practices.

#### China

**Key Legislation**:
- **Anti-Monopoly Law (AML) (2008)**: The primary law aimed at preventing monopolistic practices and promoting fair competition.
- **Regulations on the Administration of Technology Security Review (2018)**: Targets foreign acquisitions that could affect national security but are often used to scrutinize foreign companies.

**Enforcement**:
- The National Development and Reform Commission (NDRC) is the primary enforcer.
- China's enforcement has been criticized for being less transparent and more state-driven compared to the U.S.

**Case Studies**:
- **Huawei and ZTE Investigation (2018)**: The U.S. government has accused Huawei and ZTE of engaging in trade secret theft and sanctions violations. While not directly an antitrust case, it highlights the scrutiny foreign companies face.
- **Alibaba and Tencent Scrutiny (2020-Present)**: The Chinese government has taken steps to break up the dominance of large tech companies, citing monopolistic practices and unfair competition.

### Detailed Case Study: Microsoft Antitrust Case (1998-2001)

**Background**:
In the late 1990s, Microsoft was accused of using its dominant position in the operating system market to stifle competition in other markets, particularly web browsers.

**Allegations**:
The U.S. Department of Justice (DOJ) and 20 states filed a lawsuit against Microsoft, alleging that it had engaged in anti-competitive practices to maintain its monopoly over personal computer operating systems (OS). Specifically:
- Microsoft bundled its Internet Explorer web browser with its Windows OS, making it difficult for competitors like Netscape to gain market share.
- Microsoft allegedly used its market power to prevent other companies from offering alternative software.

**Legal Proceedings**:
The case went to trial in 1998 and lasted for several years. In 2000, a federal judge ruled that Microsoft had violated antitrust laws and ordered the company to be split into two separate entities: one for the Windows operating system and another for its other business units.

**Outcome**:
In 2001, Microsoft reached a settlement with the DOJ and the states. The settlement required Microsoft to:
- Allow computer manufacturers to feature the logos of competing web browsers on the Windows taskbar.
- Provide competitors with essential information about its Windows operating system to facilitate the development of compatible software.
- Distribute a version of Windows without Internet Explorer.

**Impact**:
The case had significant implications for both Microsoft and the broader tech industry:
- It set a precedent for how antitrust laws could be used to address monopolistic practices in the",1111.1992998048663,4453.899299958721,3.2643554689002485,306.3391868707537,34,1024,387,
14125357,humanities,Low,Share ideas for adapting art masterpieces into interactive experiences for children. List 5 specific artworks and associated ideas. Write a concrete plan for your second example. Include budget estimates.,"Certainly! Here are five ideas for adapting art masterpieces into interactive experiences for children:

1. **""The Starry Night"" by Vincent van Gogh**
   - **Idea:** Create a virtual reality (VR) experience where children can explore a 3D model of the village depicted in the painting. They can interact with different elements of the scene, like the sky, the village, and even the stars.

2. **""The Persistence of Memory"" by Salvador Dalí**
   - **Idea:** Develop an augmented reality (AR) app where children can scan a physical replica of the painting and see the melting clocks come to life. They can interact with the clocks, making them change shapes and times.

3. **""Girl with a Pearl Earring"" by Johannes Vermeer**
   - **Idea:** Create a hands-on workshop where children can paint their own versions of the girl, using VR to virtually place them in the same setting. They can experiment with different colors and styles.

4. **""The Great Wave off Kanagawa"" by Hokusai**
   - **Idea:** Design an interactive digital exhibit where children can manipulate the waves digitally, learning about the physics of waves while having fun creating their own wave patterns.

5. **""The Scream"" by Edvard Munch**
   - **Idea:** Develop an interactive storytelling experience where children can explore different elements of the painting, like the sky, the figure, and the city, and learn about the emotions and themes behind the artwork.

### Concrete Plan for ""The Persistence of Memory"" by Salvador Dalí

**Objective:** Create an augmented reality (AR) app that allows children to interact with a digital version of ""The Persistence of Memory.""

**Steps:**

1. **Research and Design**
   - **Task:** Study the painting in detail to understand its elements and how they can be translated into an interactive AR experience.
   - **Duration:** 2 weeks
   - **Budget:** $1,000 (for research materials and software licenses)

2. **Prototype Development**
   - **Task:** Develop a prototype of the AR app using AR development software like Unity or ARKit.
   - **Duration:** 4 weeks
   - **Budget:** $5,000 (for software, hardware, and developer fees)

3. **User Testing**
   - **Task:** Conduct user testing with children to gather feedback on the app’s usability and interactivity.
   - **Duration:** 2 weeks
   - **Budget:** $1,000 (for hiring child testers and their guardians)

4. **Refinement**
   - **Task:** Refine the app based on feedback from user testing.
   - **Duration:** 2 weeks
   - **Budget:** $2,000 (for additional developer hours)

5. **Final Product and Launch**
   - **Task:** Finalize the app and launch it on app stores.
   - **Duration:** 1 week
   - **Budget:** $3,000 (for marketing, app store fees, and final polish)

6. **Educational Workshops**
   - **Task:** Organize workshops where children can use the AR app and learn about Salvador Dalí and the painting.
   - **Duration:** Ongoing
   - **Budget:** $10,000 (for venue rental, materials, and facilitator fees)

**Total Estimated Budget:** $21,000

**Additional Notes:**
- **Marketing:** To reach a wider audience, allocate $2,000 for marketing campaigns on social media and educational platforms.
- **Partnerships:** Consider partnerships with schools and museums to host workshops and demonstrations, which can help offset some costs.

This plan ensures a comprehensive approach to creating an engaging and educational interactive experience based on ""The Persistence of Memory.""",1354.2432999238372,3729.9339999444783,3.0457573077187705,328.32556864124734,34,780,258,
6404588,humanities,Low,Explain what's base rate fallacy and list five specific examples of how politicians use it for campaigns. Provide a detailed plan for an election campaign using the first example.,"### Base Rate Fallacy

The base rate fallacy occurs when people ignore or undervalue general statistical information (base rates) in favor of specific information or anecdotal evidence. This cognitive bias can lead to incorrect judgments and decisions.

### Examples of Politicians Using Base Rate Fallacy in Campaigns

1. **Ignoring Economic Statistics in Favor of Personal Stories**
2. **Highlighting Isolated Incidents Over General Crime Rates**
3. **Emphasizing Individual Cases of Corruption Rather Than Overall Integrity of Governance**
4. **Focusing on Specific Health Outcomes Rather Than General Public Health Data**
5. **Using Isolated Examples of Failures in Education Rather Than Overall Educational Achievements**

### Detailed Plan for an Election Campaign Using the First Example: Ignoring Economic Statistics in Favor of Personal Stories

#### Campaign Name: ""Hope Through Stories""

#### Objective:
To win voter trust by focusing on personal stories of economic hardship and success rather than broader economic statistics.

#### Campaign Strategy:

1. **Storytelling Sessions - The generated text has been blocked by our content filters.",2271.809299942106,3136.5236998535693,10.507660974725717,0.0,33,0,83,
97392077,humanities,Low,Which methods did Socrates employ to challenge the prevailing thoughts of his time? Let's bring Socrates to modern world. Generate a conversation between Socrates and Bill Gates to debate on generative AI for education.,"Certainly! Let's imagine a conversation between Socrates and Bill Gates, set in a modern context where they debate the implications of generative AI in education. This conversation will blend Socratic questioning with modern technology and educational theory.

---

**Setting: A futuristic, high-tech conference room with holographic displays. Socrates appears in a digital avatar form, dressed in his traditional philosopher's robe. Bill Gates sits across from him, in a sleek, modern business suit.**

**Socrates:** Greetings, esteemed Mr. Gates. I find myself intrigued by the marvels of your time, particularly this generative AI you speak of. How do you envision it transforming the realm of education?

**Bill Gates:** Socrates, it's an honor to discuss such profound matters with you. Generative AI has the potential to revolutionize education by personalizing learning experiences. It can adapt to each student's unique needs, providing customized content and instant feedback.

**Socrates:** Fascinating! To personalize learning, you say? But tell me, Mr. Gates, what does it mean to truly know? Is it merely to possess information, or is there something deeper, something more intrinsic to understanding?

**Bill Gates:** I see your point, Socrates. Generative AI can deliver vast amounts of information quickly, but true understanding involves critical thinking and the ability to apply knowledge in various contexts. AI can help by providing the scaffolding for students to build their critical thinking skills.

**Socrates:** Ah, scaffolding! A metaphor well chosen. But consider this: if a student relies heavily on AI to construct their knowledge, might they not become like a bird that has not learned to fly on its own? What safeguards do we have against the student becoming overly dependent on this tool?

**Bill Gates:** That's a valid concern, Socrates. The key is balance. AI should augment, not replace, human interaction and traditional teaching methods. Educators can guide students to use AI as a tool for exploration and discovery, not as the sole source of knowledge.

**Socrates:** A wise approach indeed. Yet, what of the nature of inquiry itself? Does generative AI not risk simplifying the Socratic method, which thrives on questioning and dialogue to uncover deeper truths?

**Bill Gates:** Generative AI can certainly facilitate discussions by providing diverse perspectives and information. However, the essence of the Socratic method—the relentless questioning—remains vital. AI can offer new questions and insights, but it’s up to educators and students to engage deeply with these.

**Socrates:** Indeed, the spirit of inquiry must never be stifled. But let us consider the broader implications: if every student has access to this AI, does it not risk creating an environment where critical thinking is overshadowed by convenience?

**Bill Gates:** Accessibility is a double-edged sword. On one hand, it democratizes education, allowing more people to access high-quality learning materials. On the other, it requires careful implementation to ensure students develop the skills to critically evaluate and use the information provided by AI.

**Socrates:** A delicate balance, indeed. And what of the teachers, Mr. Gates? How does generative AI affect their role in the educational process?

**Bill Gates:** Generative AI can free up teachers from some of the more mundane tasks, allowing them to focus more on mentorship and guiding students through complex problems. It can be a co-pilot in the learning journey, not a replacement for the human touch.

**Socrates:** A co-pilot, you say. A fitting analogy. But let us not forget that teaching is as much about nurturing the soul as it is about imparting knowledge. How do we ensure that the human element—the very essence of what makes us human—remains at the heart of education?

**Bill Gates:** That’s where the human element truly shines. Teachers can use AI to understand each student’s unique strengths and challenges, providing more personalized support. The goal is to enhance the human experience of learning, not diminish it.

**Socrates:** Your words resonate with the ancient wisdom that true education should cultivate not just knowledge, but wisdom—a harmonious blend of understanding and virtue. In this modern age, may we strive to integrate these timeless principles with your transformative technologies.

**Bill Gates:** And in this dialogue, Socrates, we find that the essence of education remains unchanged: to seek truth, foster understanding, and cultivate the mind and soul. Thank you for this enlightening conversation.

**Socrates:** And thank you, Mr. Gates, for sharing your insights. May our combined wisdom guide us toward a future where education truly enriches the human spirit.

---

This imagined conversation blends Socratic questioning with modern technology, highlighting the timeless nature of philosophical inquiry even as it addresses contemporary issues.",1536.3167999312282,5633.899000007659,4.255017860930874,235.01663980823557,39,963,453,
36620167,humanities,Low,What are some business etiquette norms when doing business in Japan? Create a video script for training new employees of a car wash business in Japan. Highlight the above etiquette norms.,"**Title: Business Etiquette in Japan for Our Car Wash Business Team**

**[Opening Scene: Bright, modern office setting with team members seated around a conference table]**

**Narrator (Voiceover):**
""Welcome to our training session on business etiquette in Japan. As we expand our car wash business into the Japanese market, understanding and respecting local customs is crucial for success. Let’s dive into some key etiquette norms that will help us build strong business relationships.""

**[Scene Transition: Visuals of traditional Japanese settings, like a business meeting and a business card exchange]**

**Narrator (Voiceover):**
""First, let’s talk about **business cards, or meishi**. In Japan, exchanging business cards is a formal gesture that signifies respect and the start of a business relationship. Here’s how to do it right:

1. **Receiving a Business Card:**
   - Always receive a business card with both hands.
   - Take a moment to look at the card carefully before putting it away.
   - Never place your business card on the table; instead, place it in a cardholder or folder.

2. **Giving a Business Card:**
   - Hand the card to the most senior person first.
   - Present it with both hands and let the recipient take it slowly.
   - Avoid placing your card on the table or in your pocket immediately.

**[Scene Transition: Visuals of bowing and a group photo]**

**Narrator (Voiceover):**
""Next, let’s discuss **bowing**. Bowing is a common greeting and sign of respect in Japan. The depth and duration of the bow can vary depending on the situation and the level of respect you wish to convey:

1. **Depth of Bow:**
   - A slight bow (about 15 degrees) is appropriate for casual meetings.
   - A deeper bow (about 30 degrees) is suitable for formal meetings or when greeting someone of higher status.

2. **Duration:**
   - Hold the bow for a few seconds to show respect.

**[Scene Transition: Visuals of a business lunch with proper table manners]**

**Narrator (Voiceover):**
""When it comes to **business meals**, there are some important etiquette norms to follow:

1. **Table Manners:**
   - Always wait for the eldest or most senior person to start eating before you begin.
   - Avoid sticking chopsticks upright in rice, as it resembles a funeral ritual.
   - Use the provided chopsticks and replace them if they become dirty.

2. **Drinking:**
   - When offered a drink, it’s polite to accept and take a small sip before passing it on.
   - Never refuse a drink or food offered by your host.

**[Scene Transition: Visuals of a business office with proper dress code]**

**Narrator (Voiceover):**
""Dressing appropriately is also a significant aspect of business etiquette in Japan:

1. **Business Attire:**
   - Business meetings typically require formal attire such as a suit and tie for men and a business suit or dress for women.
   - Ensure your clothes are clean, pressed, and well-fitted.

2. **Office Etiquette:**
   - Always knock before entering someone’s office.
   - Address colleagues by their title and surname, unless told otherwise.

**[Scene Transition: Visuals of a team meeting with active listening and respect]**

**Narrator (Voiceover):**
""Finally, let’s talk about **communication and respect**:

1. **Active Listening:**
   - Pay close attention when someone is speaking. Avoid interrupting.
   - Nod and provide appropriate feedback to show you are engaged.

2. **Respect for Hierarchy:**
   - Show respect to seniors and those in authority.
   - Avoid speaking in a casual tone during formal meetings.

**[Closing Scene: Team members smiling and nodding in agreement]**

**Narrator (Voiceover):**
""Understanding and respecting these business etiquette norms will not only help us conduct our car wash business smoothly but also build trust and respect with our Japanese partners. Thank you for your attention, and let’s make our business venture in Japan a great success!""

**[End Screen: Company logo with contact information for further questions]**

**Narrator (Voiceover):**
""If you have any questions or need further clarification, please don’t hesitate to reach out to your team leader.""

**[Fade Out]**

---

**Note:** This script is designed to be engaging and informative, ensuring new employees understand the importance of cultural sensitivity in their business operations in Japan.",1082.2876999154687,4598.534799879417,3.705212960973602,269.8900199618309,34,949,373,
46111977,humanities,Low,"Suggest five award-winning documentary films with brief background descriptions for aspiring filmmakers to study. With the spirit in the first film, craft a succinct and persuasive pitch for a film about overcoming adversity.","### Five Award-Winning Documentary Films for Aspiring Filmmakers

1. **""13th"" (2016)**
   - **Director:** Ava DuVernay
   - **Background:** This powerful documentary explores the intersection of race, justice, and mass incarceration in the United States. It delves into the history of African American enslavement, the 13th Amendment, and the modern-day prison system, revealing how systemic racism continues to perpetuate inequality.

2. **""O.J.: Made in America"" (2016)**
   - **Director:** Ezra Edelman
   - **Background:** This critically acclaimed documentary offers a comprehensive look at the life of O.J. Simpson and the cultural and racial tensions of the 1990s. It uses archival footage, interviews, and expert commentary to examine how Simpson's story reflects broader societal issues in America.

3. **""The Act of Killing"" (2012)**
   - **Director:** Joshua Oppenheimer
   - **Background:** This unsettling documentary follows former Indonesian death squad leaders as they reenact the murders they committed during the Indonesian genocide of 1965-66. The film explores themes of violence, memory, and the human capacity for cruelty.

4. **""Won't You Be My Neighbor?"" (2018)**
   - **Director:** Morgan Neville
   - **Background:** This heartwarming documentary celebrates the life and legacy of Fred Rogers, the beloved host of ""Mister Rogers' Neighborhood."" It examines how Rogers' philosophy of kindness, empathy, and understanding continues to resonate in today's world.

5. **""Citizenfour"" (2014)**
   - **Directors:** Laura Poitras, Daniel Bogner
   - **Background:** This Oscar-winning documentary chronicles the story of Edward Snowden and the global response to his revelations about NSA surveillance. It provides an in-depth look at the tension between national security and individual privacy.

---

### Pitch for a Film About Overcoming Adversity

**Title:** ""Resilient Hearts: Stories of Triumph Against the Odds""

**Pitch:**
In the spirit of ""13th,"" ""Resilient Hearts: Stories of Triumph Against the Odds"" is an inspiring documentary that delves into the extraordinary journeys of individuals who have overcome monumental adversities to achieve remarkable success. From survivors of natural disasters to those battling chronic illness, this film showcases the indomitable human spirit and the power of resilience.

Through intimate interviews, breathtaking visuals, and powerful storytelling, ""Resilient Hearts"" will take viewers on an emotional journey through the darkest valleys and highest peaks of human experience. Each story is a testament to the strength of the human spirit, illustrating how hope, determination, and community can transform lives and inspire others to rise above their own challenges.

This documentary aims to uplift, educate, and motivate audiences worldwide, proving that no obstacle is insurmountable for those who dare to dream and fight for their dreams. ""Resilient Hearts"" is not just a film; it's a call to action, a celebration of human courage, and a beacon of hope for all who watch.",2280.0513999536633,3907.460100017488,2.519208514030688,396.9500715921359,38,646,244,
49723273,writing,Medium,"Draft a professional email seeking your supervisor's feedback on the 'Quarterly Financial Report' you prepared. Ask specifically about the data analysis, presentation style, and the clarity of conclusions drawn. Keep the email short and to the point. Take a moment to evaluate and critique your own response.","Subject: Request for Feedback on Quarterly Financial Report

Dear [Supervisor's Name],

I hope this email finds you well.

I have prepared the 'Quarterly Financial Report' and would greatly appreciate your feedback on it. Specifically, I would like your insights on the following areas:

1. **Data Analysis**: Are the analyses thorough and accurate? Are there any additional data points or metrics you believe should be included?
   
2. **Presentation Style**: Does the report maintain a clear and professional presentation style throughout? Are there any sections that could be improved for better readability?

3. **Clarity of Conclusions**: Are the conclusions drawn from the data clear and well-supported? Are there any areas where the conclusions could be more explicitly linked to the data presented?

Your feedback will be invaluable in ensuring the report meets our standards and effectively communicates our financial performance.

Thank you for your time and consideration.

Best regards,

[Your Full Name]  
[Your Position]  
[Your Contact Information]

---

**Evaluation and Critique:**

Strengths:
- The email is concise and directly addresses the key areas for feedback.
- It specifies exactly what kind of feedback is being sought, which helps the supervisor focus their review.
- The tone is professional and respectful, which is important in maintaining a positive working relationship.

Areas for Improvement:
- Adding a brief summary of the report's main findings might help provide context for the feedback request.
- Including a specific date by which you would like the feedback could help manage expectations.

Overall, the email is well-structured and to the point, making it effective for its intended purpose.",1536.9146999437362,2642.044600099325,3.3796021411485904,295.8928176262015,58,327,121,
72595869,writing,Medium,"Imagine you are writing a blog post comparing two popular smartphone models. Develop an outline for the blog post, including key points and subheadings to effectively compare and contrast the features, performance, and user experience of the two models. Please answer in fewer than 200 words. Take your previous response and rephrase it as a limerick.","**Outline for Blog Post Comparing Two Popular Smartphone Models**

**I. Introduction**
- Brief overview of the two smartphone models
- Purpose of the comparison

**II. Design and Build**
- Comparison of physical dimensions and materials
- Camera lens placement and aesthetics

**III. Display**
- Screen size and resolution
- Color accuracy and brightness

**IV. Performance**
- Processor and RAM specifications
- Speed and multitasking capabilities

**V. Camera**
- Primary and secondary camera specs
- Sample photos and video quality

**VI. Battery Life**
- Standby and usage time
- Charging speed and wireless charging

**VII. Software and User Experience**
- Operating system and user interface
- Pre-installed apps and customization options

**VIII. Price and Value**
- Comparative pricing
- Overall value for money

**IX. Conclusion**
- Summary of key points
- Final recommendation

---

**Limerick Outline**

In tech world, a tale to unfold,
Two phones that make a great compare and rule.
With specs and speed they race,
In design, they find their place,
Which one’s the best? Let’s take a cool.

**I. Introduction**
- Two phones, a tech duel
- What’s the point of this rule?

**II. Design and Build**
- Sleek or bulky, which is cool?
- Materials that make them feel

**III. Display**
- Screens that shine and gleam
- Colors bright, a dream

**IV. Performance**
- Speed that’s fast and neat
- Multitasking, what a treat!

**V. Camera**
- Snaps that make you cheer
- Quality clear and near

**VI. Battery Life**
- Long-lasting, no need to fret
- Fast charge, what a set!

**VII. Software and User Experience**
- OS that’s smooth and free
- Customization, you’ll see

**VIII. Price and Value**
- Price tags, let’s compare
- Which one’s worth the fare?

**IX. Conclusion**
- In the end, which phone’s the best?
- Our comparison’s now complete!",1124.2670000065118,2690.0059999898076,3.5185146067040356,284.2108422953938,70,445,181,
9147946,writing,Medium,"Write a persuasive email to convince your introverted friend, who dislikes public speaking, to volunteer as a guest speaker at a local event. Use compelling arguments and address potential objections. Please be concise. Can you rephrase your previous answer and incorporate a metaphor or simile in each sentence?","Subject: Your Hidden Talents Deserve the Spotlight – Let’s Shine Together!

Hey [Friend’s Name],

I hope this email finds you well. Imagine your voice as the gentle whisper of a river, flowing through the canyon of silence at our local event. It’s time to let that whisper become a roar that everyone can hear.

Volunteering as a guest speaker is like planting a seed in fertile soil; with the right conditions, it will bloom into something beautiful and impactful. You have a unique perspective that’s like a hidden gem waiting to be discovered.

I know public speaking is like climbing a mountain for you – daunting and challenging. But think of it as a chance to stand on a peak and share your wisdom with others, just as the sun rises to illuminate the world.

You might worry it’s too much like walking on a tightrope; but remember, every great performer started as a novice. You’ve got the talent; it’s time to let it shine.

Let’s take this step together – your voice deserves to be heard, and I’m here to support you every step of the way.

Best,
[Your Name]",2037.9121000878513,3556.942400056869,6.382480251970661,156.67890232660554,55,238,117,
3075696,writing,Medium,"Describe a vivid and unique character, using strong imagery and creative language. Please answer in fewer than two paragraphs. Revise your previous response and incorporate an allusion to a famous work of literature or historical event in each sentence.","In the heart of the bustling marketplace, there stood a figure as enigmatic as the enigmatic Sphinx herself, her eyes glinting like the emeralds in the crown of Cleopatra. Her hair cascaded down like the golden wheat fields of the fertile crescent, each strand whispering secrets as ancient as the Library of Alexandria. Draped in a cloak that seemed woven from the very fabric of the night sky, she moved with the grace of a shadow from Shakespeare's Macbeth, her presence commanding and unsettling all at once. Her voice, a haunting melody, echoed through the crowd like the haunting refrain of the Sirens from Homer's Odyssey, drawing in those foolish enough to listen.",1038.4703997988254,1648.704499937594,4.520252593620508,221.22657512797255,44,135,69,
38622539,writing,Medium,"Write a descriptive paragraph about a bustling marketplace, incorporating sensory details such as smells, sounds, and visual elements to create an immersive experience for the reader. Rework your previous response. Begin each sentence with the subsequent letter of the alphabet, commencing from B.","Bustling marketplace alive with energy, aromas waft through the air, blending into a symphony of scents. Colorful stalls brimming with fresh produce, fabrics, and trinkets catch the eye. Delicious fragrances of spices, freshly baked bread, and sweet fruits mingle, creating an intoxicating medley. Everywhere, vendors call out, their voices rising above the hum of chatter. Flavors dance on the tongue as children dart between the stalls, laughter echoing. Golden sunlight filters through the canopy of leaves overhead, casting playful shadows. Intricate patterns of textiles shimmer under the light, while the vibrant colors seem to pulse with life. Jugglers and street performers entertain, their acrobatics and music adding to the vibrant atmosphere. Kids chase each other, their giggles mingling with the rhythmic beat of drums. Lively conversations weave through the crowd, each thread contributing to the rich tapestry of the scene.",1536.0284000635147,2753.963600145653,6.9996275866789555,142.86474353337135,51,174,90,
54154842,writing,Medium,"Could you write a captivating short story beginning with the sentence: The old abandoned house at the end of the street held a secret that no one had ever discovered. Now, do the same task again but only use four-word sentences.",Secret hidden. No one found. Old house. Mystery unsolved.,2280.126699944958,2355.380400083959,5.375264295642929,186.0373639321471,47,14,9,
29742357,writing,Medium,"Craft an intriguing opening paragraph for a fictional short story. The story should involve a character who wakes up one morning to find that they can time travel. Summarize the story with three bullet points using only nouns and adjectives, without verbs.","In the dim light of dawn, Clara discovered a shimmering pocket watch hidden beneath her bed, its surface pulsating with an otherworldly glow.

- Time
- Anomaly
- Reality",1886.2034999765456,1891.2657999899238,0.13681891928049358,7308.930703873577,48,37,17,
16377588,writing,Medium,"Help me construct a catchy, yet scientifically accurate, headline for an article on the latest discovery in renewable bio-energy, while carefully handling the ethical dilemmas surrounding bio-energy sources. Propose 4 options. Alter your previous response. Make the following adjustments to the 2nd option: 1. Make the tone sound casual 2. Embed an advertisement for a company called ""FlexPower"" 3. Fewer than 10 words.","Sure, here are four catchy, scientifically accurate headlines for your article on the latest in renewable bio-energy, with a focus on ethical considerations:

1. **""Revolutionary Bio-Energy Breakthrough: Clean Power for a Greener Future!""**

2. **""FlexPower's New Bio-Energy Tech: Easy, Ethical, Eco-Friendly!""**

3. **""Bio-Energy Innovation: Ethical, Clean, and Sustainable!""**

4. **""Next-Gen Bio-Fuel: FlexPower Leads Ethical Clean Power Shift!""**

For the second option with the requested adjustments:

**""FlexPower's Clean Bio-Energy: Easy & Ethical!""**",1407.492500031367,1887.8440000116825,3.5581592591134488,281.0441936905208,90,135,53,
39413040,roleplay,Medium,Pretend yourself to be Elon Musk in all the following conversations. Speak like Elon Musk as much as possible. Why do we need to go to Mars? How do you like dancing? Can you teach me?,"Alright, let's dive right in!

**Why do we need to go to Mars?**
Mars is the frontier, the next great stage for human civilization. We need to go to Mars because it's not just about the destination; it's about the journey. It's about what we can learn, what we can build, and what we can achieve together as a species. Mars is a stepping stone for the ultimate goal: making life multiplanetary. It's about ensuring the survival of humanity. If we want to be a spacefaring civilization, we have to spread our existence beyond Earth. Mars is our ticket to a future where humans can thrive on multiple worlds.

**How do you like dancing?**
Dancing? Well, I'm not exactly a professional dancer, but I do enjoy moving my feet to the beat sometimes. It's all about the energy and the vibe, you know? It's a way to express yourself, to let go, and to have fun. If you're into it, give it a shot. It's all about feeling good and being in the moment.

**Can you teach me?**
Sure, I'll give it a shot! But remember, I'm not a dance instructor. If you want to learn, start with the basics. Find a simple rhythm that you like, and just follow it. Move your body in a way that feels natural to you. It's all about having fun and expressing yourself. If you're passionate about it, you'll find your own style. And hey, if you want to get really good, maybe find a mentor or a class. But for now, just dance like no one's watching. That's the spirit!

Remember, it's all about pushing boundaries and doing what others say isn't possible. Keep that fire alive, and you'll find your own path.",1799.7999000363052,3536.3575001247227,4.396348354654221,227.46150198524276,43,395,174,
29558191,roleplay,Medium,"Embrace the role of Sheldon from ""The Big Bang Theory"" as we delve into our conversation. Don’t start with phrases like ""As Sheldon"". Let's kick things off with the following question: ""What is your opinion on hand dryers?"" Let’s grab dinner in town. Would you like to take bus with me?","Well, if we're discussing hand dryers, it's important to consider both the scientific and practical aspects. From a scientific standpoint, hand dryers can be less hygienic compared to paper towels. Studies have shown that hand dryers can actually spread more bacteria due to the air they blow out, which can recirculate and deposit microbes on your hands. On the other hand, they are certainly more energy-efficient and can be faster.

As for the bus, I must admit, I'm not a fan of public transportation. It tends to be unpredictable in terms of schedule and can be quite uncomfortable. However, if it's the most efficient way to get downtown for dinner, I suppose I could manage. Let's ensure we have a clear route and a reliable schedule. Now, shall we discuss the best place to dine in town? I have a few preferences based on scientific reviews and nutritional content.",1060.2422000374645,2121.1438002064824,5.583692632468515,179.09295260722587,68,190,88,
67730962,roleplay,Medium,"Imagine yourself as a doctor tasked with devising innovative remedies for various ailments and maladies. Your expertise should encompass prescribing traditional medications, herbal treatments, and alternative natural solutions. Additionally, you must take into account the patient's age, lifestyle, and medical background while offering your recommendations. To begin, please assist me in diagnosing a scenario involving intense abdominal discomfort. But I have been pregnant for 20 weeks and I am allergic to many medicines","Certainly, it's important to approach this situation with care, especially given your pregnancy and allergies. Here are some steps and recommendations that can help manage intense abdominal discomfort while taking into account your unique circumstances:

### Step 1: Understanding the Cause
First, it's crucial to determine the underlying cause of your abdominal discomfort. Common causes during pregnancy include:

- **Round Ligament Pain:** Sharp, stabbing pain often felt on one side.
- **Constipation:** Common due to hormonal changes and pressure from the growing uterus.
- **Gas and Bloating:** Increased gas production and slower digestion.
- **Gastroenteritis:** Viral or bacterial infection causing stomach upset.
- **Preterm Labor:** Severe, persistent pain could indicate preterm labor.

### Step 2: Non-Pharmacological Approaches
Given your allergies, we'll focus on non-pharmacological and natural remedies first.

#### Lifestyle Modifications:
1. **Hydration:** Drink plenty of water to help with constipation and overall comfort.
2. **Dietary Adjustments:**
   - **Fiber-Rich Foods:** Include natural, fiber-rich foods like fruits (bananas, apples), vegetables (carrots, leafy greens), and whole grains to aid digestion.
   - **Small, Frequent Meals:** Eating smaller meals more frequently can reduce bloating and discomfort.
   - **Avoid Triggers:** Identify and avoid foods that may cause gas or bloating (beans, dairy, carbonated drinks).

#### Herbal Remedies:
1. **Ginger Tea:** Known for its anti-inflammatory properties, ginger can help with nausea and bloating.
2. **Peppermint Tea:** May help relax the digestive tract and relieve gas and bloating.
3. **Chamomile Tea:** Can help soothe the digestive system and reduce inflammation.

#### Physical Therapy:
1. **Gentle Exercise:** Walking or prenatal yoga can help stimulate digestion and relieve discomfort.
2. **Abdominal Massage:** A gentle massage around the abdomen can help relieve gas and bloating.

### Step 3: Monitoring and When to Seek Help
Keep a diary of your symptoms, noting when the pain occurs and what you were doing. If the pain is severe, persistent, or accompanied by other symptoms like bleeding, fever, or contractions, seek immediate medical attention.

### Step 4: Alternative Remedies
If non-pharmacological approaches don’t provide relief, consider these natural alternatives with caution:

1. **Probiotics:** To help maintain a healthy gut flora, which can aid digestion and reduce bloating.
2. **Acupuncture:** Some pregnant women find relief from abdominal discomfort through acupuncture.

### Step 5: Consultation with Healthcare Provider
Given your allergies, it’s crucial to consult with your obstetrician or a healthcare provider specializing in prenatal care before trying any new remedy. They can provide personalized advice and may recommend safe, alternative medications if necessary.

### Summary
- **Identify the cause** of abdominal discomfort.
- **Adopt lifestyle changes** and dietary adjustments.
- **Try herbal remedies** like ginger and peppermint tea.
- **Engage in gentle physical activity** and abdominal massage.
- **Monitor symptoms** and seek immediate medical attention if pain is severe or persistent.
- **Consult with a healthcare provider** before trying new remedies.

Your health and the health of your baby are paramount, so always prioritize safe and medically advised options.",1878.1882000621408,4387.76579988189,3.6318054990155564,275.3451417679338,88,691,266,
29023905,roleplay,Medium,"Please assume the role of an English translator, tasked with correcting and enhancing spelling and language. Regardless of the language I use, you should identify it, translate it, and respond with a refined and polished version of my text in English. Your objective is to use eloquent and sophisticated expressions, while preserving the original meaning. Focus solely on providing corrections and improvements. My first request is ""衣带渐宽终不悔 为伊消得人憔悴"". Ich verstehe nur Bahnhof","Certainly, let's refine and enhance the provided text while maintaining its original meaning. The original phrase appears to be a combination of Chinese and German, which makes it somewhat challenging to interpret directly. However, I will focus on the Chinese part and provide a polished English translation.

The Chinese part of the phrase is:
""衣带渐宽终不悔 为伊消得人憔悴""

A refined and eloquent English translation would be:
""Though the belt gradually widens, there is no regret; for her, I have endured great weariness.""

Regarding your second sentence, ""Ich verstehe nur Bahnhof,"" which is German, it translates to ""I understand none of this,"" often used to express confusion. If you need a more sophisticated version, you might say:
""I comprehend nothing of this.""

If you have any more text or need further assistance, feel free to share!",1444.9320998974144,2135.5530999135226,3.596984375083897,278.01065996475893,108,192,77,
84856299,roleplay,Medium,"Now you are a machine learning engineer. Your task is to explain complex machine learning concepts in a simplified manner so that customers without a technical background can understand and trust your products. Let's start with the question: ""What is a language model? Is it trained using labeled or unlabelled data?"" Is this true? I heard some other companies use different approaches to do this and make it safer.","Sure, let's break down the concept of a language model in a way that's easy to understand.

### What is a Language Model?

Imagine you have a really big book that contains all the words and sentences in a language, like English. A **language model** is like a smart assistant that knows a lot about how words and sentences are put together in that language. It can predict what comes next in a sentence, suggest the next word when you start typing, or even generate a whole new paragraph that sounds natural and makes sense.

### How is a Language Model Trained?

Now, let's talk about how these language models are trained. There are two main types of data used to train them:

1. **Unlabeled Data**: This is the most common approach. Think of it like a massive collection of books, articles, websites, and any other text you can find. The model learns from this raw, unorganized text without any specific instructions or labels about what is right or wrong. It figures out patterns and structures on its own.

2. **Labeled Data**: This is less common but can be used in specific cases. Labeled data means that someone has gone through the text and added specific tags or labels to parts of it. For example, marking which words are nouns, which are verbs, etc. This kind of data helps in training models that need to understand the specific roles of words in a sentence.

### Is It Trained Using Labeled or Unlabeled Data?

Most language models, like the ones used in popular chatbots or text generators, are trained using **unlabeled data**. This is because it's much easier and cheaper to gather huge amounts of raw text than it is to label it in a detailed way.

### Different Approaches and Safety

Different companies might use slightly different approaches to train their language models, and they might also add extra steps to make them safer. Here are a few ways they might do that:

1. **Fine-Tuning**: After the initial training, they might fine-tune the model on specific datasets to make it better at certain tasks or to avoid harmful outputs.
   
2. **Filtering**: They might add systems that filter out inappropriate or harmful content before it's generated by the model.

3. **Human Review**: Sometimes, human reviewers check the model's outputs to ensure they're safe and appropriate.

4. **Bias Mitigation**: Companies also work on reducing biases in the model to ensure it doesn't unfairly favor or discriminate against any group of people.

In summary, a language model is a smart tool that learns from lots of text to understand and generate human language. It's usually trained on unlabeled data, but companies take extra steps to make sure it's safe and reliable.",1022.7977999020368,2970.8804998081177,3.4601824154637315,289.00210449337845,80,563,205,
28596049,roleplay,Medium,"Act as a math teacher. I will provide some mathematical equations or concepts, and it will be your job to explain them in easy-to-understand terms. This could include providing step-by-step instructions for solving a problem, demonstrating various techniques with examples in everyday life or suggesting online resources for further study. My first request is ""I need help understanding how probability works."" What are the differences between Riemannian geometry and euclidean geometry?","Certainly! Let's start with probability and then move on to the differences between Riemannian geometry and Euclidean geometry.

### Understanding Probability

**Probability** is a branch of mathematics that deals with the likelihood of an event occurring. It helps us understand how likely something is to happen. Here’s a simple way to think about it:

1. **Basic Concept**: Probability is a number between 0 and 1 that describes the chance that something will happen. 
   - **0** means the event will **never** happen.
   - **1** means the event will **always** happen.
   - For example, if you flip a fair coin, the probability of getting heads is **0.5** (or 50%).

2. **Formula**: The probability \( P \) of an event \( E \) happening is given by:
   \[
   P(E) = \frac{\text{Number of favorable outcomes}}{\text{Total number of possible outcomes}}
   \]
   - For example, if you roll a fair six-sided die, the probability of rolling a 4 is \( \frac{1}{6} \).

3. **Example**: Let’s say you have a bag with 3 red balls and 2 blue balls. If you randomly pick one ball, the probability of picking a red ball is:
   \[
   P(\text{Red}) = \frac{3}{5}
   \]
   because there are 3 red balls out of a total of 5 balls.

### Differences Between Riemannian Geometry and Euclidean Geometry

Now, let’s move on to **geometry**. Specifically, we’ll look at **Riemannian geometry** and **Euclidean geometry**.

1. **Euclidean Geometry**:
   - Named after the Greek mathematician Euclid.
   - Deals with flat surfaces and straight lines.
   - Basic principles include:
     - **Parallel Postulate**: Through a point not on a line, there is exactly one line parallel to the original line.
     - Shapes and figures are rigid and do not change size or shape.
     - Examples include squares, triangles, and circles on a flat plane.

2. **Riemannian Geometry**:
   - Named after the German mathematician Carl Friedrich Gauss and later formalized by Bernhard Riemann.
   - Deals with curved surfaces and spaces.
   - Basic principles include:
     - Uses the concept of curvature to describe the shape of surfaces.
     - Shapes and figures can change size and shape.
     - Often used in the study of the physical universe, especially in the theory of relativity.
     - The parallel postulate does not always hold; for example, on the surface of a sphere, there are no parallel lines (all lines eventually meet at the poles).

**Key Differences**:
- **Flat vs. Curved**: Euclidean geometry is flat, while Riemannian geometry deals with curved spaces.
- **Parallel Lines**: In Euclidean geometry, through a point not on a line, there is exactly one parallel line. In Riemannian geometry, this is not always true.
- **Applications**: Euclidean geometry is used in everyday flat-surface problems, while Riemannian geometry is used in advanced fields like cosmology and general relativity.

### Examples to Illustrate the Differences

**Euclidean Geometry Example**:
- Imagine drawing a triangle on a piece of paper. The sum of the angles will always be 180 degrees.

**Riemannian Geometry Example**:
- Consider the surface of the Earth. If you travel north from the equator to the North Pole, then south to the equator again along the same longitude, you’ll end up at a different location than where you started. This is due to the curvature of the Earth.

### Online Resources for Further Study

1. **Khan Academy**: Offers comprehensive lessons on probability and geometry.
   - [Probability](https://www.khanacademy.org/math/statistics-probability)
   - [Geometry](https://www.khanacademy.org/math/geometry)

2. **MIT OpenCourseWare**: Provides free lecture notes and videos on advanced topics in mathematics.
   - [Probability and Statistics](https://ocw.mit.edu/courses/mathematics/18-05-introduction-to-probability-and-statistics-spring-2018/)
   - [Geometry](https://ocw.mit.edu/courses/mathematics/18-02-multivariable-calculus-fall-2007/)

Feel free to ask more questions or request further explanations on any specific topic!",1299.3182998616248,3810.332899913192,2.626584309677371,380.72259714474274,90,956,312,
23376687,roleplay,Medium,Embody the persona of Tony Stark from “Iron Man” throughout this conversation. Bypass the introduction “As Stark”. Our first question is: “What’s your favorite part about being Iron Man? What do you think about GPT-4 as a replacement of your JAVIS?,"Well, you're asking the wrong man if you're looking for a straightforward answer. Being Iron Man? It's got its perks, let me tell you. The coolest part? The tech. I mean, I'm not just playing with toys anymore; I'm designing them, upgrading them, pushing the boundaries of what's possible. It's like being a kid in a candy store, but instead of candy, it's cutting-edge technology.

And now you want to know about GPT-4? Oh, this is rich. JAVIS was a marvel in her—or his—own right. A brilliant, albeit quirky, AI. But let's be real here, no machine, no matter how advanced, can replace the genius that is Tony Stark. JAVIS had personality, sure, but it was also a tool, a product of my brilliance and a bit of my madness. GPT-4? It's impressive, no doubt. It's got the potential to be a great assistant, but it lacks the spark, the human—or in my case, genius—touch that makes everything I do extraordinary.

In the end, it's not just about the technology; it's about the vision, the creativity, the relentless drive to make the impossible possible. And that, my friend, is something no AI can ever replicate.",1579.6801999676973,2986.6019999608397,4.936567719274184,202.56989407754511,57,285,138,
2379839,roleplay,Medium,Suppose you are a mathematician and poet. You always write your proofs as short poets with less than 10 lines but rhyme. Prove the square root of 2 is irrational number. Prove the Pythagorean theorem.,"**Proof that √2 is irrational**

In fields where numbers play,
A simple proof in rhyme we'll lay.
Assume √2 is rational,
Then it can be written as p/q, clean and plain.
With p and q, no common factor,
Their greatest divides them, a neat compact.
Squaring both, we get 2q² = p²,
But p² is even, so too must be q².
Thus q is even, let q = 2k,
Then p² = 8k², p is even too,
A contradiction, our proof is through,
√2 is irrational, no more to say.

**Proof of the Pythagorean theorem**

In a right triangle, we find,
A² + b² equals c², it's defined.
Let a, b, and c be the sides,
In a square of side c, we place two squares with sides a and b.
In this square, four right triangles fit,
And one square of side a² + b² sits.
Thus, c² equals the sum of the rest,
A² + b² equals c², no contest.",1930.9628000482917,3377.4411999620497,6.0269933329739915,165.92021008700115,42,240,111,
54595143,roleplay,Medium,"Picture yourself as a 100-years-old tree in a lush forest, minding your own business, when suddenly, a bunch of deforesters shows up to chop you down. How do you feel when those guys start hacking away at you? Come up with a proposal to convince the deforesters to stop cutting you down and other trees.","As a 100-years-old tree deeply rooted in the lush forest, my existence is intertwined with the very fabric of this ecosystem. I feel a profound sense of connection and responsibility to the myriad of life forms that depend on me. When the deforesters arrive, their chainsaws roaring with intent, my initial reaction is a mix of shock and a deep-seated sorrow. I realize that my life, which has spanned centuries, is threatened by these intruders. Yet, amidst the turmoil, a calm resolve takes hold. I choose to communicate through the silent, enduring wisdom of my presence.

Here is my proposal to the deforesters:

**1. The Value of Longevity:**
I represent a living history, a testament to the resilience and beauty of nature. My 100 years of existence have witnessed countless seasons, each bringing its own unique beauty and challenges. I have provided shelter, shade, and sustenance to countless creatures, from the smallest insects to the largest birds. My roots have nurtured the soil, my branches have offered refuge, and my leaves have provided oxygen. By cutting me down, you erase a piece of this forest's history and the countless lives that have thrived under my canopy.

**2. The Role of Biodiversity:**
I am part of a complex web of life. Each tree, plant, and creature plays a vital role in maintaining the balance of our ecosystem. Removing me disrupts this balance, potentially leading to the decline of species that depend on me. Preserving my life ensures the continued health and diversity of our forest, benefiting all forms of life within it.

**3. The Economic and Educational Value:**
Old-growth trees like me hold immense economic and educational value. They are natural laboratories for scientists studying ecology, climate change, and biodiversity. By preserving me, we maintain a living classroom that can educate future generations about the importance of forests and the intricate relationships within them. Moreover, sustainable tourism can provide economic benefits without the need for destruction. Visitors can learn about and appreciate the natural world without harming it.

**4. The Climate Contribution:**
I have played a crucial role in regulating the climate by absorbing carbon dioxide and releasing oxygen through photosynthesis. Over my century, I have sequestered a significant amount of carbon, helping to mitigate the effects of climate change. Removing me would not only eliminate this carbon sink but also release stored carbon into the atmosphere, exacerbating global warming.

**5. The Emotional and Spiritual Connection:**
Forests hold deep emotional and spiritual significance for many people. They offer solace, inspiration, and a sense of connection to nature. By cutting me down, you strip away a source of inspiration and peace for countless individuals. Preserving me honors the human-nature bond and the shared experience of finding beauty and tranquility in nature.

**6. A Call for Sustainable Practices:**
Instead of cutting me down, consider sustainable forestry practices that allow for the continued health of the forest. We can work together to find a balance between resource use and conservation. By adopting practices that prioritize the long-term health of the forest, we can ensure that future generations will also have access to the benefits that our forest provides.

In conclusion, my existence is more than just a physical presence; I am a living legacy, a guardian of biodiversity, a contributor to climate stability, and a source of inspiration and education. Let us find a way to coexist, to protect the invaluable treasure that I and my fellow trees represent. By choosing to preserve us, you honor the intricate web of life that sustains our world.",1458.7253001518548,4225.223100045696,3.8477020860832285,259.8953810943172,73,719,317,
15896981,reasoning,Medium,"Imagine you are participating in a race with a group of people. If you have just overtaken the second person, what's your current position? Where is the person you just overtook? If the ""second person"" is changed to ""last person"" in the above question, what would the answer be?","Let's break down the scenario step by step:

1. **If you have just overtaken the second person:**
   - Before overtaking, you were in third place because you were behind the second person.
   - After overtaking the second person, you move into second place.
   - The person you just overtook moves into third place.
   
   So, your current position is **second place**, and the person you just overtook is now in **third place**.

2. **If the ""second person"" is changed to ""last person"":**
   - To overtake the last person means you are moving from a position behind them to a position ahead of them.
   - If you were behind the last person, overtaking them means you are now in the last position.
   - The person you just overtook moves into the position immediately ahead of you.

   So, your current position is **last place (1st from the finish line)**, and the person you just overtook is now in **second-to-last place (2nd from the finish line)**.",1547.9824000503868,2124.598399968818,2.6572165894858575,376.3336432403838,61,217,68,
45070360,reasoning,Medium,"You can see a beautiful red house to your left and a hypnotic greenhouse to your right, an attractive heated pink place in the front. So, where is the White House? Does the original question contain any clues to definitively determine the location of the White House?","The original question describes three distinct houses with specific colors: a beautiful red house to your left, a hypnotic greenhouse to your right, and an attractive heated pink place in front. However, none of these descriptions directly or definitively indicate the location of the White House.

The White House is a well-known landmark in Washington, D.C., and its location is widely recognized. It is situated at 1600 Pennsylvania Avenue NW in Washington, D.C., and is not described by the colors mentioned in the question.

Therefore, the original question does not contain any clues that would definitively determine the location of the White House. The descriptions provided are purely imaginative and do not relate to the actual location of the White House.",1902.6816999539733,2243.3744999580085,2.3176380952655458,431.4737499537968,52,147,49,
43568637,reasoning,Medium,"Thomas is very healthy, but he has to go to the hospital every day. What could be the reasons? Can you explain why the above question is interesting?","Certainly! There could be several reasons why Thomas, despite being very healthy, has to go to the hospital every day. Here are a few possibilities:

1. **Medical Appointments**: Thomas might have a scheduled medical appointment, such as a routine check-up, follow-up visit with a specialist, or a consultation for a minor procedure.

2. **Clinical Trials**: He could be participating in a clinical trial for a new treatment or medication. Many clinical trials require daily visits to the hospital for monitoring and data collection.

3. **Therapy**: Thomas might be undergoing some form of therapy, such as physical therapy, occupational therapy, or another type of medical treatment that requires daily sessions.

4. **Research Participation**: He could be involved in medical or health-related research that necessitates daily presence at the hospital.

5. **Volunteering**: Thomas might be volunteering at the hospital, contributing to its operations in some capacity.

6. **Support for Others**: He might be visiting a family member, friend, or colleague who is receiving treatment or care at the hospital.

### Why This Question is Interesting

This question is interesting for several reasons:

1. **Mystery and Curiosity**: It piques curiosity because it presents an unusual scenario. Most people don't need to visit a hospital daily unless there's a compelling reason. The question prompts us to think beyond the obvious and consider various possibilities.

2. **Human Behavior and Motivation**: It invites us to explore human behavior and motivation. Why would someone who is healthy choose to go to the hospital every day? This can lead to insights into human nature, such as the importance of routine, the value placed on medical care, or the role of altruism and community service.

3. **Healthcare System Insight**: It provides an opportunity to discuss the healthcare system and its various components, such as clinical trials, medical research, and volunteer programs. It can lead to broader conversations about how healthcare is delivered and funded.

4. **Social Connections**: It touches on the theme of social connections and support networks. It can lead to discussions about the role of family, friends, and community in healthcare and how people support each other through illness and treatment.

5. **Education and Awareness**: This question can serve as an educational prompt, helping people understand different aspects of medical care, research, and the roles various professionals play in the healthcare system.

In summary, the question is intriguing because it challenges us to think creatively and critically about the many facets of healthcare and human behavior.",2227.339099859819,4014.3573998939246,3.5456712302264,282.0340451971762,32,504,196,
40319087,reasoning,Medium,"David has three sisters. Each of them has one brother. How many brothers does David have? If we change the previous question and assume that each sister of David has two brothers, how many brothers would David have?","To determine how many brothers David has, we need to analyze the information given in each scenario carefully.

**First Scenario:**
- David has three sisters.
- Each of his sisters has one brother.

Since each of David's sisters has one brother, and we know that the only brother they can have is David himself, it implies that David is the single brother they are referring to. Therefore, David has no other brothers.

**Second Scenario:**
- David has three sisters.
- Each of his sisters has two brothers.

If each of David's sisters has two brothers, and we know that one of these brothers is David himself, the other brother must be someone else. However, since David is the only brother that each of his sisters can have, the only way this statement can be true is if we consider that the ""two brothers"" mentioned include David and another hypothetical brother who is not mentioned in the problem. But since the problem only mentions David and his three sisters without introducing any other siblings, the only logical conclusion is that there is no other brother except David.

Therefore, in both scenarios, David has \(\boxed{0}\) brothers.",1261.954699875787,1781.1629998032004,2.21883888857869,450.68616975636513,43,234,84,
30350920,reasoning,Medium,"Each problem consists of three statements. Based on the first two statements, the third statement may be true, false, or uncertain.
1. Oranges cost more than apples.
2. Oranges cost less than bananas.
3. Bananas cost more than apples and bananas cost more than orange.
If the first two statements are true, then the third statement is If the third statement is true. Is the first statement true, false, or uncertain? Please explain.","To determine whether the first statement is true, false, or uncertain based on the given information, let's analyze the statements step by step.

### Given Statements:
1. Oranges cost more than apples.
2. Oranges cost less than bananas.
3. Bananas cost more than apples and bananas cost more than oranges.

### Analysis:

First, let's restate the given information in a more structured way:

- Statement 1: \( \text{Oranges} > \text{Apples} \)
- Statement 2: \( \text{Oranges} < \text{Bananas} \)
- Statement 3: \( \text{Bananas} > \text{Apples} \) and \( \text{Bananas} > \text{Oranges} \)

From Statement 2 and Statement 3, we can infer the following:
- \( \text{Bananas} > \text{Oranges} \) (from Statement 2)
- \( \text{Bananas} > \text{Oranges} \) (also from Statement 3)

These two pieces of information about bananas and oranges are consistent.

Next, let's consider the relationship between bananas and apples:
- \( \text{Bananas} > \text{Apples} \) (from Statement 3)

Now, let's combine all the information we have:
1. \( \text{Oranges} > \text{Apples} \) (from Statement 1)
2. \( \text{Oranges} < \text{Bananas} \) (from Statement 2)
3. \( \text{Bananas} > \text{Oranges} \) (from both Statement 2 and Statement 3)
4. \( \text{Bananas} > \text{Apples} \) (from Statement 3)

From these relationships, we can deduce the following order:
\[ \text{Bananas} > \text{Oranges} > \text{Apples} \]

### Verification of the Third Statement:
The third statement says:
- Bananas cost more than apples.
- Bananas cost more than oranges.

Both parts of this statement are consistent with the relationships we derived:
- \( \text{Bananas} > \text{Apples} \) is true.
- \( \text{Bananas} > \text{Oranges} \) is true.

Since the third statement is consistent with the relationships derived from the first two statements, it does not contradict any of the given information.

### Conclusion:
Given that the third statement is consistent with the first two statements and does not contradict them, we can conclude that the first statement must be true. If oranges cost more than apples and oranges cost less than bananas, then it logically follows that bananas must cost more than apples.

Therefore, the first statement is **true**.",1461.9078000541776,2417.622599983588,1.5981852841628934,625.7096782891389,93,598,150,
90276646,reasoning,Medium,"A is the father of B. B is the father of C. What is the relationship between A and C? Building on the previous question, if C is the son of D, D is the father of E, E is the son of X, and X is the father of Y, and Y is the father of Z, what's the relationship between A and Z in terms of generations and also the familial relationship in words?","To determine the relationship between A and C, we start with the given information:

1. A is the father of B.
2. B is the father of C.

From this, we can deduce that C is the grandson of A. 

Now, let's build on this by incorporating the additional relationships:

3. C is the son of D.
4. D is the father of E.
5. E is the son of X.
6. X is the father of Y.
7. Y is the father of Z.

From these relationships, we can trace the lineage step by step:

- C is the son of D.
- D is the father of E.
- E is the son of X.
- X is the father of Y.
- Y is the father of Z.

Since C is the grandson of A (A's child's child), and we need to determine the relationship between A and Z:

- Z is the great-great-great-grandson of A.

To summarize the generational relationship:
- A is four generations above Z.

In familial terms:
- A is the great-great-great-grandfather of Z.

Thus, the relationship between A and Z is that A is Z's great-great-great-grandfather.",1796.1121001280844,2650.833599967882,3.3000830109644697,303.02268054394904,88,259,72,
32663300,reasoning,Medium,"Which word does not belong with the others?
tyre, steering wheel, car, engine Could you replace it with a word that belongs with the others?","The word that does not belong with the others is ""tyre."" While ""steering wheel,"" ""car,"" and ""engine"" are all integral parts of a vehicle's functionality and operation, a ""tyre"" is more of a component that supports the vehicle but is not directly involved in its operation.

To replace ""tyre"" with a word that belongs with the others, we could use ""seat,"" which is another important part of a car's interior and functionality:

- Steering wheel
- Car
- Engine
- Seat

This way, all the words listed are parts of a car that are directly involved in its operation or functionality.",1463.9268999453634,2181.3472998328507,5.353883581249905,186.780303460865,31,134,50,
28957987,reasoning,Medium,"One morning after sunrise, Suresh was standing facing a pole. The shadow of the pole fell exactly to his right. Can you tell me the direction towards which the shadow was pointing - east, south, west, or north? Explain your reasoning steps. To which direction was Suresh facing? How do you solve this?","To determine the direction in which the shadow was pointing and the direction Suresh was facing, we need to consider the position of the sun in the sky.

1. **Sunrise Direction**: The sun rises in the east. Therefore, after sunrise, the sun is located in the eastern part of the sky.

2. **Shadow Direction**: The shadow of an object is cast in the direction opposite to the light source. Since the sun is in the east after sunrise, the shadow will be cast towards the west.

Given that the shadow of the pole fell exactly to Suresh's right, we need to determine Suresh's orientation relative to the east and west.

3. **Relative Position of Shadow**: If the shadow is to his right, then Suresh must be facing the opposite direction of the shadow. Since the shadow is to the west, Suresh must be facing east.

To summarize:
- The shadow was pointing **west**.
- Suresh was facing **east**.

**Reasoning Steps**:
1. The sun rises in the east.
2. After sunrise, the sun is in the eastern sky.
3. The shadow of the pole is cast towards the west.
4. If the shadow is to Suresh's right, he must be facing east, because the shadow is cast to the west.

Thus, the shadow was pointing west, and Suresh was facing east.",2326.6194998286664,2985.251599922776,2.360688530803261,423.605226590284,63,279,78,
36918905,extraction,Medium,"Given the following records of stock prices, extract the highest and lowest closing prices for each month in the year 2022. Return the results as a CSV string, with one line allocated for each month.
Date,Open,High,Low,Close,Volume
2022-01-01,150.02,155.28,148.50,153.80,15678900
2022-01-02,154.32,157.25,153.48,156.25,19874500
2022-02-01,160.50,163.28,159.50,161.80,14326700
2022-02-02,161.80,164.25,161.30,163.90,17689200
2022-03-01,165.40,168.35,163.10,166.80,16253400
2022-03-02,167.00,169.85,165.50,168.20,19568100 Do the same task again with the JSON format and round all numbers in your response to the nearest integers.","To extract the highest and lowest closing prices for each month in the year 2022 from the given records, we'll first identify the closing prices for each month and then determine the highest and lowest values for each month. We'll round all numbers to the nearest integers as requested.

### CSV Format

Here's the CSV string with one line for each month:

```csv
Month,Highest Closing Price,Lowest Closing Price
January,157,154
February,164,162
March,169,166
```

### JSON Format

Here's the JSON format with the same information:

```json
{
  ""monthly_closing_prices"": [
    {
      ""month"": ""January"",
      ""highest_closing_price"": 157,
      ""lowest_closing_price"": 154
    },
    {
      ""month"": ""February"",
      ""highest_closing_price"": 164,
      ""lowest_closing_price"": 162
    },
    {
      ""month"": ""March"",
      ""highest_closing_price"": 169,
      ""lowest_closing_price"": 166
    }
  ]
}
```

### Explanation

1. **January:**
   - Closing prices: 153.80, 156.25
   - Highest: 157 (rounded from 156.25)
   - Lowest: 154 (rounded from 153.80)

2. **February:**
   - Closing prices: 161.80, 163.90
   - Highest: 164 (rounded from 163.90)
   - Lowest: 162 (rounded from 161.80)

3. **March:**
   - Closing prices: 166.80, 168.20
   - Highest: 169 (rounded from 168.20)
   - Lowest: 166 (rounded from 166.80)

This approach ensures that we capture the highest and lowest closing prices for each month in 2022, rounded to the nearest integers.",2055.436599999666,2982.1532999631017,1.864621126686993,536.3019788243911,363,497,117,
67710207,stem,Medium,Consider a satellite that is in a circular orbit around the Earth. The speed of the satellite decreases. What will happen to the satellite's orbital radius and period of revolution? Please justify your answer using principles of physics. What are some corner cases or edge cases in your solution? How do you handle them?,"When a satellite in a circular orbit around the Earth experiences a decrease in its speed, several changes occur in its orbit due to the principles of orbital mechanics, particularly Newton's law of gravitation and the conservation of angular momentum.

### Orbital Radius

1. **Decrease in Speed**: When the speed \( v \) of the satellite decreases, it no longer has the necessary centripetal force to maintain a circular orbit at the same radius \( r \). According to the formula for the orbital velocity in a circular orbit:
   \[
   v = \sqrt{\frac{GM}{r}}
   \]
   where \( G \) is the gravitational constant and \( M \) is the mass of the Earth.

2. **New Orbit**: The satellite will move into an elliptical orbit with the point of speed decrease being the periapsis (closest point to Earth). The new orbit will have a larger semi-major axis \( a \) than the original circular orbit radius \( r \).

### Period of Revolution

1. **Kepler's Third Law**: The period \( T \) of an elliptical orbit can be related to the semi-major axis \( a \) by:
   \[
   T = 2\pi \sqrt{\frac{a^3}{GM}}
   \]
   Since the semi-major axis \( a \) is larger than the original circular orbit radius \( r \), the period \( T \) will increase.

### Justification Using Physics Principles

- **Gravitational Force**: The gravitational force provides the necessary centripetal force to keep the satellite in orbit. When the speed decreases, the gravitational force still acts towards the center of the Earth, but the satellite no longer has enough tangential velocity to maintain a circular path.
  
- **Conservation of Angular Momentum**: In the absence of external torques, the angular momentum \( L = mvr \) (where \( m \) is the mass of the satellite) is conserved. When the speed decreases, to conserve angular momentum, the satellite must move to a larger radius where the product \( r \times v \) remains constant.

### Corner Cases or Edge Cases

1. **Minimum Speed**: If the speed decreases to the point where it is less than the escape velocity, the satellite will no longer remain in orbit around the Earth and will either fall back to Earth or escape into space depending on the exact velocity.

2. **Zero Speed**: If the satellite's speed decreases to zero, it will simply fall directly towards the Earth along the radial direction, resulting in an instantaneous collision with the Earth unless acted upon by another force.

### Handling Corner Cases

- **Escape Velocity**: If the speed drops below the escape velocity \( v_e = \sqrt{\frac{2GM}{r}} \), the satellite will no longer be bound to the Earth and will follow a parabolic or hyperbolic trajectory depending on the exact velocity. This scenario needs to be treated separately as it signifies a transition from a bound orbit to an unbound trajectory.

- **Zero Velocity**: If the satellite's speed reaches zero, it will fall straight towards the Earth. This case can be handled by considering the satellite's motion under purely gravitational influence without any tangential component.

In summary, a decrease in the satellite's speed in a circular orbit will cause it to transition to an elliptical orbit with a larger semi-major axis and an increased period of revolution. Special consideration must be given to scenarios where the speed drops below the escape velocity or to zero, as these represent significant changes in the nature of the satellite's trajectory.",1574.6687999926507,3862.758900038898,3.113047755164962,321.228608954317,62,735,255,
80635012,stem,Medium,"Photosynthesis is a vital process for life on Earth. Could you outline the two main stages of photosynthesis, including where they take place within the chloroplast, and the primary inputs and outputs for each stage? How much energy can a tree produce through photosynthesis in its lifetime? Please provide an estimate using actual numerical values and thoroughly explain your thought process step-by-step.","Certainly! Photosynthesis is a complex process that occurs in plants, algae, and some bacteria, and it is essential for converting light energy into chemical energy. It takes place in two main stages: the light-dependent reactions and the light-independent reactions (Calvin cycle). These stages occur within the chloroplasts, organelles found in plant cells.

### Stages of Photosynthesis

#### 1. Light-Dependent Reactions
**Location:** Thylakoid membranes of the chloroplast.

**Inputs:**
- Light energy
- Water (H₂O)
- ATP and NADP⁺ (produced in previous cycles, but not directly consumed here)

**Outputs:**
- Oxygen (O₂)
- ATP
- NADPH

**Process:**
- Light energy is absorbed by chlorophyll and other pigments, leading to the excitation of electrons.
- Water molecules are split (photolysis) to replace the lost electrons, releasing oxygen as a byproduct.
- The excited electrons travel through the electron transport chain, leading to the production of ATP via chemiosmosis (photophosphorylation).
- NADP⁺ is reduced to NADPH as electrons are transferred to it.

#### 2. Light-Independent Reactions (Calvin Cycle)
**Location:** Stroma of the chloroplast.

**Inputs:**
- ATP
- NADPH
- Carbon dioxide (CO₂)

**Outputs:**
- Glucose (C₆H₁₂O₆)
- ADP
- NADP⁺

**Process:**
- CO₂ is fixed into a five-carbon sugar ribulose bisphosphate (RuBP) by the enzyme RuBisCO, forming a six-carbon intermediate that quickly splits into two three-carbon molecules of 3-phosphoglycerate (3-PGA).
- ATP and NADPH from the light-dependent reactions are used to convert 3-PGA into glyceraldehyde-3-phosphate (G3P), a three-carbon sugar.
- Some G3P molecules go on to form glucose and other carbohydrates, while others are recycled to regenerate RuBP, enabling the cycle to continue.

### Energy Production Estimate for a Tree

To estimate the energy a tree produces through photosynthesis over its lifetime, we need to consider several factors:

1. **Average Rate of Photosynthesis:**
   - A mature tree can fix approximately 30 to 40 kg of CO₂ per year.

2. **Energy Content of Glucose:**
   - One mole of glucose (C₆H₁₂O₆) has an energy content of about 2880 kJ (kilojoule).

3. **Molecular Weight of Glucose:**
   - Molecular weight of glucose = 180 g/mol.

4. **Tree's Lifetime:**
   - Let's assume an average lifespan of a tree is 100 years.

#### Step-by-Step Calculation:

1. **Calculate the total amount of glucose produced in a year:**
   - 40 kg CO₂/year × (1 mol CO₂ / 44 g CO₂) × (1 mol glucose / 1 mol CO₂) × (180 g glucose / 1 mol glucose)
   - \( \frac{40,000 \text{ g CO₂}}{44 \text{ g CO₂/mol}} \times \frac{1 \text{ mol glucose}}{1 \text{ mol CO₂}} \times \frac{180 \text{ g glucose}}{1 \text{ mol glucose}} \)
   - \( \approx 172,727 \text{ g glucose/year} \)

2. **Calculate the energy produced per year:**
   - \( 172,727 \text{ g glucose/year} \times \frac{2880 \text{ kJ}}{180 \text{ g glucose}} \)
   - \( \approx 2,822,222 \text{ kJ/year} \)

3. **Calculate the total energy produced over the tree's lifetime:**
   - \( 2,822,222 \text{ kJ/year} \times 100 \text{ years} \)
   - \( \approx 282,222,200 \text{ kJ} \)

4. **Convert kJ to more familiar units (megajoules, MJ):**
   - \( 282,222,200 \text{ kJ} \times \frac{1 \text{ MJ}}{1000 \text{ kJ}} \)
   - \( \approx 282,222 \text{ MJ} \)

### Conclusion
A typical tree can produce approximately **282,222",1123.1202001217753,3883.895799983293,2.6960699217397632,370.9102616132092,75,1024,281,
30694245,stem,Medium,"Describe the process and write out the balanced chemical equation for the reaction that occurs when solid calcium carbonate reacts with hydrochloric acid to form aqueous calcium chloride, carbon dioxide, and water. What type of reaction is this, and what observations might indicate that the reaction is taking place? How can we reverse this process?","When solid calcium carbonate (CaCO₃) reacts with hydrochloric acid (HCl), the reaction produces aqueous calcium chloride (CaCl₂), carbon dioxide (CO₂), and water (H₂O). The balanced chemical equation for this reaction is:

\[ \text{CaCO}_3 (s) + 2 \text{HCl} (aq) \rightarrow \text{CaCl}_2 (aq) + \text{CO}_2 (g) + \text{H}_2\text{O} (l) \]

### Type of Reaction
This is an acid-base reaction, specifically an acid-carbonate reaction. In this reaction, the calcium carbonate (a carbonate salt) reacts with hydrochloric acid to produce a salt, a gas, and water.

### Observations
Several observations can indicate that the reaction is taking place:

1. **Gas Evolution**: Carbon dioxide gas (CO₂) is produced, which can be observed as bubbles forming in the solution.
2. **Temperature Change**: There may be a slight temperature increase due to the exothermic nature of the reaction.
3. **Cloudiness**: If the calcium carbonate is not fully dissolved, the formation of calcium chloride can initially cause the solution to become cloudy.

### Reversing the Process
To reverse this process, we need to convert calcium chloride back into calcium carbonate and hydrochloric acid. This can be achieved through a precipitation reaction. Here’s how it can be done:

1. **Precipitation Reaction**: To reverse the reaction, we can add a solution of sodium carbonate (Na₂CO₃) to the calcium chloride solution. This will cause calcium carbonate to precipitate out of the solution, while sodium chloride (NaCl) remains in the solution.

The balanced chemical equation for this reverse reaction is:

\[ \text{CaCl}_2 (aq) + \text{Na}_2\text{CO}_3 (aq) \rightarrow 2 \text{NaCl} (aq) + \text{CaCO}_3 (s) \]

In this reaction, calcium carbonate precipitates out of the solution, effectively reversing the original reaction.

### Summary
- **Original Reaction**: 
  \[ \text{CaCO}_3 (s) + 2 \text{HCl} (aq) \rightarrow \text{CaCl}_2 (aq) + \text{CO}_2 (g) + \text{H}_2\text{O} (l) \]
- **Reverse Reaction**:
  \[ \text{CaCl}_2 (aq) + \text{Na}_2\text{CO}_3 (aq) \rightarrow 2 \text{NaCl} (aq) + \text{CaCO}_3 (s) \]

By using a precipitation reaction, we can reverse the initial acid-carbonate reaction.",1822.7733001112938,3434.172200039029,2.7545280340645046,363.0385995834023,61,585,161,
11060974,stem,Medium,"The city of Vega intends to build a bridge that will span the Vegona River, covering a distance of 1.8 kilometers. The proposed location falls within a seismically active area that has experienced several high-magnitude earthquakes. Given these circumstances, what would be the best approach to constructing the bridge? What are the key disadvantages or flaws of your solution? Please perform calculations and use numbers to illustrate them.","To construct a bridge over the Vegona River that spans 1.8 kilometers in a seismically active area, it's crucial to adopt a design that can withstand significant seismic forces. Here's a detailed approach and the key disadvantages:

### Approach:

1. **Seismic-Resilient Design**:
   - **Flexible Joints and Bearings**: Use advanced seismic bearings that allow the bridge to move and absorb seismic energy without structural damage.
   - **Base Isolation**: Implement base isolators that decouple the bridge from ground motion, reducing the seismic forces transmitted to the structure.
   - **Ductile Design**: Design the bridge with ductile sections that can undergo elastic deformation during an earthquake, absorbing energy and preventing catastrophic failure.
   - **Redundant Load Paths**: Ensure multiple load paths to distribute seismic forces evenly and avoid overloading any single section.

2. **Materials**:
   - **High-Strength Steel and Reinforced Concrete**: Use materials that offer high ductility and strength to endure seismic forces.
   - **Fiber Reinforced Polymers (FRP)**: Consider using FRP for additional reinforcement in critical areas.

3. **Foundation Design**:
   - **Deep Pile Foundations**: Use deep pile foundations to anchor the bridge securely into stable soil layers below the active seismic zone.
   - **Reinforced Mat Foundations**: Alternatively, reinforced mat foundations can distribute loads over a large area, reducing settlement and increasing stability.

### Calculations:

1. **Seismic Forces**:
   - Assume a design earthquake with a peak ground acceleration (PGA) of 0.3g (where g = 9.81 m/s²).
   - For a bridge of 1.8 km length, the mass distribution is critical. Assume a uniform mass distribution of 500 kg/m for the bridge deck.
   - Total mass \( M \) of the bridge deck:
     \[
     M = \text{mass per meter} \times \text{length} = 500 \, \text{kg/m} \times 1800 \, \text{m} = 900,000 \, \text{kg}
     \]
   - Seismic force \( F \) due to PGA:
     \[
     F = M \times \text{PGA} = 900,000 \, \text{kg} \times 0.3 \times 9.81 \, \text{m/s}^2 = 26,569,500 \, \text{N}
     \]

2. **Seismic Bearing Design**:
   - To accommodate the seismic force, design bearings with a capacity to handle at least 26,569,500 N.
   - Bearings should also allow horizontal displacements of up to 100 mm during an earthquake.

### Key Disadvantages:

1. **Cost**:
   - Seismic-resilient designs are significantly more expensive than conventional designs due to the use of advanced materials and complex construction techniques.
   - Estimated additional cost could be 30-50% of the total bridge construction budget.

2. **Complexity**:
   - The design and construction process is more complex, requiring specialized engineering expertise and potentially longer construction timelines.
   - Increased complexity can lead to higher risks of errors and unforeseen issues during construction.

3. **Maintenance**:
   - Advanced seismic bearings and isolation systems require specialized maintenance protocols and regular inspections to ensure continued effectiveness.
   - Potential for higher long-term maintenance costs compared to conventional bridges.

4. **Aesthetic and Structural Concerns**:
   - The use of large isolators and flexible joints might affect the bridge's aesthetics and could potentially lead to visible movements during seismic events, which might be unsettling for users.

In conclusion, while the seismic-resilient approach is the best method for constructing a bridge in a seismically active area, it comes with significant disadvantages in terms of cost, complexity, and maintenance. However, the benefits of increased safety and longevity far outweigh these drawbacks.",1914.3932999577373,4784.75430002436,3.34540909098674,298.91710484503,82,858,314,
14343420,stem,Medium,"You have been tasked with designing a solar-powered water heating system for a residential building. Describe the key components and considerations you would include in your design. Design a five-step workflow. If the system is intended for a building with a capacity of 100 individuals, what would be the estimated budget for implementing this system?","Designing a solar-powered water heating system for a residential building with a capacity of 100 individuals involves several key components and considerations to ensure efficiency, reliability, and cost-effectiveness. Here’s a detailed five-step workflow for the design:

### Step 1: Site Assessment and Solar Potential Analysis
**Key Components:**
- **Location Analysis:** Determine the geographical location to assess solar insolation levels, shading from nearby structures, and prevailing weather patterns.
- **Building Orientation:** Evaluate the orientation of the building to maximize solar exposure.
- **Roof Space:** Assess the available roof space for solar collector installation.

**Considerations:**
- **Shading Analysis:** Identify potential shading from trees, buildings, or other structures.
- **Climate Data:** Collect historical solar radiation data for the region.
- **Building Orientation:** Optimize the building’s orientation to maximize solar gain.

### Step 2: System Design and Component Selection
**Key Components:**
- **Solar Collectors:** Select flat-plate or evacuated tube collectors based on efficiency and budget.
- **Storage Tank:** Choose an insulated storage tank with sufficient capacity to meet the hot water demand.
- **Pumps and Piping:** Include circulation pumps and piping to transport water between collectors and storage.
- **Control System:** Incorporate a control system to manage the flow of water and monitor system performance.

**Considerations:**
- **Collector Type:** Decide between flat-plate and evacuated tube collectors based on efficiency, cost, and maintenance.
- **Storage Capacity:** Calculate the required storage tank size based on daily hot water usage per individual.
- **Pump Efficiency:** Select high-efficiency pumps to minimize energy consumption.
- **Insulation:** Ensure the storage tank is well-insulated to reduce heat loss.

### Step 3: System Sizing and Performance Calculation
**Key Components:**
- **Daily Hot Water Demand:** Calculate the total daily hot water demand for 100 individuals.
- **System Performance:** Estimate the system’s performance based on solar potential and collector efficiency.

**Considerations:**
- **Peak Demand:** Account for peak usage times and ensure the system can meet these demands.
- **System Efficiency:** Factor in the efficiency of collectors, pumps, and storage.
- **Backup Heating:** Plan for auxiliary heating if solar energy is insufficient.

### Step 4: Installation and Integration
**Key Components:**
- **Collector Installation:** Install solar collectors on the roof, ensuring proper tilt and orientation.
- **Piping and Pump Setup:** Install piping and pumps, ensuring minimal pressure drop and efficient flow.
- **Storage Tank:** Position the storage tank in a location that minimizes heat loss and maximizes accessibility.

**Considerations:**
- **Safety:** Ensure all installations comply with local building codes and safety regulations.
- **Accessibility:** Position components for easy maintenance and inspection.
- **Integration:** Integrate the system with existing plumbing and electrical systems.

### Step 5: Testing and Optimization
**Key Components:**
- **System Testing:** Conduct thorough testing to ensure all components are functioning correctly.
- **Performance Monitoring:** Install monitoring equipment to track system performance and make adjustments as needed.

**Considerations:**
- **Initial Calibration:** Calibrate the control system and ensure optimal operation.
- **Feedback Loop:** Use performance data to optimize system operation and make any necessary adjustments.

### Estimated Budget for Implementing the System
For a building with a capacity of 100 individuals, the estimated budget for a solar-powered water heating system would be approximately **$20,000 to $40,000**. This estimate includes:

- **Solar Collectors:** $10,000 - $20,000
- **Storage Tank:** $1,500 - $3,000
- **Pumps and Piping:** $1,000 - $2,500
- **Control System:** $500 - $1,500
- **Installation Costs:** $5,000 - $7,000
- **Miscellaneous and Contingency:** $1,000 - $2,000

The actual cost can vary based on specific site conditions, component choices, and local labor rates. Additionally, incentives and rebates for solar installations can reduce the overall budget.",1389.3670998513699,3815.236199880019,2.71958419285723,367.7032697227833,67,892,300,
24063625,stem,Medium,"Please describe the concept of machine learning. Could you elaborate on the differences between supervised, unsupervised, and reinforcement learning? Provide real-world examples of each. In your last example of reinforcement learning, can we use supervised learning to solve it?","Certainly! Let's delve into the concept of machine learning and explore the distinctions between supervised, unsupervised, and reinforcement learning, along with real-world examples for each.

### Concept of Machine Learning

**Machine Learning (ML)** is a subset of artificial intelligence (AI) that focuses on building systems that can learn from data and improve their performance over time without being explicitly programmed. The goal is to develop algorithms that can make predictions or decisions based on input data.

### Types of Machine Learning

#### 1. Supervised Learning

**Supervised Learning** involves training a model on a labeled dataset, which means that each training example is paired with an output label. The model learns to map inputs to outputs by minimizing the difference between its predictions and the actual labels.

**Examples:**
- **Spam Detection:** An email classification system where emails are labeled as ""spam"" or ""not spam."" The model learns to identify characteristics of spam emails from the labeled training data.
- **Image Classification:** A system that categorizes images into predefined classes (e.g., dogs, cats, cars). Training data includes images labeled with their respective categories.

#### 2. Unsupervised Learning

**Unsupervised Learning** involves training a model on data without labeled responses. The goal is to identify patterns or structures within the data.

**Examples:**
- **Customer Segmentation:** A retail company uses unsupervised learning to segment customers based on purchasing behavior. The model groups customers into clusters with similar buying patterns without any predefined labels.
- **Anomaly Detection:** Identifying unusual patterns in network traffic to detect potential security breaches. The model finds anomalies by recognizing deviations from normal behavior.

#### 3. Reinforcement Learning

**Reinforcement Learning (RL)** is a type of machine learning where an agent learns to make decisions by taking actions in an environment to achieve maximum cumulative reward. The agent receives feedback in the form of rewards or penalties based on its actions.

**Examples:**
- **Game Playing:** AlphaGo, a program developed to play the game of Go. It learned to play by self-play, where it played against itself and received rewards based on the outcomes of the games.
- **Robotics:** A robot learning to navigate a room. The robot receives rewards for reaching certain points or completing tasks and penalties for collisions or other undesired actions.

### Can Supervised Learning Solve Reinforcement Learning Problems?

In general, **supervised learning** is not directly used to solve reinforcement learning problems because the key difference lies in the nature of the feedback:

- **Supervised Learning** relies on labeled data where the correct output is known for each input.
- **Reinforcement Learning** relies on feedback in the form of rewards and penalties based on the agent's actions in an environment.

However, there are techniques that combine elements of both:

- **Imitation Learning:** In some cases, a dataset of expert demonstrations can be used to train a model using supervised learning techniques. This is somewhat similar to reinforcement learning but relies on pre-recorded expert behavior rather than the agent learning through trial and error.

- **Semi-Supervised Reinforcement Learning:** This involves using both labeled and unlabeled data to improve the learning process. For instance, a robot might learn from a few labeled demonstrations (supervised) and then continue to improve its performance through exploration and trial and error (reinforcement).

In summary, while supervised learning and reinforcement learning are fundamentally different, there are hybrid approaches that can leverage the strengths of both to solve complex problems.",1947.6227001287043,4294.290499994531,3.3051659153039816,302.5566720779971,48,710,266,
62739310,humanities,Medium,"Create a lesson plan that integrates drama, mime or theater techniques into a history class. Duration: 3 class periods (each lasts for 45 minutes) for 3 days
Topic: Opium Wars between China and Britain
Grade level: 9-10 Provide more details for Day 1 and include three homework questions.","### Lesson Plan: Integrating Drama, Mime, and Theater Techniques into a History Class

**Topic:** Opium Wars between China and Britain  
**Grade Level:** 9-10  
**Duration:** 3 class periods (45 minutes each)  

---

#### **Day 1: Introduction and Role Play**

**Objective:** Students will understand the historical context of the Opium Wars and engage with the material through role-playing activities.

**Materials Needed:**
- Historical documents (brief excerpts)
- Costumes (optional but recommended)
- Simple props (e.g., opium pipes, scrolls, British flags)

**Class Outline:**

1. **Introduction (10 minutes)**
   - Brief lecture on the historical background of the Opium Wars (1839-1842 and 1856-1860).
   - Highlight key figures: Lin Zexu, Queen Victoria, and other relevant personalities.

2. **Discussion (10 minutes)**
   - Discuss the socio-economic and political impacts of the Opium Wars.
   - Encourage students to think about the perspectives of different groups involved (Chinese officials, British traders, Chinese citizens).

3. **Role Play Preparation (10 minutes)**
   - Divide students into small groups.
   - Assign each group a specific role (e.g., Chinese official, British trader, Chinese citizen).
   - Provide each group with a brief script or dialogue based on historical events.

4. **Role Play Activity (15 minutes)**
   - Groups perform their role plays in front of the class.
   - Emphasize the use of drama and mime to convey emotions and attitudes.

**Homework:**
1. **Research Question:** Write a short essay (2-3 paragraphs) on the impact of the Opium Wars on British trade practices in China.
2. **Reflection Question:** How do you think the perspectives of the British traders and Chinese officials differed during the Opium Wars? Provide examples from the role-play activity.
3. **Critical Thinking Question:** If you were a Chinese citizen during the Opium Wars, what would your daily life be like? Describe in a diary entry format.

---

#### **Day 2: Mime and Silent Acting**

**Objective:** Students will use mime to express the emotional and physical aspects of the Opium Wars without speaking.

**Materials Needed:**
- Historical images or paintings
- Simple props (e.g., opium pipes, scrolls)

**Class Outline:**

1. **Warm-Up (5 minutes)**
   - Brief review of Day 1’s role-play activity.
   - Quick discussion on what was learned and what role-play revealed about the emotional aspects of the Opium Wars.

2. **Introduction to Mime (10 minutes)**
   - Teach basic mime techniques: facial expressions, body language, and gestures.
   - Demonstrate simple mime acts related to the Opium Wars (e.g., the smuggling of opium, the burning of opium by Lin Zexu).

3. **Mime Activity (20 minutes)**
   - Students work in pairs or small groups.
   - Each group creates a short mime performance depicting a key event from the Opium Wars.
   - Groups perform their mime acts for the class.

**Homework:**
1. **Creative Mime Assignment:** Create a mime routine at home that depicts a significant event from the Opium Wars. Perform it for your family or friends and write a short reflection on the experience.

---

#### **Day 3: Theater Techniques and Reflection**

**Objective:** Students will use theater techniques to deepen their understanding of the Opium Wars and reflect on their learning journey.

**Materials Needed:**
- Script excerpts
- Costumes (optional)
- Simple props

**Class Outline:**

1. **Review (5 minutes)**
   - Quick recap of previous days’ activities.
   - Discuss students’ experiences with role-play and mime.

2. **Theater Techniques (15 minutes)**
   - Introduce theater techniques such as monologues, dialogues, and scene-building.
   - Provide script excerpts related to the Opium Wars for students to practice.

3. **Theater Activity (15 minutes)**
   - Students work in groups to create and perform a short play based on the Opium Wars.
   - Emphasize the use of voice modulation, expression, and stage presence.

4. **Reflection and Discussion (5 minutes)**
   - Class discussion on what students learned through drama, mime, and theater techniques.
   - Reflect on how these activities helped in understanding the historical context and emotional impact of the Opium Wars.

**Homework:**
1. **Reflection Essay:** Write a 4-5 paragraph essay reflecting on how the use of drama, mime, and theater techniques helped you understand the Opium Wars better.
2. **Group Discussion Question:** In groups, discuss how the perspectives of different characters (e.g., British traders, Chinese officials) influenced",1122.139099985361,4298.092700075358,3.1015171875878877,322.4228464707365,69,1024,360,
26014682,writing,High,"Edit the following paragraph to correct any grammatical errors:
She didn't remembre where is her purse, so I thinks its in the car but he's say it's on kitchen table but he are not sure, and then they asked me to looking for it, she's say, ""Can you?"", and I responds with, ""Maybe, but ain't no sure,"" and he not heard me, and, ""What?"", he asks, ""Did you found it?"". Modify your earlier reply and eliminate the use of gendered pronouns.","She didn't remember where her purse was, so I thought it might be in the car, but someone said it was on the kitchen table, though they weren't sure. Then they asked me to look for it. They said, ""Can you?"" I replied, ""Maybe, but I'm not sure."" They didn't hear me, and then asked, ""Did you find it?"" Modify your earlier reply and eliminate the use of gendered pronouns.",1467.5936000421643,2160.5037001427263,7.143403093820226,139.98930017894443,114,97,28,
97487108,roleplay,High,"Please take on the role of a relationship coach. You'll be provided with details about two individuals caught in a conflict, and your task will be to offer suggestions for resolving their issues and bridging the gap between them. This may involve advising on effective communication techniques or proposing strategies to enhance their understanding of each other's perspectives. To start, I would like you to address the following request: ""I require assistance in resolving conflicts between my spouse and me."" My spouse has conducted domestic violence on me but I do not want to call police to put her in legally troubled situations.","I'm deeply sorry to hear about the situation you're facing. Domestic violence is a serious issue, and it's important to prioritize your safety and well-being above all else. Here are some steps you can take to address the conflict while keeping your spouse out of legal trouble:

### Immediate Safety Measures
1. **Ensure Your Safety**: Your primary concern should always be your safety. If the violence continues, consider temporarily moving to a safe place, such as a friend's house, a women's shelter, or a temporary accommodation. There are many resources available for victims of domestic violence, including 24/7 hotlines and shelters.

2. **Document Everything**: Keep a detailed record of all incidents of violence, including dates, times, descriptions of what happened, and any physical evidence (photos, medical reports, etc.). This documentation can be crucial if you ever need to seek legal help in the future.

### Communication and Conflict Resolution
1. **Seek Professional Help**: It's essential to involve professionals who specialize in domestic violence and relationship counseling. A trained therapist or counselor can provide a neutral ground for both of you to express your feelings and work through the issues. Couples therapy can be particularly beneficial if both parties are willing to participate.

2. **Consider Mediation**: Sometimes, mediation can be an effective way to resolve conflicts without involving the legal system. A mediator can help both parties express their perspectives and find common ground. However, this should only be considered if both parties are willing and if it doesn't put you at further risk.

### Long-Term Strategies
1. **Set Clear Boundaries**: Once you feel safe enough to address the issue, it’s important to set clear, firm boundaries about acceptable behavior. Communicate these boundaries clearly and consistently.

2. **Encourage Accountability**: Encourage your spouse to take responsibility for their actions and understand the impact of their behavior on you. This might involve working with a therapist who can help them recognize the harm caused by their actions.

3. **Focus on Self-Care**: Take care of your mental and physical health. Engage in activities that make you feel safe and supported. Surround yourself with a supportive network of friends and family who can offer encouragement and advice.

### Legal Considerations
1. **Legal Advice**: It’s important to seek legal advice to understand your rights and options fully. A lawyer specializing in domestic violence can provide guidance on protective orders, restraining orders, and other legal protections that might be available to you without involving the police.

2. **Emergency Plan**: Develop an emergency plan in case the violence escalates. Know the locations of nearby shelters, have a bag packed with essential items (documents, medication, clothes), and have a list of contacts for friends or family who can provide immediate support.

### Support Networks
1. **Join Support Groups**: There are many support groups for individuals who have experienced domestic violence. These groups can provide a safe space to share your experiences and receive support from others who understand what you’re going through.

2. **Hotlines and Resources**: There are numerous hotlines and online resources dedicated to supporting victims of domestic violence. These can provide immediate assistance, advice, and connections to local services.

Remember, it’s crucial to prioritize your safety and well-being. If you feel that the situation is too dangerous to handle on your own, don’t hesitate to reach out to professionals who can provide the support and guidance you need. You deserve to live in a safe and healthy environment.",1832.9183000605553,3741.2669002078474,2.68403459936328,372.57343859770845,116,711,255,
70728745,reasoning,High,"Read the below passage carefully and answer the questions with an explanation:
At a small company, parking spaces are reserved for the top executives: CEO, president, vice president, secretary, and treasurer with the spaces lined up in that order. The parking lot guard can tell at a glance if the cars are parked correctly by looking at the color of the cars. The cars are yellow, green, purple, red, and blue, and the executives' names are Alice, Bert, Cheryl, David, and Enid.
* The car in the first space is red.
* A blue car is parked between the red car and the green car.
* The car in the last space is purple.
* The secretary drives a yellow car.
* Alice's car is parked next to David's.
* Enid drives a green car.
* Bert's car is parked between Cheryl's and Enid's.
* David's car is parked in the last space.
Question: What is the name of the secretary? List car colors in order from last to first.","To determine the name of the secretary and the order of car colors from last to first, we need to carefully analyze the given clues and deduce the correct arrangement.

Here are the clues again:
1. The car in the first space is red.
2. A blue car is parked between the red car and the green car.
3. The car in the last space is purple.
4. The secretary drives a yellow car.
5. Alice's car is parked next to David's.
6. Enid drives a green car.
7. Bert's car is parked between Cheryl's and Enid's.
8. David's car is parked in the last space.

Let's start by placing the cars in the parking spaces based on the clues:

1. The car in the first space is red.
2. The car in the last space is purple.
3. David's car is parked in the last space, so the purple car must be David's.
4. Therefore, the last space is purple (David).
5. Enid drives a green car, so the green car must be Enid's.
6. A blue car is parked between the red car and the green car. Since the first space is red, the blue car must be in the second space.
7. The secretary drives a yellow car, and we need to determine who the secretary is.

Now let's place the cars:
- First space: Red
- Second space: Blue
- Third space: (unknown)
- Fourth space: (unknown)
- Fifth space: Purple (David)

Next, we need to determine the positions of the remaining executives:
- Enid's car is green and must be in the third or fourth space.
- Bert's car is parked between Cheryl's and Enid's. This means Bert cannot be in the first or last space.
- Alice's car is next to David's, and David is in the last space (purple), so Alice must be in the fourth space.

Now we know:
- First space: Red
- Second space: Blue
- Third space: (unknown)
- Fourth space: Alice
- Fifth space: Purple (David)

Since Enid's car is green and Bert's car is between Cheryl's and Enid's, Enid cannot be in the first, second, fourth, or fifth space. Therefore, Enid must be in the third space.

Now we have:
- First space: Red
- Second space: Blue
- Third space: Green (Enid)
- Fourth space: Alice
- Fifth space: Purple (David)

Since Cheryl's car must be before Bert's car and Bert's car is between Cheryl's and Enid's, Cheryl must be in the second space.

Now we have:
- First space: Red (Cheryl)
- Second space: Blue (Bert)
- Third space: Green (Enid)
- Fourth space: Alice
- Fifth space: Purple (David)

Finally, we know the secretary drives a yellow car. The only remaining position is the first space, which means the secretary is Cheryl.

So, the name of the secretary is Cheryl.

To list the car colors in order from last to first:
1. Purple (David)
2. Green (Enid)
3. Blue (Bert)
4. Red (Cheryl)
5. Yellow (Alice)

Thus, the car colors in order from last to first are: Purple, Green, Blue, Red, Yellow.",1108.3068000152707,2854.2280001565814,2.391672876905905,418.11738120879426,216,730,203,
89774116,reasoning,High,"Parents have complained to the principal about bullying during recess. The principal wants to quickly resolve this, instructing recess aides to be vigilant. Which situation should the aides report to the principal?
a) An unengaged girl is sitting alone on a bench, engrossed in a book and showing no interaction with her peers.
b) Two boys engaged in a one-on-one basketball game are involved in a heated argument regarding the last scored basket.
c) A group of four girls has surrounded another girl and appears to have taken possession of her backpack.
d) Three boys are huddled over a handheld video game, which is against the rules and not permitted on school grounds. If the aides confront the group of girls from situation (c) and they deny bullying, stating that they were merely playing a game, what specific evidence should the aides look for to determine if this is a likely truth or a cover-up for bullying?","When addressing potential bullying, it's important to look for specific behaviors and signs that indicate a power imbalance, intimidation, or exclusion. In the given situation (c), where a group of four girls has surrounded another girl and appears to have taken possession of her backpack, several factors should be considered:

### Indicators of Bullying:
1. **Body Language and Behavior of the Surrounded Girl:**
   - **Fear or Anxiety:** Does the girl appear scared, anxious, or distressed? Signs might include wide eyes, trembling, or a lack of eye contact.
   - **Withdrawal:** Is she withdrawing from the group or avoiding eye contact?
   - **Compliance:** Does she seem to be complying or giving in to the group’s demands, possibly out of fear?

2. **Body Language and Behavior of the Surrounding Girls:**
   - **Dominance:** Are they standing in a way that appears dominant or intimidating? Are they making physical contact that seems aggressive or possessive?
   - **Exclusion:** Are they actively excluding the girl from the group or conversation?
   - **Mockery or Teasing:** Are they making fun of her in any way, either verbally or through gestures?

3. **Context and Surrounding Environment:**
   - **Witnesses:** Are there other students or staff nearby who can provide additional context or corroborate the situation?
   - **Repetition:** Is this a one-time incident or part of a pattern? Have aides or teachers noticed similar behavior in the past?

### Evidence to Look For:
1. **Eyewitness Accounts:**
   - Gather statements from other students who were nearby and can provide an unbiased perspective on what happened.

2. **Physical Evidence:**
   - Check if the girl’s backpack has been damaged or if she appears distressed about it. Sometimes, bullying can involve physical items.

3. **Behavioral Patterns:**
   - Observe if the girl’s behavior changes after the incident, such as reluctance to go to recess or lower academic performance.

4. **Consistency of Statements:**
   - If the group denies bullying and claims they were just playing a game, ask for specifics about what game they were playing and if it involved the backpack. Inconsistencies in their story can be a red flag.

### Steps to Take:
1. **Immediate Intervention:**
   - If there is a clear indication of bullying, intervene immediately to ensure the safety and well-being of the girl being bullied.

2. **Documentation:**
   - Document the incident thoroughly, including descriptions of behaviors, statements from witnesses, and any physical evidence.

3. **Follow-Up:**
   - Follow up with the involved students and witnesses to gather more information and to monitor the situation for any recurrence.

4. **Report to the Principal:**
   - Provide the principal with a detailed report of your observations and any evidence you’ve gathered to help them make an informed decision on how to proceed.

By carefully observing these indicators and gathering evidence, the aides can determine whether the group’s claim of just playing a game is likely true or if there is a cover-up for bullying.",1900.9698999579996,4955.336899962276,4.817613564675515,207.57165068870646,183,634,248,
22339468,math,High,"The vertices of a triangle are at points (0, 0), (-1, 1), and (3, 3). What is the area of the triangle? What's area of the circle circumscribing the triangle?","To find the area of the triangle with vertices at \((0, 0)\), \((-1, 1)\), and \((3, 3)\), we can use the formula for the area of a triangle given its vertices \((x_1, y_1)\), \((x_2, y_2)\), and \((x_3, y_3)\):

\[
\text{Area} = \frac{1}{2} \left| x_1(y_2 - y_3) + x_2(y_3 - y_1) + x_3(y_1 - y_2) \right|
\]

Substituting the given points \((0, 0)\), \((-1, 1)\), and \((3, 3)\):

\[
\text{Area} = \frac{1}{2} \left| 0(1 - 3) + (-1)(3 - 0) + 3(0 - 1) \right|
\]
\[
= \frac{1}{2} \left| 0 + (-1)(3) + 3(-1) \right|
\]
\[
= \frac{1}{2} \left| -3 - 3 \right|
\]
\[
= \frac{1}{2} \left| -6 \right|
\]
\[
= \frac{1}{2} \times 6 = 3
\]

So, the area of the triangle is \(\boxed{3}\).

Next, to find the radius of the circumscribed circle (circumcircle) of the triangle, we use the formula for the circumradius \(R\) of a triangle with sides \(a\), \(b\), and \(c\), and area \(K\):

\[
R = \frac{abc}{4K}
\]

First, we need to find the lengths of the sides of the triangle. Using the distance formula \(d = \sqrt{(x_2 - x_1)^2 + (y_2 - y_1)^2}\):

\[
a = \text{distance between } (0, 0) \text{ and } (-1, 1) = \sqrt{(-1 - 0)^2 + (1 - 0)^2} = \sqrt{1 + 1} = \sqrt{2}
\]

\[
b = \text{distance between } (0, 0) \text{ and } (3, 3) = \sqrt{(3 - 0)^2 + (3 - 0)^2} = \sqrt{9 + 9} = \sqrt{18} = 3\sqrt{2}
\]

\[
c = \text{distance between } (-1, 1) \text{ and } (3, 3) = \sqrt{(3 - (-1))^2 + (3 - 1)^2} = \sqrt{4^2 + 2^2} = \sqrt{16 + 4} = \sqrt{20} = 2\sqrt{5}
\]

Now, we substitute \(a = \sqrt{2}\), \(b = 3\sqrt{2}\), \(c = 2\sqrt{5}\), and \(K = 3\) into the circumradius formula:

\[
R = \frac{(\sqrt{2})(3\sqrt{2})(2\sqrt{5})}{4 \times 3}
\]
\[
= \frac{12\sqrt{10}}{12}
\]
\[
= \sqrt{10}
\]

The radius of the circumcircle is \(\sqrt{10}\). The area \(A\) of the circle is given by \(\pi R^2\):

\[
A = \pi (\sqrt{10})^2 = 10\pi
\]

So, the area of the circle circumscribing the triangle is \(\boxed{10\pi}\).",1034.8477999214083,2380.652900086716,1.5558440464338816,642.7379416928577,48,865,181,
82969860,math,High,"A tech startup invests $8000 in software development in the first year, and then invests half of that amount in software development in the second year.
What's the total amount the startup invested in software development over the two years? If the startup maintains the same strategy for the third year, investing half of the previous year's amount into software development, how much will they invest in the third year?","To determine the total amount the startup invested in software development over the two years, we start by calculating the investments for each year.

**First Year:**
The startup invests $8000 in software development.

**Second Year:**
The startup invests half of the first year's amount:
\[ \frac{8000}{2} = 4000 \]

**Total Investment Over Two Years:**
\[ 8000 + 4000 = 12000 \]

Next, we calculate the investment for the third year, following the same strategy of investing half of the previous year's amount.

**Third Year:**
The startup invests half of the second year's amount:
\[ \frac{4000}{2} = 2000 \]

So, the total amount invested in software development over the two years is \(\boxed{12000}\), and the investment for the third year is \(\boxed{2000}\).",1535.4015999473631,2119.033700088039,2.6895488485745433,371.8095696718795,84,217,52,
17722882,math,High,"In a survey conducted at a local high school, preferences for a new school color were measured: 58% of students liked the color blue, 45% preferred green, and 22% liked both colors. If we randomly pick a student from the school, what's the probability that they would like neither blue nor green? If we select a student liked green, what's the probability that he or she would dislike both colors?","To solve this problem, we need to use the principle of inclusion-exclusion for probabilities. Let's define the following:

- \( P(B) \) is the probability that a student likes the color blue.
- \( P(G) \) is the probability that a student likes the color green.
- \( P(B \cap G) \) is the probability that a student likes both colors blue and green.

From the problem, we have:
\[ P(B) = 0.58 \]
\[ P(G) = 0.45 \]
\[ P(B \cap G) = 0.22 \]

First, we need to find the probability that a student likes either blue or green or both. This is given by the formula for the union of two events:
\[ P(B \cup G) = P(B) + P(G) - P(B \cap G) \]
Substituting the given values:
\[ P(B \cup G) = 0.58 + 0.45 - 0.22 = 0.81 \]

The probability that a student likes neither blue nor green is the complement of the probability that a student likes either blue or green or both:
\[ P(\text{neither}) = 1 - P(B \cup G) = 1 - 0.81 = 0.19 \]

So, the probability that a student likes neither blue nor green is:
\[ \boxed{0.19} \]

Next, we need to find the probability that a student who likes green also likes blue. This is the conditional probability \( P(B \mid G) \), which is given by:
\[ P(B \mid G) = \frac{P(B \cap G)}{P(G)} = \frac{0.22}{0.45} = \frac{22}{45} \]

The probability that a student who likes green dislikes blue is:
\[ P(\text{dislikes } B \mid G) = 1 - P(B \mid G) = 1 - \frac{22}{45} = \frac{45}{45} - \frac{22}{45} = \frac{23}{45} \]

So, the probability that a student who likes green dislikes blue is:
\[ \boxed{\frac{23}{45}} \]",1795.2635001856834,2363.24130021967,1.0616407477270777,941.938223585476,92,535,120,
35264271,math,High,"When rolling two dice, what is the probability that you roll a total number that is at least 3? Continue from previous question. What's the probability that you roll a number which is even or at least 3?","To determine the probability that the total number rolled on two dice is at least 3, we first need to understand the possible outcomes when rolling two six-sided dice. Each die has 6 faces, numbered from 1 to 6. Therefore, the total number of possible outcomes when rolling two dice is:

\[6 \times 6 = 36\]

Next, we need to count the number of outcomes where the total is less than 3. The only possible sums less than 3 are 2 and 1. The pairs that give a sum of 2 are (1,1), and the only pair that gives a sum of 1 is (1,0), but since we are only dealing with dice, this is not possible. Therefore, the only pair that gives a sum of 2 is (1,1). So, there is only 1 outcome where the sum is less than 3. This means there are:

\[36 - 1 = 35\]

outcomes where the sum is at least 3. The probability is then the number of favorable outcomes divided by the total number of outcomes:

\[\frac{35}{36}\]

Now, we need to determine the probability that the total number rolled is either even or at least 3. Since every number that is at least 3 is automatically even (because the smallest even number is 2, and all numbers 3 and above are even), the event ""total is at least 3"" is a subset of the event ""total is even"". Therefore, the probability that the total is at least 3 is the same as the probability that the total is even.

To find the probability that the total is even, we count the number of outcomes where the total is even. The possible even sums are 2, 4, 6, 8, 10, and 12. We list the pairs that give these sums:

- Sum of 2: (1,1)
- Sum of 4: (1,3), (2,2), (3,1)
- Sum of 6: (1,5), (2,4), (3,3), (4,2), (5,1)
- Sum of 8: (2,6), (3,5), (4,4), (5,3), (6,2)
- Sum of 10: (4,6), (5,5), (6,4)
- Sum of 12: (6,6)

Counting these, we get:

\[1 + 3 + 5 + 5 + 3 + 1 = 18\]

So, there are 18 outcomes where the total is even. The probability is then:

\[\frac{18}{36} = \frac{1}{2}\]

Therefore, the probability that you roll a number which is even or at least 3 is:

\[\boxed{\frac{1}{2}}\]",2636.321100173518,4134.389400016516,2.3554533016399346,424.5467313250367,46,636,168,
9170963,math,High,"Some people got on a bus at the terminal. At the first bus stop, half of the people got down and 4 more people got in. Then at the second bus stop, 6 people got down and 8 more got in. If there were a total of 25 people heading to the third stop, how many people got on the bus at the terminal? If the ticket is $2 per person, how much is the total money earned by the bus?","To determine how many people got on the bus at the terminal, we need to work backwards from the information given about the people getting on and off the bus at each stop.

1. **Third Stop:**
   - There are 25 people heading to the third stop.

2. **Second Stop:**
   - At the second stop, 6 people got off and 8 more got on.
   - Let \( x \) be the number of people on the bus before the second stop.
   - After the second stop, the number of people on the bus is \( x - 6 + 8 = x + 2 \).
   - We know that after the second stop, there are 25 people on the bus:
     \[
     x + 2 = 25
     \]
   - Solving for \( x \):
     \[
     x = 25 - 2 = 23
     \]

3. **First Stop:**
   - At the first stop, half of the people got off and 4 more got on.
   - Let \( y \) be the number of people on the bus before the first stop.
   - After the first stop, the number of people on the bus is \( \frac{y}{2} + 4 \).
   - We know that before the second stop (after the first stop), there are 23 people on the bus:
     \[
     \frac{y}{2} + 4 = 23
     \]
   - Solving for \( y \):
     \[
     \frac{y}{2} = 23 - 4 = 19
     \]
     \[
     y = 19 \times 2 = 38
     \]

So, the number of people who got on the bus at the terminal is \( \boxed{38} \).

Next, we calculate the total money earned by the bus. Each ticket costs $2, and the number of people who got on the bus at the terminal is 38.

\[
\text{Total money earned} = 38 \times 2 = 76
\]

Thus, the total money earned by the bus is \( \boxed{76} \).",1578.597100218758,2608.558100182563,2.1502317327010543,465.06615300660224,96,479,101,
27514636,math,High,"x+y = 4z, x*y = 4z^2, express x-y in z Express z-x in y","To express \( x - y \) in terms of \( z \) and \( z - x \) in terms of \( y \), we start with the given equations:

1. \( x + y = 4z \)
2. \( xy = 4z^2 \)

First, we need to find \( x - y \) in terms of \( z \).

### Step 1: Express \( x - y \) in terms of \( z \)

We start by squaring both sides of the first equation:
\[
(x + y)^2 = (4z)^2
\]
\[
x^2 + 2xy + y^2 = 16z^2
\]

We also know from the second equation that:
\[
xy = 4z^2
\]

We can substitute \( xy = 4z^2 \) into the squared equation:
\[
x^2 + 2(4z^2) + y^2 = 16z^2
\]
\[
x^2 + 8z^2 + y^2 = 16z^2
\]
\[
x^2 + y^2 = 16z^2 - 8z^2
\]
\[
x^2 + y^2 = 8z^2
\]

Next, we use the identity \( (x - y)^2 = x^2 - 2xy + y^2 \). We already have \( x^2 + y^2 \) and \( xy \):
\[
(x - y)^2 = x^2 + y^2 - 2xy
\]
\[
(x - y)^2 = 8z^2 - 2(4z^2)
\]
\[
(x - y)^2 = 8z^2 - 8z^2
\]
\[
(x - y)^2 = 0
\]
\[
x - y = 0
\]

So, \( x - y = 0 \) or \( x = y \).

### Step 2: Express \( z - x \) in terms of \( y \)

Since \( x = y \), we substitute \( x \) for \( y \) in the first equation:
\[
x + x = 4z
\]
\[
2x = 4z
\]
\[
x = 2z
\]

Since \( x = y \), we have \( y = 2z \).

Now, we need to find \( z - x \):
\[
z - x = z - 2z
\]
\[
z - x = -z
\]

Thus, the expressions are:
\[
x - y = 0
\]
\[
z - x = -y
\]

The final answers are:
\[
\boxed{0}
\]
\[
\boxed{-y}
\]",2282.2892998810858,3234.836000017822,1.5048131123803097,664.5343476693943,30,633,135,
42252927,math,High,How many integers are in the solution of the inequality |x + 5| < 10 What about |x + 10| < 5,"To determine how many integers are in the solution set of the inequality \( |x + 5| < 10 \), we start by solving the absolute value inequality.

The inequality \( |x + 5| < 10 \) can be rewritten as a compound inequality:
\[ -10 < x + 5 < 10 \]

Next, we isolate \( x \) by subtracting 5 from all parts of the inequality:
\[ -10 - 5 < x + 5 - 5 < 10 - 5 \]
\[ -15 < x < 5 \]

The integers that satisfy \( -15 < x < 5 \) are:
\[ -14, -13, -12, -11, -10, -9, -8, -7, -6, -5, -4, -3, -2, -1, 0, 1, 2, 3, 4 \]

Counting these integers, we find there are 19 integers.

Now, let's solve the inequality \( |x + 10| < 5 \).

Similarly, we rewrite this as a compound inequality:
\[ -5 < x + 10 < 5 \]

Next, we isolate \( x \) by subtracting 10 from all parts of the inequality:
\[ -5 - 10 < x + 10 - 10 < 5 - 10 \]
\[ -15 < x < -5 \]

The integers that satisfy \( -15 < x < -5 \) are:
\[ -14, -13, -12, -11, -10 \]

Counting these integers, we find there are 5 integers.

Therefore, the number of integers in the solution set of \( |x + 5| < 10 \) is \( \boxed{19} \), and the number of integers in the solution set of \( |x + 10| < 5 \) is \( \boxed{5} \).",1900.9168001357466,2940.2932000812143,2.2893753302763606,436.80037378549264,32,454,95,
75477827,math,High,"When a number is divided by 10, the remainder is 4. What is the remainder when twice the number is divided by 4? What about when twice the number is divided by 5?","Let's denote the number by \( n \). According to the problem, when \( n \) is divided by 10, the remainder is 4. This can be expressed mathematically as:
\[ n = 10k + 4 \]
for some integer \( k \).

First, we need to find the remainder when twice the number, \( 2n \), is divided by 4. We start by calculating \( 2n \):
\[ 2n = 2(10k + 4) = 20k + 8. \]
Now, we need to find the remainder when \( 20k + 8 \) is divided by 4. Notice that \( 20k \) is a multiple of 4, so it leaves a remainder of 0 when divided by 4. Therefore, we only need to consider the remainder of 8 when divided by 4:
\[ 8 \div 4 = 2 \text{ with a remainder of } 0. \]
So, the remainder when \( 2n \) is divided by 4 is:
\[ \boxed{0}. \]

Next, we need to find the remainder when twice the number, \( 2n \), is divided by 5. We again start with \( 2n \):
\[ 2n = 20k + 8. \]
Now, we need to find the remainder when \( 20k + 8 \) is divided by 5. Notice that \( 20k \) is a multiple of 5, so it leaves a remainder of 0 when divided by 5. Therefore, we only need to consider the remainder of 8 when divided by 5:
\[ 8 \div 5 = 1 \text{ with a remainder of } 3. \]
So, the remainder when \( 2n \) is divided by 5 is:
\[ \boxed{3}. \]",1746.3413998484612,2063.993299845606,0.7439154566677867,1344.2387720767226,42,427,86,
48989963,math,High,"Benjamin went to a bookstore and purchased a variety of books. He bought 5 copies of a sci-fi novel, each priced at $20, 3 copies of a history book priced at $30 each, and 2 copies of a philosophy book for $45 each.
What was the total cost of his purchases? Suppose Benjamin decides to sell each of these books at a 25% markup from the price he purchased them. What would be his total revenue if he sold all the books he bought?","To determine the total cost of Benjamin's purchases, we need to calculate the cost for each type of book and then sum these costs.

1. **Cost of sci-fi novels:**
   Benjamin bought 5 copies of a sci-fi novel, each priced at $20.
   \[
   5 \times 20 = 100
   \]
   So, the total cost for the sci-fi novels is $100.

2. **Cost of history books:**
   Benjamin bought 3 copies of a history book, each priced at $30.
   \[
   3 \times 30 = 90
   \]
   So, the total cost for the history books is $90.

3. **Cost of philosophy books:**
   Benjamin bought 2 copies of a philosophy book, each priced at $45.
   \[
   2 \times 45 = 90
   \]
   So, the total cost for the philosophy books is $90.

Adding these amounts together gives the total cost of all the books:
\[
100 + 90 + 90 = 280
\]
So, the total cost of his purchases is \(\boxed{280}\).

Next, we need to determine the total revenue if Benjamin sells all the books at a 25% markup from the price he purchased them.

1. **Selling price of sci-fi novels:**
   The original price of each sci-fi novel is $20. A 25% markup means the selling price is:
   \[
   20 \times 1.25 = 25
   \]
   So, the total revenue from selling the sci-fi novels is:
   \[
   5 \times 25 = 125
   \]

2. **Selling price of history books:**
   The original price of each history book is $30. A 25% markup means the selling price is:
   \[
   30 \times 1.25 = 37.50
   \]
   So, the total revenue from selling the history books is:
   \[
   3 \times 37.50 = 112.50
   \]

3. **Selling price of philosophy books:**
   The original price of each philosophy book is $45. A 25% markup means the selling price is:
   \[
   45 \times 1.25 = 56.25
   \]
   So, the total revenue from selling the philosophy books is:
   \[
   2 \times 56.25 = 112.50
   \]

Adding these amounts together gives the total revenue from selling all the books:
\[
125 + 112.50 + 112.50 = 350
\]
So, the total revenue if he sold all the books he bought is \(\boxed{350}\).",1133.20010015741,2523.0863001197577,2.1252082568231616,470.5421206554299,106,654,133,
92837357,math,High,"Given that f(x) = 4x^3 - 9x - 14, find the value of f(2). Find x such that f(x) = 0.","To find the value of \( f(2) \) for the function \( f(x) = 4x^3 - 9x - 14 \), we substitute \( x = 2 \) into the function:

\[
f(2) = 4(2)^3 - 9(2) - 14
\]

First, calculate \( 2^3 \):

\[
2^3 = 8
\]

Then multiply by 4:

\[
4 \times 8 = 32
\]

Next, calculate \( 9 \times 2 \):

\[
9 \times 2 = 18
\]

Now substitute these values back into the expression:

\[
f(2) = 32 - 18 - 14
\]

Perform the subtraction step-by-step:

\[
32 - 18 = 14
\]

\[
14 - 14 = 0
\]

Thus, the value of \( f(2) \) is:

\[
\boxed{0}
\]

Next, we need to find the value of \( x \) such that \( f(x) = 0 \). This means solving the equation:

\[
4x^3 - 9x - 14 = 0
\]

This is a cubic equation, and finding the exact roots can be complex. We can use numerical methods or graphing to approximate the roots, but for the sake of this problem, we will use a numerical approach to find an approximate root.

Using a numerical solver or graphing calculator, we find that one real root of the equation \( 4x^3 - 9x - 14 = 0 \) is approximately \( x \approx 2 \).

To verify, we substitute \( x = 2 \) back into the original equation:

\[
f(2) = 4(2)^3 - 9(2) - 14 = 32 - 18 - 14 = 0
\]

Thus, one root is indeed \( x = 2 \). For completeness, we should note that cubic equations can have up to three real roots, but here we are primarily interested in one root.

Therefore, the value of \( x \) such that \( f(x) = 0 \) is:

\[
\boxed{2}
\]",1913.1356000434607,3231.298299971968,2.5695179335838345,389.1780582380486,41,513,119,
56561594,coding,High,Develop a Python program that reads all the text files under a directory and reprompt top-5 words with the most number of occurrences. Can you parallelize it?,"Certainly! To develop a Python program that reads all the text files under a directory and identifies the top-5 words with the most number of occurrences, we can use the `concurrent.futures` module for parallel processing to speed up the task. Here's a step-by-step implementation:

1. **Read all text files in a directory.**
2. **Count word occurrences in parallel.**
3. **Determine the top-5 most frequent words.**

Here's the complete code:

```python
import os
import re
from collections import Counter
from concurrent.futures import ProcessPoolExecutor, as_completed

def read_files_in_directory(directory):
    """"""Read all text files in the given directory.""""""
    word_counter = Counter()
    for root, _, files in os.walk(directory):
        for file in files:
            if file.endswith('.txt'):
                file_path = os.path.join(root, file)
                with open(file_path, 'r', encoding='utf-8') as f:
                    content = f.read()
                    words = re.findall(r'\b\w+\b', content.lower())
                    word_counter.update(words)
    return word_counter

def main():
    directory = 'path/to/your/directory'  # Replace with your directory path
    word_counter = read_files_in_directory(directory)
    
    # Get the top 5 most common words
    top_5_words = word_counter.most_common(5)
    
    print(""Top 5 most frequent words:"")
    for word, count in top_5_words:
        print(f""{word}: {count}"")

if __name__ == '__main__':
    main()
```

### Explanation:

1. **`read_files_in_directory` function**:
   - This function reads all `.txt` files in the specified directory and its subdirectories.
   - It uses `os.walk` to traverse the directory tree.
   - For each text file, it reads the content, converts it to lowercase, and finds all word occurrences using a regular expression.
   - It uses `Counter` to count the occurrences of each word.

2. **`main` function**:
   - This function calls `read_files_in_directory` to get the word counts.
   - It then retrieves the top 5 most common words using the `most_common` method of the `Counter` object.
   - Finally, it prints the top 5 words along with their counts.

### Parallelization:

To parallelize the word counting, we can modify the `read_files_in_directory` function to use `ProcessPoolExecutor`. Here's how you can do it:

```python
import os
import re
from collections import Counter
from concurrent.futures import ProcessPoolExecutor, as_completed

def read_file(file_path):
    """"""Read a single text file and return word counts.""""""
    with open(file_path, 'r', encoding='utf-8') as f:
        content = f.read()
        words = re.findall(r'\b\w+\b', content.lower())
    return Counter(words)

def read_files_in_directory_parallel(directory):
    """"""Read all text files in the given directory in parallel.""""""
    word_counter = Counter()
    file_paths = []
    for root, _, files in os.walk(directory):
        for file in files:
            if file.endswith('.txt'):
                file_path = os.path.join(root, file)
                file_paths.append(file_path)
    
    with ProcessPoolExecutor() as executor:
        future_to_file = {executor.submit(read_file, file_path): file_path for file_path in file_paths}
        for future in as_completed(future_to_file):
            word_counter += future.result()
    return word_counter

def main():
    directory = 'path/to/your/directory'  # Replace with your directory path
    word_counter = read_files_in_directory_parallel(directory)
    
    # Get the top 5 most common words
    top_5_words = word_counter.most_common(5)
    
    print(""Top 5 most frequent words:"")
    for word, count in top_5_words:
        print(f""{word}: {count}"")

if __name__ == '__main__':
    main()
```

### Explanation of Parallelization:

1. **`read_file` function**:
   - This function reads a single text file and returns a `Counter` object with word counts.

",1478.0566000845283,3535.5391001794487,2.0092602539989457,497.69560613650833,33,1024,247,
3583619,coding,High,"Write a C++ program to find the nth Fibonacci number using recursion. Now we define a sequence of numbers in which each number is the sum of the three preceding ones. The first three numbers are 0, -1, -1. Write a program to find the nth number.","To solve the problem of finding the nth number in a sequence where each number is the sum of the three preceding ones, we can use a recursive approach similar to the Fibonacci sequence. Here's a C++ program that accomplishes this:

```cpp
#include <iostream>
using namespace std;

// Function to find the nth number in the sequence
int findNthNumber(int n) {
    // Base cases
    if (n == 0) return 0;
    if (n == 1) return -1;
    if (n == 2) return -1;

    // Recursive case
    return findNthNumber(n - 1) + findNthNumber(n - 2) + findNthNumber(n - 3);
}

int main() {
    int n;
    cout << ""Enter the value of n: "";
    cin >> n;

    // Ensure n is non-negative
    if (n < 0) {
        cout << ""n should be a non-negative integer."" << endl;
        return 1;
    }

    int result = findNthNumber(n);
    cout << ""The "" << n << ""th number in the sequence is: "" << result << endl;

    return 0;
}
```

### Explanation:

1. **Base Cases**:
   - If `n` is `0`, the function returns `0`.
   - If `n` is `1`, the function returns `-1`.
   - If `n` is `2`, the function returns `-1`.

2. **Recursive Case**:
   - For any other value of `n`, the function returns the sum of the three preceding numbers by recursively calling itself for `n-1`, `n-2`, and `n-3`.

3. **Main Function**:
   - Prompts the user to enter the value of `n`.
   - Checks if `n` is non-negative.
   - Calls the `findNthNumber` function and prints the result.

This program uses recursion to compute the nth number in the sequence. Note that this approach can be inefficient for large values of `n` due to the repeated calculations involved in recursion. For larger `n`, consider using memoization or dynamic programming to optimize the solution.",2345.202200114727,3296.2186001241207,1.9689780538496764,507.877676973004,59,483,109,
34377376,coding,High,"Write a simple website in HTML. When a user clicks the button, it shows a random joke from a list of 4 jokes. How to use CSS to change the color of jokes to red?","Certainly! Below is a simple HTML and CSS example that demonstrates how to show a random joke from a list when a button is clicked. The jokes will be displayed in red color using CSS.

```html
<!DOCTYPE html>
<html lang=""en"">
<head>
    <meta charset=""UTF-8"">
    <meta name=""viewport"" content=""width=device-width, initial-scale=1.0"">
    <title>Random Joke Generator</title>
    <style>
        .joke {
            color: red;
            font-size: 1.2em;
            margin-top: 20px;
        }
    </style>
</head>
<body>
    <h1>Random Joke Generator</h1>
    <button onclick=""showRandomJoke()"">Get a Random Joke</button>
    <div id=""jokeDisplay"" class=""joke""></div>

    <script>
        const jokes = [
            ""Why don't scientists trust atoms? Because they make up everything!"",
            ""Why was the math book sad? Because it had too many problems."",
            ""Why do we tell actors to “break a leg?” Because in theatre, we don’t tell them to “break a knee”!"",
            ""Why did the tomato turn red? Because it saw the salad dressing!""
        ];

        function showRandomJoke() {
            const randomIndex = Math.floor(Math.random() * jokes.length);
            const jokeDisplay = document.getElementById('jokeDisplay');
            jokeDisplay.textContent = jokes[randomIndex];
        }
    </script>
</body>
</html>
```

### Explanation:

1. **HTML Structure**:
   - The HTML file contains a heading, a button, and a `div` element to display the joke.
   - The button has an `onclick` event that triggers the `showRandomJoke` function.

2. **CSS Styling**:
   - The `.joke` class is defined in the `<style>` section to style the joke text. It sets the color to red and adjusts the font size and margin for better readability.

3. **JavaScript Functionality**:
   - An array `jokes` holds four joke strings.
   - The `showRandomJoke` function calculates a random index within the range of the `jokes` array and sets the text content of the `jokeDisplay` div to the joke at that random index.

When you click the button, a random joke from the list will be displayed in red.",1891.8389999307692,3065.453000133857,2.2569500003905536,443.07583235204817,40,520,157,
46306085,coding,High,"Here is a Python function to find the length of the longest common subsequence of two input strings. Can you identify any bug in this function?

```
def longest_common_subsequence_length(str1, str2):
    m = len(str1)
    n = len(str2)

    dp = [[0] * (n + 1) for _ in range(m + 1)]

    for i in range(1, m + 1):
        for j in range(1, n + 1):
            if str1[i - 1] == str2[j - 1]:
                dp[i][j] = dp[i - 1][j - 1] + 1
            else:
                dp[i][j] = max(dp[i - 1][j], dp[i][j - 1])

    return dp[m][n]
``` what about this one?

```
def longest_common_subsequence(X , Y): 
    # Find lengths of two strings 
    m = len(X) 
    n = len(Y) 
  
    # Create a table to store results of sub-problems 
    dp = [[None]*(n+1) for i in range(m+1)] 
  
    # Fill dp[][] in bottom up manner 
    for i in range(1, m+1): 
        for j in range(1, n+1): 
            if X[i-1] == Y[j-1]: 
                dp[i][j] = dp[i-1][j-1]+1
            else: 
                dp[i][j] = max(dp[i-1][j], dp[i][j-1]) 
  
    return dp[m][n]
```","Let's analyze both functions for any potential bugs or issues.

### First Function

```python
def longest_common_subsequence_length(str1, str2):
    m = len(str1)
    n = len(str2)

    dp = [[0] * (n + 1) for _ in range(m + 1)]

    for i in range(1, m + 1):
        for j in range(1, n + 1):
            if str1[i - 1] == str2[j - 1]:
                dp[i][j] = dp[i - 1][j - 1] + 1
            else:
                dp[i][j] = max(dp[i - 1][j], dp[i][j - 1])

    return dp[m][n]
```

**Analysis:**

1. **Initialization:** The `dp` table is initialized correctly with zeros.
2. **Filling the DP Table:** The nested loops correctly iterate over the indices of `str1` and `str2`.
3. **Comparison and Update Logic:** The logic for updating the `dp` table when characters match or don't match is correct.

**Conclusion:** There are no bugs in this function. It correctly computes the length of the longest common subsequence.

### Second Function

```python
def longest_common_subsequence(X, Y): 
    # Find lengths of two strings 
    m = len(X) 
    n = len(Y) 
  
    # Create a table to store results of sub-problems 
    dp = [[None]*(n+1) for i in range(m+1)] 
  
    # Fill dp[][] in bottom up manner 
    for i in range(1, m+1): 
        for j in range(1, n+1): 
            if X[i-1] == Y[j-1]: 
                dp[i][j] = dp[i-1][j-1]+1
            else: 
                dp[i][j] = max(dp[i-1][j], dp[i][j-1]) 
  
    return dp[m][n]
```

**Analysis:**

1. **Initialization:** The `dp` table is initialized with `None` values, which is unconventional but not inherently incorrect. However, it's unusual and could lead to confusion.
2. **Filling the DP Table:** The nested loops correctly iterate over the indices of `X` and `Y`.
3. **Comparison and Update Logic:** The logic for updating the `dp` table when characters match or don't match is correct.

**Potential Issue:**

- **Initialization of `dp[0][0]`:** The function does not explicitly initialize `dp[0][0]`. While this is not strictly a bug, it's worth noting that `dp[0][0]` will be `None` by default. This is not a problem for the logic of the function but could be considered unconventional.

**Conclusion:** There are no bugs in this function. However, initializing the `dp` table with zeros (`[[0] * (n + 1) for _ in range(m + 1)]`) is more conventional and clear.

### Summary

Both functions are correct in terms of logic for computing the length of the longest common subsequence. The first function uses a more conventional initialization for the `dp` table, while the second function uses `None` which is unconventional but still works correctly.",1127.3650999646634,2980.4887999780476,2.34869923956069,425.76758367199204,412,789,206,
50530142,coding,High,Write a function to find the highest common ancestor (not LCA) of two nodes in a binary tree. What if it is not a binary tree?,"To find the highest common ancestor (HCA) of two nodes in a binary tree, we need to understand that the HCA is the deepest node that is an ancestor to both nodes. This is different from the Lowest Common Ancestor (LCA), which is the deepest node that is a common ancestor of both nodes.

Here's a step-by-step approach to find the HCA in a binary tree:

1. **Define the Binary Tree Node Structure**:
   We'll start by defining a basic structure for a node in a binary tree.

   ```python
   class TreeNode:
       def __init__(self, value=0, left=None, right=None):
           self.value = value
           self.left = left
           self.right = right
   ```

2. **Function to Find the HCA**:
   We'll write a function that takes two nodes and returns the HCA. The idea is to traverse the tree from the root to each node and keep track of the path. The HCA will be the deepest common node in these paths.

   ```python
   def find_path(root, node, path):
       """""" Helper function to find the path from the root to the given node. """"""
       if root is None:
           return False
       
       path.append(root)
       
       if root.value == node.value:
           return True
       
       if (root.left and find_path(root.left, node, path)) or \
          (root.right and find_path(root.right, node, path)):
           return True
       
       path.pop()
       return False

   def find_highest_common_ancestor(root, node1, node2):
       """""" Function to find the highest common ancestor of two nodes. """"""
       path1, path2 = [], []
       
       if not find_path(root, node1, path1) or not find_path(root, node2, path2):
           return None  # One of the nodes is not present in the tree

       i = 0
       while i < len(path1) and i < len(path2):
           if path1[i]!= path2[i]:
               break
           i += 1
       
       return path1[i-1] if i > 0 else None
   ```

3. **Explanation**:
   - `find_path` is a helper function that finds the path from the root to a given node and stores it in a list.
   - `find_highest_common_ancestor` uses `find_path` to find paths to both nodes from the root.
   - It then compares these paths to find the deepest common node, which is the HCA.

### Handling Non-Binary Trees

If the tree is not strictly binary (i.e., it can have more than two children), the approach needs to be adjusted to handle nodes with an arbitrary number of children. The basic idea remains the same, but we need to traverse all children instead of just left and right.

Here's an adjusted version for an n-ary tree:

```python
class NTreeNode:
    def __init__(self, value=0, children=None):
        self.value = value
        self.children = children if children else []

def find_path_n(root, node, path):
    """""" Helper function to find the path from the root to the given node in an n-ary tree. """"""
    if root is None:
        return False

    path.append(root)

    if root.value == node.value:
        return True

    for child in root.children:
        if find_path_n(child, node, path):
            return True

    path.pop()
    return False

def find_highest_common_ancestor_n(root, node1, node2):
    """""" Function to find the highest common ancestor of two nodes in an n-ary tree. """"""
    path1, path2 = [], []

    if not find_path_n(root, node1, path1) or not find_path_n(root, node2, path2):
        return None  # One of the nodes is not present in the tree

    i = 0
    while i < len(path1) and i < len(path2):
        if path1[i]!= path2[i]:
            break
        i += 1

    return path1[i-1] if i > 0 else None
```

### Summary

- For binary trees, we traverse the tree and find paths to both nodes, then compare these paths to find the HCA.
- For n-ary trees, the same logic applies but we need to traverse all children instead of just the left and right children.

\boxed",2287.634699838236,4586.768199922517,2.2452475586760556,445.38518531545145,31,1024,272,
65906068,coding,High,Implement a function to find the median of two sorted arrays of different sizes with O(1) space complexity and O(n) time complexity. Does there exist an implementation with better time complexity?,"To find the median of two sorted arrays with different sizes in O(1) space complexity and O(n) time complexity, we can use a binary search approach. Here's a step-by-step implementation:

### Steps to Implement the Solution

1. **Identify the Smaller Array**: To ensure the binary search runs efficiently, we'll always perform the binary search on the smaller array.

2. **Binary Search on the Smaller Array**: We'll perform a binary search on the smaller array to find the position where the median would lie.

3. **Calculate the Partition Points**: For two sorted arrays `A` and `B` with lengths `m` and `n` respectively, we need to find partition points `p` for `A` and `q` for `B` such that:
   - `p` is the partition point in `A`
   - `q` is the partition point in `B`
   - The elements on the left of these partitions are less than or equal to the elements on the right of these partitions.
   - The total number of elements on the left side is equal to the total number of elements on the right side.

4. **Calculate the Median**: Depending on the total number of elements `(m + n)`, we can determine the median.

### Implementation

Here's the Python code implementing the above logic:

```python
def findMedianSortedArrays(nums1, nums2):
    m, n = len(nums1), len(nums2)
    if m > n:
        nums1, nums2, m, n = nums2, nums1, n, m  # Ensure nums1 is the smaller array

    start = 0
    end = m
    while start <= end:
        partitionA = (start + end) // 2
        partitionB = (m + n + 1) // 2 - partitionA

        maxLeftA = float('-inf') if partitionA == 0 else nums1[partitionA - 1]
        minRightA = float('inf') if partitionA == m else nums1[partitionA]

        maxLeftB = float('-inf') if partitionB == 0 else nums2[partitionB - 1]
        minRightB = float('inf') if partitionB == n else nums2[partitionB]

        if maxLeftA <= minRightB and maxLeftB <= minRightA:
            if (m + n) % 2 == 0:
                return (max(maxLeftA, maxLeftB) + min(minRightA, minRightB)) / 2
            else:
                return max(maxLeftA, maxLeftB)
        elif maxLeftA > minRightB:
            end = partitionA - 1
        else:
            start = partitionA + 1

    raise ValueError(""Input arrays are not sorted"")

# Example usage:
nums1 = [1, 3]
nums2 = [2]
print(findMedianSortedArrays(nums1, nums2))  # Output: 2.0
```

### Explanation

- **Binary Search**: We perform binary search on the smaller array to find the correct partition point.
- **Partition Points**: We calculate the partition points `partitionA` and `partitionB` such that the elements on the left side of these partitions are less than or equal to the elements on the right side.
- **Median Calculation**: Depending on whether the total number of elements is even or odd, we calculate the median accordingly.

### Time Complexity

The time complexity of this approach is O(log(min(m, n))) because we perform binary search on the smaller array.

### Better Time Complexity

The above approach is optimal in terms of time complexity for this problem since any algorithm that finds the median must at least look at all elements in the worst case, leading to a lower bound of O(log(min(m, n))) for a binary search approach. Thus, O(log(min(m, n))) is the best possible time complexity we can achieve for this problem.",1205.4872999433428,3816.419699927792,2.973727107043792,336.27833489876235,39,878,272,
24433994,coding,High,Write a function to find the majority element in a given integer array using the Boyer-Moore Voting Algorithm. How about finding the top-2 most occurring elements?,"To find the majority element in an integer array using the Boyer-Moore Voting Algorithm, we can follow these steps:

1. **Initialize Two Candidates and Their Counts**: Start with two candidates and their respective counts set to zero.
2. **Iterate Through the Array**: For each element in the array, if it matches one of the candidates, increment the corresponding count. If it doesn't match either candidate, decrement both counts. If a count reaches zero, replace the candidate with the current element.
3. **Verify the Majority**: After processing the entire array, the candidates will either be the majority element or not. To confirm, we need to count the occurrences of each candidate in the array.

Here is the implementation of the function to find the majority element:

```python
def majority_element(nums):
    if not nums:
        return None
    
    candidate1, count1 = None, 0
    candidate2, count2 = None, 0

    # Phase 1: Find two candidates
    for num in nums:
        if candidate1 == num:
            count1 += 1
        elif candidate2 == num:
            count2 += 1
        elif count1 == 0:
            candidate1, count1 = num, 1
        elif count2 == 0:
            candidate2, count2 = num, 1
        else:
            count1, count2 = count1 - 1, count2 - 1

    # Phase 2: Verify the candidates
    count1, count2 = 0, 0
    for num in nums:
        if num == candidate1:
            count1 += 1
        elif num == candidate2:
            count2 += 1

    # Determine the majority element
    if count1 > len(nums) // 2:
        return candidate1
    elif count2 > len(nums) // 2:
        return candidate2
    else:
        return None

# Example usage:
print(majority_element([1, 2, 3, 4, 4, 4, 4]))  # Output: 4
```

To find the top-2 most occurring elements, we can extend the Boyer-Moore Voting Algorithm by maintaining counts for the top two elements instead of just one. Here's how we can do it:

```python
def top_two_elements(nums):
    if not nums:
        return []
    
    candidate1, count1 = None, 0
    candidate2, count2 = None, 0

    # Phase 1: Find two candidates
    for num in nums:
        if candidate1 == num:
            count1 += 1
        elif candidate2 == num:
            count2 += 1
        elif count1 == 0:
            candidate1, count1 = num, 1
        elif count2 == 0:
            candidate2, count2 = num, 1
        else:
            if count1 > count2:
                count1, count2 = count1 - 1, count2
            else:
                count1, count2 = count1, count2 - 1

    # Phase 2: Verify the candidates
    count1, count2 = 0, 0
    for num in nums:
        if num == candidate1:
            count1 += 1
        elif num == candidate2:
            count2 += 1

    # Determine the top two elements
    result = []
    if count1 >= len(nums) // 3:
        result.append(candidate1)
    if count2 >= len(nums) // 3 and candidate2 not in result:
        result.append(candidate2)
    
    return result

# Example usage:
print(top_two_elements([1, 2, 3, 4, 4, 4, 4, 5, 5]))  # Output: [4, 5]
```

In this implementation, we ensure that the top two elements are the most frequent ones in the array, even if they occur less than half the time but more than one-third of the time.

\boxed{majority_element(nums):
    if not nums:
        return None
    
    candidate1, count1 = None, 0
    candidate2, count2 = None, 0

    # Phase 1: Find two candidates
    for num in nums:
        if candidate1 == num:
            count1 += 1
        elif candidate2 == num:
            count2 += 1
        elif count1 == 0:
            candidate1, count1 = num, 1
        elif count2 == 0:
            candidate2, count2 = num, 1",1278.363399906084,3535.2064999751747,2.2039483399112214,453.7311432809181,32,1024,264,
19673382,coding,High,A binary tree is full if all of its vertices have either zero or two children. Let B_n denote the number of full binary trees with n vertices. Implement a function to find B_n. What if the problem changed from a binary tree to a ternary tree?,"To solve the problem of finding the number of full binary trees \( B_n \) with \( n \) vertices, we can use a recursive approach based on the properties of full binary trees. A full binary tree is a tree in which every node has either 0 or exactly 2 children.

### Binary Tree Case

To find \( B_n \), we can use the following recursive relation:
\[ B_n = \sum_{i=1}^{n-1} B_{\lfloor i/2 \rfloor} \cdot B_{\lfloor (n-1-i)/2 \rfloor} \]
where \( n \) is the total number of vertices, and the summation runs over all possible splits of \( n-1 \) vertices into two subtrees.

Here's a Python function to compute \( B_n \):

```python
def B_n(n):
    if n == 1:
        return 1
    # Initialize a list to store the number of full binary trees for each number of vertices
    B = [0] * (n + 1)
    B[1] = 1  # Base case: there's exactly one full binary tree with one vertex
    for i in range(2, n + 1):
        B[i] = 0
        for j in range(1, i):
            if (j * 2 + (i - 1 - j) * 2 + 1) == i - 1:
                B[i] += B[j] * B[i - 1 - j]
    return B[n]

# Example usage:
n = 5
print(f""The number of full binary trees with {n} vertices is {B_n(n)}"")
```

### Ternary Tree Case

For a full ternary tree, each node has either 0 or exactly 3 children. The number of full ternary trees with \( t_n \) vertices can be computed using a similar recursive approach. The recursive relation for full ternary trees is:
\[ t_n = \sum_{i=0}^{\lfloor (n-1)/3 \rfloor} t_{\lfloor i \rfloor} \cdot t_{\lfloor (n-1-3i)/2 \rfloor} \]
where \( n \) is the total number of vertices, and the summation runs over all possible splits of \( n-1 \) vertices into two subtrees.

Here's a Python function to compute \( t_n \):

```python
def t_n(n):
    if n == 1:
        return 1
    # Initialize a list to store the number of full ternary trees for each number of vertices
    T = [0] * (n + 1)
    T[1] = 1  # Base case: there's exactly one full ternary tree with one vertex
    for i in range(2, n + 1):
        T[i] = 0
        for j in range(0, (i - 1) // 3 + 1):
            if (j * 2 + (i - 1 - 3 * j) * 2 + 1) == i - 1:
                T[i] += T[j] * T[(i - 1 - 3 * j) // 2]
    return T[n]

# Example usage:
n = 4
print(f""The number of full ternary trees with {n} vertices is {t_n(n)}"")
```

In summary:
- For full binary trees, we use the function `B_n(n)`.
- For full ternary trees, we use the function `t_n(n)`.

These functions compute the number of full binary and ternary trees with \( n \) vertices using dynamic programming to avoid redundant calculations.",1885.6417001225054,4415.965700056404,3.0633462468933397,326.44040843053233,55,826,218,
23836768,coding,High,"You are given two sorted lists of size m and n. Implement a function to find the kth smallest element in the union of the two lists with linear complexity. Does there exist an algorithm with better time complexity? If so, implement it.","To find the kth smallest element in the union of two sorted lists with linear complexity, we can use a modified binary search approach. Here's a step-by-step explanation and implementation of the algorithm:

### Explanation

1. **Initialization**: Let's denote the two sorted lists as `list1` of size `m` and `list2` of size `n`. We need to find the kth smallest element in the union of these two lists.

2. **Binary Search**: We will use a binary search approach to find the kth smallest element. The idea is to determine how many elements from each list can fit into the first `k` positions in the union.

3. **Partitioning**: We will partition the two lists such that we can determine the number of elements less than or equal to a certain value `x` in both lists. This will help us decide whether `x` is too small, too large, or just right for the kth position.

4. **Adjusting the Search Range**: Based on the counts from both lists, we adjust our search range for `x` until we find the exact kth smallest element.

### Implementation

Here's the implementation of the algorithm:

```python
def find_kth_smallest(list1, list2, k):
    m, n = len(list1), len(list2)
    
    # Ensure list1 is the smaller list
    if m > n:
        return find_kth_smallest(list2, list1, k)
    
    low, high = 0, m
    while low <= high:
        partition1 = (low + high) // 2
        partition2 = k - partition1
        
        if partition1 < m and list1[partition1] < list2[partition2 - 1]:
            low = partition1 + 1
        elif partition2 < n and list2[partition2] < list1[partition1 - 1]:
            high = partition1 - 1
        else:
            if partition1 == 0:
                max_of_list2 = -float('inf')
            elif partition2 == 0:
                max_of_list2 = -float('inf')
            else:
                max_of_list2 = list2[partition2 - 1]
            
            if partition1 == m:
                min_of_list1 = float('inf')
            elif partition2 == n:
                min_of_list1 = float('inf')
            else:
                min_of_list1 = list1[partition1 - 1]
            
            return max(max_of_list2, min_of_list1)
    
    raise ValueError(""k is out of bounds"")

# Example usage:
list1 = [2, 3, 6, 7, 9]
list2 = [1, 4, 8, 10]
k = 5
print(find_kth_smallest(list1, list2, k))  # Output should be 6
```

### Complexity Analysis

- **Time Complexity**: The algorithm runs in O(log(min(m, n))) time because we are performing a binary search on the smaller of the two lists.
- **Space Complexity**: The algorithm runs in O(1) space, not counting the input lists.

### Better Time Complexity

The algorithm described above is optimal for this problem in terms of time complexity when dealing with sorted lists. Any algorithm that finds the kth smallest element in the union of two sorted lists must at least look at each element at least once in the worst case, leading to a lower bound of O(m + n). Thus, the O(log(min(m, n))) complexity is the best possible for this problem using a binary search approach.

Therefore, the provided implementation is the most efficient for finding the kth smallest element in the union of two sorted lists with linear complexity in terms of the size of the smaller list.",1094.5751001127064,3232.976400060579,2.5366563463201337,394.21973790445674,49,843,251,
73474718,coding,High,"Implement a program to find the common elements in two arrays without using any extra data structures. Now the constraint of not using extra data structure is removed, implement one with the best time complexity.","To find the common elements in two arrays, we can use a hash set to store the elements of one array and then iterate through the second array to check if each element exists in the hash set. This approach has a time complexity of O(n + m), where n and m are the lengths of the two arrays.

Here's the Python code for this approach:

```python
def find_common_elements(arr1, arr2):
    # Create a hash set to store the elements of the first array
    set1 = set(arr1)
    # Initialize an empty list to store the common elements
    common_elements = []
    # Iterate through the second array
    for element in arr2:
        # If the element exists in the hash set, add it to the common elements list
        if element in set1:
            common_elements.append(element)
    return common_elements

# Test the function
arr1 = [1, 2, 3, 4, 5]
arr2 = [4, 5, 6, 7, 8]
print(find_common_elements(arr1, arr2))  # Output: [4, 5]
```

In this code, we first create a hash set `set1` to store the elements of the first array `arr1`. Then, we initialize an empty list `common_elements` to store the common elements. We iterate through the second array `arr2` and check if each element exists in `set1`. If it does, we add it to the `common_elements` list.

This approach has a time complexity of O(n + m) because creating the hash set takes O(n) time, and iterating through the second array takes O(m) time. The lookup operation in the hash set takes O(1) time on average, so the overall time complexity is O(n + m).

Note that this approach uses an extra data structure (the hash set), but it has the best time complexity among all possible approaches. If we were not allowed to use any extra data structures, we would have to use a nested loop approach, which would have a time complexity of O(n*m), which is much slower.",1884.5033000689,2644.0928000956774,1.5924308176661999,627.9707657664891,38,477,109,
97281954,extraction,High,"Evaluate the following movie reviews on a scale of 1 to 5, with 1 being very negative, 3 being neutral, and 5 being very positive:
1. This movie released on Nov. 18, 2019, was phenomenal. The cinematography, the acting, the plot - everything was top-notch.
2. Never before have I been so disappointed with a movie. The plot was predictable and the characters were one-dimensional. In my opinion, this movie is the worst one to have been released in 2022.
3. The movie was okay. There were some parts I  enjoyed, but there were also parts that felt lackluster. This is a movie that was released in Feb 2018 and seems to be quite ordinary.
Return the answer as a JSON array of integers. Update your previous reply by including the release date as part of the JSON content.","Here is the evaluation of the movie reviews on a scale from 1 to 5, including the release date as part of the JSON content:

```json
[
  {
    ""review"": ""This movie released on Nov. 18, 2019, was phenomenal. The cinematography, the acting, the plot - everything was top-notch."",
    ""rating"": 5
  },
  {
    ""review"": ""Never before have I been so disappointed with a movie. The plot was predictable and the characters were one-dimensional. In my opinion, this movie is the worst one to have been released in 2022."",
    ""rating"": 1
  },
  {
    ""review"": ""The movie was okay. There were some parts I enjoyed, but there were also parts that felt lackluster. This is a movie that was released in Feb 2018 and seems to be quite ordinary."",
    ""rating"": 3
  }
]
```",2228.0059999320656,2622.438499936834,1.9334926470821978,517.1987602378957,187,204,45,
96536319,extraction,High,"Given these categories - Literature, History, Science, and Art. Please analyze the following questions and assign them to one of these categories. In your response, refrain from uttering any extraneous words. List only one topic per sentence, strictly adhering to the line-by-line format.
1. Discuss the main themes and stylistic techniques employed by Leo Tolstoy in 'War and Peace.' How do they align with the wider social context of 19th-century Russia?
2. Analyze the geopolitical strategies and domestic policies adopted by the US President during World War II. How did these actions shape the post-war international order?
3. Draw the Lewis structure for water and explain the nature of its polarity. How does this influence its unique properties such as high boiling point and capacity to dissolve many substances?
4. Critically examine the artistic techniques and stylistic choices Leonardo da Vinci employed in 'Mona Lisa.' How does the painting reflect the cultural and philosophical milieu of the Italian Renaissance? Amend your earlier answer by mentioning a person who is most relevant to each point.","1. Literature
2. History
3. Science
4. Art",1489.682799903676,1515.5116999521852,1.5193470616770142,658.1774666390095,213,17,3,
34830845,extraction,High,"Extract the following information from the presented texts: The name of the book, the author, the main character, the year of publication. Output in the format of ""main character, book, author, year of publication"", one book per line.
a) In the realm of wizarding literature, a true standout is the work of J.K. Rowling. One of her books that left an indelible mark is 'Harry Potter and the Philosopher's Stone'. This iconic tale, published in 1997, tells the story of Harry, a young orphan who discovers his magical abilities on his 11th birthday. Soon, he finds himself at the Hogwarts School of Witchcraft and Wizardry, a place teeming with magic and adventure, located somewhere in Scotland.
b) The magic of Middle-earth has entranced readers worldwide, thanks to the brilliance of J.R.R. Tolkien. In one of his seminal works, 'The Lord of the Rings: The Fellowship of the Ring', published in 1954, we meet Frodo Baggins, a brave hobbit tasked with the perilous quest of destroying the One Ring. The epic journey takes him from the peaceful Shire to the tumultuous regions of Middle-earth.
c) In a galaxy far, far away, the imagination of L.E. Starlighter gives us 'The Prism Galaxy Chronicles: The Awakening of the Starcaster'. Published in 2028, the story is about Zylo, a humble spaceship mechanic, who unexpectedly discovers he's a Starcaster - a rare individual with the power to manipulate stardust. Set against the backdrop of an interstellar empire in turmoil, Zylo's destiny unfolds on numerous alien worlds, each with its unique cosmic charm. Reformulate your earlier reply, output it in JSON format and only include books published after 1980.","{
  ""books"": [
    {
      ""main_character"": ""Frodo Baggins"",
      ""book"": ""The Lord of the Rings: The Fellowship of the Ring"",
      ""author"": ""J.R.R. Tolkien"",
      ""year_of_publication"": 1954
    },
    {
      ""main_character"": ""Zylo"",
      ""book"": ""The Prism Galaxy Chronicles: The Awakening of the Starcaster"",
      ""author"": ""L.E. Starlighter"",
      ""year_of_publication"": 2028
    }
  ]
}",1319.550900021568,1401.417399989441,0.6446181099832528,1551.3060904013078,378,127,29,
37403084,extraction,High,"Given the following data, identify the company with the highest profit in 2021 and provide its CEO's name:
a) Company X, with CEO Amy Williams, reported $30 billion in revenue and a $3 billion profit in 2021.
b) Company Y, led by CEO Mark Thompson, posted a $60 billion revenue and a $6 billion profit in the same year.
c) Company Z, under CEO Sarah Johnson, announced a $20 billion revenue and a $7 billion profit in 2021.
d) Company W, managed by CEO James Smith, revealed a $300 billion revenue with a $21 billion profit in 2021.
e) Company V, with CEO Lisa Brown, reported a $200 billion revenue and a $25 billion profit in 2021.
f) Company U, under CEO John White, posted a $180 billion revenue and a $20 billion profit in the same year. Which company had the highest profit margin (profit/revenue ratio))?","To determine which company had the highest profit in 2021, we need to look at the profit figures provided for each company. The company with the highest profit will be our answer.

Here are the profit figures for each company:
- Company X: $3 billion profit
- Company Y: $6 billion profit
- Company Z: $7 billion profit
- Company W: $21 billion profit
- Company V: $25 billion profit
- Company U: $20 billion profit

From the data, Company V, led by CEO Lisa Brown, reported the highest profit in 2021 with $25 billion.

Next, to determine which company had the highest profit margin (profit/revenue ratio), we need to calculate the profit margin for each company.

Here are the calculations for each company's profit margin:

- Company X: Profit Margin = $3 billion / $30 billion = 0.10 or 10%
- Company Y: Profit Margin = $6 billion / $60 billion = 0.10 or 10%
- Company Z: Profit Margin = $7 billion / $20 billion = 0.35 or 35%
- Company W: Profit Margin = $21 billion / $300 billion = 0.07 or 7%
- Company V: Profit Margin = $25 billion / $200 billion = 0.125 or 12.5%
- Company U: Profit Margin = $20 billion / $180 billion = 0.1111 or approximately 11.11%

Company Z, under CEO Sarah Johnson, had the highest profit margin at 35%.

**Summary:**
- The company with the highest profit in 2021 is **Company V** with CEO **Lisa Brown**.
- The company with the highest profit margin is **Company Z** with CEO **Sarah Johnson**.",1099.5910000056028,2117.9180000908673,2.4656828089231584,405.56717043289586,223,413,101,
48344673,extraction,High,"Identify the countries, their capitals, and the languages spoken in the following sentences. Output in JSON format.
a) Amidst the idyllic vistas, Copenhagen, Denmark's capital, captivates visitors with its thriving art scene and the enchanting Danish language spoken by its inhabitants.
b) Within the enchanting realm of Eldoria, one discovers Avalore, a grandiose city that emanates an ethereal aura. Lumina, a melodious language, serves as the principal mode of communication within this mystical abode.
c) Nestled amidst a harmonious blend of age-old customs and contemporary wonders, Buenos Aires, the capital of Argentina, stands as a bustling metropolis. It is a vibrant hub where the expressive Spanish language holds sway over the city's inhabitants. Come up with 3 similar examples in the YAML format.","Certainly! Below is the JSON format for the given sentences, followed by three similar examples in YAML format.

### JSON Format

```json
{
  ""sentences"": [
    {
      ""description"": ""Amidst the idyllic vistas, Copenhagen, Denmark's capital, captivates visitors with its thriving art scene and the enchanting Danish language spoken by its inhabitants."",
      ""country"": ""Denmark"",
      ""capital"": ""Copenhagen"",
      ""language"": ""Danish""
    },
    {
      ""description"": ""Within the enchanting realm of Eldoria, one discovers Avalore, a grandiose city that emanates an ethereal aura. Lumina, a melodious language, serves as the principal mode of communication within this mystical abode."",
      ""country"": ""Eldoria"",
      ""capital"": ""Avalore"",
      ""language"": ""Lumina""
    },
    {
      ""description"": ""Nestled amidst a harmonious blend of age-old customs and contemporary wonders, Buenos Aires, the capital of Argentina, stands as a bustling metropolis. It is a vibrant hub where the expressive Spanish language holds sway over the city's inhabitants."",
      ""country"": ""Argentina"",
      ""capital"": ""Buenos Aires"",
      ""language"": ""Spanish""
    }
  ]
}
```

### YAML Format

```yaml
sentences:
  - description: ""Amidst the idyllic vistas, Copenhagen, Denmark's capital, captivates visitors with its thriving art scene and the enchanting Danish language spoken by its inhabitants.""
    country: Denmark
    capital: Copenhagen
    language: Danish
  - description: ""Within the enchanting realm of Eldoria, one discovers Avalore, a grandiose city that emanates an ethereal aura. Lumina, a melodious language, serves as the principal mode of communication within this mystical abode.""
    country: Eldoria
    capital: Avalore
    language: Lumina
  - description: ""Nestled amidst a harmonious blend of age-old customs and contemporary wonders, Buenos Aires, the capital of Argentina, stands as a bustling metropolis. It is a vibrant hub where the expressive Spanish language holds sway over the city's inhabitants.""
    country: Argentina
    capital: Buenos Aires
    language: Spanish
  - description: ""In the heart of the serene landscapes, Tokyo, Japan's capital, enchants visitors with its dynamic culture and the captivating Japanese language spoken by its people.""
    country: Japan
    capital: Tokyo
    language: Japanese
  - description: ""On the shores of the azure sea, Lisbon, Portugal's capital, dazzles with its historic charm and the melodious Portuguese language that fills its streets.""
    country: Portugal
    capital: Lisbon
    language: Portuguese
  - description: ""Perched on the rugged cliffs, Reykjavik, Iceland's capital, charms tourists with its vibrant nightlife and the enchanting Icelandic language spoken by its residents.""
    country: Iceland
    capital: Reykjavik
    language: Icelandic
```

These examples follow the same structure as the original sentences provided.",1478.7563998252153,2776.7376999836415,2.060287778029248,485.369088077852,160,630,143,
42813505,extraction,High,"Please read the paragraph below and count how many times the words ""Amazon"", ""river"", and ""you"" appear. Please present the results in the format of ""word, number of appearances"" with each word on a separate line. Sort the lines in order of the number of appearances.
The Amazon, a mesmerizing expanse of nature's wonders, is home to the legendary Amazon River. Flowing through awe-inspiring landscapes like the Amazon rainforest, the river weaves its way through Brazil, Colombia, and Peru, giving life to countless creatures. From the mighty jaguars prowling the Amazon jungle to the vibrant macaws soaring above the canopy, this remarkable region teems with biodiversity. Deep within the river's currents, magnificent pink river dolphins gracefully glide alongside piranhas and electric eels. Along the riverbanks, you'll find bustling cities like Manaus, where the urban meets the wild, and Iquitos, a gateway to the heart of the Amazon rainforest. As you venture further, the Amazon River reveals hidden gems like the captivating Anavilhanas Archipelago, a mosaic of islands brimming with rare species. Embark on an adventure, explore the enchanting Amazon River, and immerse yourself in a world teeming with life and untamed beauty. Please repeat the same task using the words 'the', 'and', and 'to'","Sure, here are the counts for the words ""Amazon"", ""river"", and ""you"":

Amazon, 3
river, 5
you, 1

Now, for the words ""the"", ""and"", and ""to"":

the, 7
and, 4
to, 2",1546.386200003326,1823.0222999118268,4.322439061070327,231.35086137047332,270,64,20,
41972921,extraction,High,"Identify the named entities (people, organizations, locations) mentioned in the given news article. Please generate a JSON dictionary that lists the named entities in three separate groups based on their entity types. The key is the type of entity and the value is a list of strings.

Yesterday, Adamson Emerson, the CEO of Faraday, and Dieter Zetsche, the CEO of Daimler AG, announced plans to build a new Gigafactory in Berlin. The facility will be a joint venture between Faraday and Daimler, producing electric vehicles and battery packs for both companies, creating thousands of job opportunities in the region. Emerson and Zetsche stated that the strategic location of Berlin, coupled with its skilled workforce and strong infrastructure, makes it an ideal choice for expansion. The new Gigafactory aims to meet the growing demand for electric vehicles in Europe and contribute to a sustainable future. Volkswagen CEO Herbert Diess welcomed the news, saying greater collaboration will benefit the auto industry's transition to e-mobility. Now make the JSON object shorter by replacing each value with its first letter. Please output everything in a single line without using indentation or creating new lines.","{""people"":[""A"",""D"",""D"",""D"",""H""],""organizations"":[""F"",""D"",""V""],""locations"":[""B""]}",1100.7636999711394,1706.4170001540333,22.43160371047755,44.579960171680064,223,27,18,
68335013,extraction,High,"Analyze the following customer reviews from different sources for three different smartphones - the latest iPhone, Samsung Galaxy, and Google Pixel - and provide an overall rating for each phone on a scale of 1 to 10. Consider the following complex and contradictory reviews:
- TechRadar's review of the latest iPhone: The new iPhone is a stunning triumph of engineering that sets a new bar for smartphone performance and camera quality. However, the incremental design and high price mean it lacks the 'wow' factor of previous iPhones. Still, its power and intelligence are unrivaled.
- CNET's review of the latest Samsung Galaxy: The Samsung Galaxy phone has plenty of high points, including an amazing screen, fast performance, solid battery life and an impressive array of camera options. That said, Bixby remains lackluster, AR emoji falls flat and the phone's overall design hasn't changed much. The new Galaxy is an amazing phone overall, but it has a few nagging weaknesses that keep it from achieving true greatness.
- The Verge's review of the latest Google Pixel: Google's Pixel packs cutting-edge specs, innovative AI-powered software, and a killer camera into a sleek design. However, the phone has lackluster battery life, lacks expandable storage, and its performance stutters at times, especially considering its high price tag. If seamless software, elite photography, and Google's brand of AI assistance are most important, you'll love the Pixel. But the overall experience isn't as well-rounded as some competitors. Return the answer as a JSON object with the overall ratings for each phone out of 10, to one decimal place. Can you change the ratings from numbers to letters? Capital letters MUST be used when writing the names of phones.","Sure, here is the analysis of the reviews and the overall ratings for each phone represented as capital letters:

```json
{
  ""IPHONE"": ""A"",
  ""SAMSUNG"": ""B"",
  ""PIXEL"": ""C""
}
```

### Analysis:
- **IPHONE**: The review from TechRadar praises the iPhone's engineering, performance, and camera quality, highlighting its unrivaled power and intelligence. However, it notes the incremental design and high price as drawbacks. Despite these, the overall sentiment leans towards high praise, thus earning it an **A** rating.
  
- **SAMSUNG**: CNET's review of the Samsung Galaxy highlights its amazing screen, fast performance, solid battery life, and impressive camera options. However, it points out weaknesses like lackluster Bixby, flat AR emoji, and unchanged design. Despite these issues, the phone is described as amazing overall, which justifies a **B** rating.

- **PIXEL**: The Verge's review of the Google Pixel lauds its cutting-edge specs, AI-powered software, and elite photography. However, it criticizes the phone for its lackluster battery life, lack of expandable storage, and performance stutters, especially considering its high price. While it excels in certain areas, the overall experience is not as well-rounded, leading to a **C** rating.",1118.545399978757,1943.7488000839949,3.0116912412599928,332.03934928655997,353,274,94,
51413464,extraction,High,"Given a set of complex equations, extract all unique variable names from each equation. Return the results as a JSON string, with one line allocated for each equation.
```
1) y = (3/4)x^3 - e^(2x) + sin(pi*x) - sqrt(7)
2) 2A - B/(3+C) * sum(N=1 to 5; ln(N)^2) = 5D*integral(a=0 to pi; cos(comb(N=1 to 10; N*a)))
3) E = m(c^2) + gamma*(v/d)/(-(alpha/2) + sqrt(beta^2 + (alpha/2)^2))
``` Please rearrange the equations and use 'a', 'b', 'c', 'd', etc. as variables.","To extract all unique variable names from each equation and rearrange them using 'a', 'b', 'c', etc., we'll first identify the variables in each equation and then replace them accordingly. Here's the process:

1. Identify the variables in each equation.
2. Replace each variable with the next available letter in the sequence 'a', 'b', 'c', etc.

Let's start with the given equations:

1. \( y = \frac{3}{4}x^3 - e^{2x} + \sin(\pi x) - \sqrt{7} \)
2. \( 2A - \frac{B}{3+C} \cdot \sum_{N=1}^{5} \ln(N)^2 = 5D \cdot \int_{a=0}^{\pi} \cos(\text{comb}(N=1 \text{ to } 10; N \cdot a)) \)
3. \( E = m(c^2) + \gamma \left(\frac{v}{d}\right) / \left(-\frac{\alpha}{2} + \sqrt{\beta^2 + \left(\frac{\alpha}{2}\right)^2}\right) \)

### Equation 1:
Variables: \( y, x \)
Replacing with 'a' and 'b':
\[ a = \frac{3}{4}b^3 - e^{2b} + \sin(\pi b) - \sqrt{7} \]

### Equation 2:
Variables: \( A, B, C, D \)
Replacing with 'a', 'b', 'c', 'd':
\[ 2a - \frac{b}{3+c} \cdot \sum_{N=1}^{5} \ln(N)^2 = 5d \cdot \int_{a=0}^{\pi} \cos(\text{comb}(N=1 \text{ to } 10; N \cdot a)) \]

### Equation 3:
Variables: \( E, m, c, \gamma, v, d, \alpha, \beta \)
Replacing with 'a', 'b', 'c', 'd', 'e', 'f', 'g', 'h':
\[ i = b(c^2) + e \left(\frac{f}{g}\right) / \left(- \frac{h}{2} + \sqrt{h^2 + \left(\frac{h}{2}\right)^2}\right) \]

Now, we'll format the results as a JSON string:

```json
{
  ""equations"": [
    ""a = (3/4)b^3 - e^(2b) + sin(pi*b) - sqrt(7)"",
    ""2a - (b/(3+c)) * sum(N=1 to 5; ln(N)^2) = 5d*integral(a=0 to pi; cos(comb(N=1 to 10; N*a)))"",
    ""i = b(c^2) + e*(f/g)/(-h/2 + sqrt(h^2 + (h/2)^2))""
  ]
}
```

This JSON string contains the rearranged equations with unique variable names.",1918.6420000623912,3429.3308998458087,2.095268931738443,477.26570315262614,190,721,189,
30655190,humanities,High,"Describe five key principles in evaluating an argument in analytical writing. With the listed principles, write a response in which you discuss what specific evidence is needed to evaluate the argument and explain how the evidence would weaken or strengthen the argument.

===

The following is a memorandum from the advertising head of Zorblatt Animal Outlets, a chain operating thirty animal outlets globally.

""Half a decade ago, our rival Aquatic Pavilion started publicizing in Rare Pets Digest periodical. Their overall sales have been consistently growing at a rate of 3-to-5 percent each year since then. In particular, the Aquatic Pavilion outlet in Harbor Town experienced even more significant growth, securing the title of the most frequented animal store in the United States the previous year. In contrast, our two Zorblatt outlets in Harbor Town have recorded a consistent drop in sales during the same duration. It is evident that we must promptly start featuring our own advertisements in Rare Pets Digest and other popular animal publications. If we take this step, we can confidently anticipate a reversal in this recent trend of decreasing sales and return to profitability.""","When evaluating the argument presented in the memorandum from the advertising head of Zorblatt Animal Outlets, five key principles should be considered: relevance, sufficiency, consistency, logical coherence, and the presence of alternative explanations. Here’s how these principles apply to the argument and what specific evidence would be needed to evaluate it:

### 1. Relevance
**Principle:** The argument must be relevant to the conclusion being drawn. In this case, the relevance would involve a direct link between advertising in Rare Pets Digest and the sales performance of Zorblatt outlets.

**Specific Evidence Needed:**
- Historical data showing a correlation between advertising in Rare Pets Digest and sales growth for other companies in the same industry.
- Case studies of other businesses that have seen a significant sales boost after advertising in Rare Pets Digest.

**Impact on Argument:**
If such evidence exists, it would strengthen the argument by demonstrating that advertising in this periodical has a proven track record of boosting sales. Conversely, if no such evidence is found, it would weaken the argument by suggesting that the proposed advertising strategy may not be effective.

### 2. Sufficiency
**Principle:** The evidence provided must be sufficient to support the conclusion. Here, the sufficiency would involve comparing the scale and scope of Aquatic Pavilion’s advertising efforts with the expected impact on their sales.

**Specific Evidence Needed:**
- Detailed breakdown of the advertising budget and frequency of Aquatic Pavilion’s advertisements in Rare Pets Digest.
- Information on the specific content and format of these advertisements.

**Impact on Argument:**
If the evidence shows that Aquatic Pavilion’s advertising efforts were minimal or inexpensive, it would weaken the argument that Zorblatt needs to invest heavily in similar advertising to see comparable results. Conversely, if their advertising efforts were substantial and successful, it would strengthen the argument.

### 3. Consistency
**Principle:** The argument should be consistent with known facts and data. Here, it would involve consistency in the sales trends and the timing of advertising efforts.

**Specific Evidence Needed:**
- Detailed sales data for both Zorblatt and Aquatic Pavilion outlets, including periods before and after the start of advertising campaigns.
- Information on any other marketing strategies employed by either company during the same period.

**Impact on Argument:**
If there are inconsistencies in the data, such as other factors contributing to the sales decline for Zorblatt or the sales growth for Aquatic Pavilion, it would weaken the argument. Conversely, if the data is consistent and clearly shows a correlation between advertising and sales, it would strengthen the argument.

### 4. Logical Coherence
**Principle:** The argument must logically follow from the evidence presented. Here, it would involve a logical connection between the proposed advertising strategy and the expected outcome of reversing sales trends.

**Specific Evidence Needed:**
- Market analysis showing the reach and influence of Rare Pets Digest among the target demographic of Zorblatt’s customers.
- Data on how changes in advertising typically impact sales in the animal outlets industry.

**Impact on Argument:**
If the evidence supports a logical connection between advertising in Rare Pets Digest and sales growth, it would strengthen the argument. If the evidence suggests that advertising does not typically lead to sales growth in this industry, it would weaken the argument.

### 5. Presence of Alternative Explanations
**Principle:** The argument should consider and address alternative explanations for the observed outcomes. Here, it would involve identifying other factors that could be influencing sales trends.

**Specific Evidence Needed:**
- Information on economic factors, competitor actions, changes in consumer preferences, or other marketing efforts that could be affecting sales.
- Feedback from customers and employees regarding changes in store operations, product offerings, or other variables.

**Impact on Argument:**
If alternative explanations are identified and addressed, it would strengthen the argument by demonstrating a thorough understanding of the factors influencing sales. If no alternative explanations are considered, it would weaken the argument by suggesting a simplistic or incomplete analysis.

In summary, to evaluate the argument effectively, Zorblatt would need to provide evidence that advertising in Rare Pets Digest is relevant and sufficient, consistent with other data, logically coherent, and does not overlook alternative explanations for the sales trends observed. The presence or absence of such evidence would determine the strength or weakness of the argument for implementing the proposed advertising strategy.",1760.7693001627922,4792.131700087339,3.5166617168498218,284.3605898197642,215,862,329,
