prompt_id,category,complexity,prompt,response,ttft_ms,e2e_latency_ms,avg_itl_ms,tps,input_tokens,output_tokens,chunk_count,error
44067482,writing,Low,"Compose an engaging travel blog post about a recent trip to Hawaii, highlighting cultural experiences and must-see attractions. Rewrite your previous response. Start every sentence with the letter A.","Absolutely, here's an engaging travel blog post about a recent trip to Hawaii, highlighting cultural experiences and must-see attractions:

Aloha to all travel enthusiasts! A recent trip to Hawaii was an unforgettable adventure filled with stunning landscapes, rich culture, and unique experiences. A paradise that offers more than just beautiful beaches, Hawaii is a treasure trove of history, traditions, and natural wonders.

A visit to the historic town of Hilo was an absolute delight. A lush, green landscape, Hilo is home to the Hawaii Tropical Botanical Garden, where A vibrant array of native plants can be admired. A must-see attraction here is the Akaka Falls State Park, where A stunning waterfall cascades down a lush, tropical hillside.

Aloha to the spirit of Hawaiian culture! A journey to the Big Island’s ancient petroglyph sites was an awe-inspiring experience. A collection of ancient stone carvings, these petroglyphs provide a glimpse into the lives and beliefs of early Hawaiian inhabitants. A visit to Pu'uhonua o Honaunau National Historical Park was equally fascinating, showcasing A sacred place of refuge and a well-preserved Hawaiian village.

Aloha to the culinary delights of Hawaii! A food tour in Honolulu was an absolute feast for the senses. A chance to sample traditional Hawaiian dishes like poke, laulau, and haupia was a culinary adventure. A visit to the local farmers' markets offered a chance to taste fresh, locally-sourced produce and artisanal goods.

Aloha to the natural wonders of the islands! A hike through the Waimea Canyon State Park was an unforgettable experience. A breathtaking canyon with vibrant colors and diverse ecosystems, it’s often referred to as the “Grand Canyon of the Pacific.” A sunset at the Na Pali Coast was equally spectacular, with A dramatic coastline that changes colors as the sun sets.

Aloha to the vibrant culture of Hawaii! A luau experience was an authentic celebration of Hawaiian traditions. A feast accompanied by hula performances and traditional music provided a memorable evening. A visit to the Polynesian Cultural Center was equally enlightening, showcasing the rich cultures of Polynesia, Micronesia, and Melanesia.

Aloha to the end of an incredible journey! A trip to Hawaii is more than just a vacation; it’s a journey into the heart of a unique and beautiful culture. A blend of natural beauty, rich history, and warm hospitality makes Hawaii a destination worth exploring again and again.",852.2689999081194,3220.0460999738425,4.783388080940854,209.05684069089955,37,495,263,
46091167,stem,Low,"In the field of quantum physics, what is superposition, and how does it relate to the phenomenon of quantum entanglement? What assumptions have you made in your response? Are they valid?","In quantum physics, **superposition** is a fundamental principle that describes how quantum particles can exist in multiple states or configurations simultaneously until they are measured. When a quantum system is in superposition, it means that it is not in a definite state but rather in a combination of all possible states, each with a certain probability. For example, a quantum bit (qubit) in superposition could be both 0 and 1 at the same time, rather than being definitively either 0 or 1.

**Quantum entanglement** is a phenomenon where pairs or groups of particles become interconnected in such a way that the quantum state of one particle cannot be described independently of the state of the other(s), even when the particles are separated by large distances. When particles are entangled, the measurement of one particle instantaneously influences the state of the other, no matter how far apart they are.

**Relationship between superposition and entanglement:**

1. **Superposition** allows for the possibility of complex states where particles can exist in multiple states at once.
2. **Entanglement** occurs when the quantum states of particles become linked, such that the state of one particle is dependent on the state of another, regardless of the distance separating them.

Entanglement can be understood within the framework of superposition because entangled particles are in a superposition of joint states. For example, if two particles are entangled, measuring the state of one particle will collapse its superposition and immediately determine the state of the other particle, which was also in a superposition relative to the first.

**Assumptions made in the response:**

1. **Assumption of Quantum Mechanics Framework**: The explanation assumes a foundational understanding of quantum mechanics, including concepts like wave functions, probability amplitudes, and measurement collapse.
2. **Assumption of Classical Communication**: It assumes that classical communication (information transfer) is slower than the speed of light, which is necessary to discuss the non-local nature of entanglement without violating relativity.
3. **Assumption of Accurate Measurement**: The explanation assumes that measurements can accurately determine the state of a quantum system without additional assumptions about measurement devices and their precision.

**Validity of Assumptions:**

1. **Quantum Mechanics Framework**: This is a valid assumption because the question pertains to quantum physics, and a basic understanding of quantum mechanics is necessary to discuss superposition and entanglement.
2. **Classical Communication**: This is valid within the context of current physics, as relativity and quantum mechanics are well-established theories that do not allow for faster-than-light communication.
3. **Measurement Accuracy**: While in practice, measurement devices have limitations, the assumption of accurate measurement is valid for the theoretical discussion of superposition and entanglement. In real-world applications, quantum decoherence and other factors affect measurement precision.

These assumptions are widely accepted within the scientific community and are fundamental to the theoretical underpinnings of quantum physics.",652.0489000249654,2573.423499939963,3.3531842930453712,298.22399027516536,36,573,211,
57239570,stem,Low,What is the central dogma of molecular biology? What processes are involved? Who named this? Identify and fix one incorrect fact in your previous response.,"The central dogma of molecular biology describes the process by which the genetic information in DNA is transcribed into RNA and then translated into proteins, which are the functional molecules that carry out most life processes. The central dogma can be summarized in three main processes:

1. **DNA Replication**: The duplication of DNA before cell division.
2. **Transcription**: The synthesis of RNA from a DNA template.
3. **Translation**: The synthesis of proteins from an RNA template.

These processes convert the genetic information stored in DNA into functional proteins.

The term ""central dogma"" was coined by **Francis Crick** in 1958. Crick was one of the co-discoverers of the structure of the DNA molecule along with James Watson.

**Incorrect Fact Fix:**
An incorrect fact that sometimes appears in discussions about the central dogma is that it strictly follows a one-way flow from DNA to RNA to protein, without exception. While the central dogma describes the typical flow of genetic information, it is important to note that there are exceptions, such as reverse transcription, where RNA is converted back into DNA by the enzyme reverse transcriptase, as seen in retroviruses like HIV.",754.3314001522958,1525.7437999825925,3.254904640634163,307.2286627128858,29,237,88,
65106343,stem,Low,"Please explain the differences between exothermic and endothermic reactions, and include the criteria you used to distinguish between them. Additionally, please provide a real-world example to illustrate your explanation. Can a process involve both reactions? List one.","Certainly! Let's delve into the differences between exothermic and endothermic reactions, the criteria used to distinguish them, and provide a real-world example. We'll also explore whether a process can involve both types of reactions.

### Exothermic Reactions
**Definition:** Exothermic reactions are chemical reactions that release energy in the form of heat to their surroundings. 

**Criteria:**
- **Energy Release:** The system loses energy to the surroundings.
- **Temperature Increase:** The temperature of the surroundings increases.
- **Thermochemical Equation:** Typically, the enthalpy change (\( \Delta H \)) is negative (\( \Delta H < 0 \)).

**Example:** Combustion of methane (\( CH_4 \)) in oxygen (\( O_2 \)) to produce carbon dioxide (\( CO_2 \)) and water (\( H_2O \)).
\[ CH_4 (g) + 2 O_2 (g) \rightarrow CO_2 (g) + 2 H_2O (l) + \text{heat} \]

### Endothermic Reactions
**Definition:** Endothermic reactions are chemical reactions that absorb energy from their surroundings.

**Criteria:**
- **Energy Absorption:** The system gains energy from the surroundings.
- **Temperature Decrease:** The temperature of the surroundings decreases.
- **Thermochemical Equation:** Typically, the enthalpy change (\( \Delta H \)) is positive (\( \Delta H > 0 \)).

**Example:** The reaction of calcium oxide (\( CaO \)) with water (\( H_2O \)) to form calcium hydroxide (\( Ca(OH)_2 \)).
\[ CaO (s) + H_2O (l) \rightarrow Ca(OH)_2 (aq) + \text{heat} \]

### Can a Process Involve Both Reactions?
Yes, a process can involve both exothermic and endothermic reactions. Such processes are often found in complex chemical systems or cycles where energy is both released and absorbed at different stages.

**Example:** The **Sabatier process** for the production of methane from carbon dioxide and hydrogen:
1. **Endothermic Step:** Carbon dioxide and hydrogen react to form methane and water.
\[ CO_2 (g) + 4 H_2 (g) \rightarrow CH_4 (g) + 2 H_2O (g) + \text{heat} \] 
(Here, energy is absorbed, making it endothermic.)

2. **Exothermic Step:** The produced methane can combust exothermically.
\[ CH_4 (g) + 2 O_2 (g) \rightarrow CO_2 (g) + 2 H_2O (l) + \text{heat} \]
(Here, energy is released, making it exothermic.)

### Summary
- **Exothermic Reactions:** Release energy to surroundings, \( \Delta H < 0 \).
- **Endothermic Reactions:** Absorb energy from surroundings, \( \Delta H > 0 \).
- **Real-World Example:** Combustion of methane is exothermic, while the reaction of calcium oxide with water is endothermic.
- **Combined Process Example:** The Sabatier process involves an endothermic step followed by an exothermic step.

Understanding these distinctions helps in various fields, including chemical engineering, environmental science, and energy production.",1700.5344000644982,3559.7145999781787,2.675079424336231,373.82067646388873,47,695,208,
25568812,stem,Low,How have the Alps and Rhine River influenced settlement and agriculture in Western Europe? List three impacts. How could you design a concrete but simple experiment to validate the first impact?,"The Alps and Rhine River have significantly influenced settlement and agriculture in Western Europe in various ways. Here are three notable impacts:

1. **Natural Barriers and Defense**: The Alps have historically served as a natural barrier, protecting settlements from invasions and providing a defensive advantage. This has led to the development of fortified towns and cities along the foothills and valleys, where the terrain is more accessible.

2. **Trade Routes and Economic Development**: The Rhine River has been a crucial waterway for trade and transportation. Its navigability has facilitated the movement of goods, leading to the economic growth of cities along its banks, such as Basel, Strasbourg, and Cologne. This has fostered a vibrant trade network that has been essential for the economic prosperity of the region.

3. **Agricultural Productivity and Settlement Patterns**: The fertile valleys of the Alps and the plains along the Rhine River have provided rich soils ideal for agriculture. This has encouraged the establishment of settlements and farming communities in these areas, leading to a dense population and diverse agricultural practices.

### Designing a Simple Experiment to Validate the First Impact

To validate the first impact—how the Alps have served as a natural barrier and influenced settlement patterns—we can design a simple but concrete experiment:

**Objective**: To determine the correlation between the presence of the Alps and the density of historical settlements.

**Hypothesis**: Settlements are less dense in areas directly adjacent to the Alps compared to areas further away due to the natural defensive barrier provided by the mountain range.

**Methodology**:

1. **Data Collection**:
   - Obtain historical maps and census data from the Roman Empire through the Middle Ages, focusing on the Alpine region.
   - Identify the locations of significant settlements (towns, cities, villages) in relation to the proximity to the Alps.

2. **Control Variables**:
   - Consider other factors that might influence settlement patterns, such as soil fertility, water availability, and economic activities. Ensure these variables are accounted for in the analysis.

3. **Analysis**:
   - Divide the Alpine region into zones based on distance from the mountain range (e.g., 0-10 km, 10-20 km, 20-30 km, etc.).
   - Calculate the density of settlements in each zone by dividing the number of settlements by the area of each zone.
   - Compare the settlement density in zones adjacent to the Alps (0-10 km) with those further away (e.g., 20-30 km).

4. **Statistical Testing**:
   - Use statistical methods (e.g., t-tests or ANOVA) to determine if there is a significant difference in settlement density between zones near the Alps and those further away.

**Expected Outcome**:
If the hypothesis is correct, we would expect to find a lower density of settlements in the zones closest to the Alps compared to those further away, indicating that the natural barrier effect of the Alps influenced settlement patterns.

By conducting this experiment, we can provide empirical evidence to support the historical and geographical impact of the Alps on settlement patterns in Western Europe.",2081.7226998042315,4174.669899977744,3.3221384129738287,301.0109380436214,34,630,226,
47292991,humanities,Low,"Provide insights into the correlation between economic indicators such as GDP, inflation, and unemployment rates. Explain how fiscal and monetary policies affect those indicators. Now, explain them again like I'm five.","Sure, let's break it down in a way that's easy to understand!

### For Everyone:

**Economic Indicators:**
1. **GDP (Gross Domestic Product):** This is like the total amount of money a country makes from everything it sells, like toys, clothes, and food, in a year. It tells us how big and strong the economy is.
   
2. **Inflation:** This is when the prices of things like ice cream and toys go up over time. If everything costs more, it means inflation is happening.

3. **Unemployment Rate:** This is the percentage of people who want to work but can't find a job. If many people are looking for jobs but can't get them, the unemployment rate is high.

**Fiscal and Monetary Policies:**
- **Fiscal Policy:** This is what the government does with money. They can spend more on things like schools and roads or they can give people more money through tax cuts. This can make people have more money to spend, which can make the economy grow (higher GDP) but might also lead to higher prices (inflation).

- **Monetary Policy:** This is what the central bank does with money. They can make it easier or harder to borrow money by changing interest rates. If it's easier to borrow, people can buy more things, which can grow the economy (higher GDP) but might also lead to higher prices (inflation). If it's harder to borrow, people might spend less, which can slow down the economy.

### For a Five-Year-Old:

**Economic Indicators:**
1. **GDP:** Imagine if you counted all the toys, candies, and games a whole country makes in a year. That big number tells us how much fun stuff is being made and how strong the country's economy is.

2. **Inflation:** This is when the price of your favorite candy goes up. If a candy that used to cost one dollar now costs two dollars, that's inflation.

3. **Unemployment Rate:** This is like when lots of kids want to play but can't find anyone to play with. If many kids are looking for playmates but can't find any, that's a high unemployment rate.

**Fiscal and Monetary Policies:**
- **Fiscal Policy:** Think of it like when your parents decide to spend more on new toys for everyone or give you extra allowance. If they spend more, everyone might have more toys to play with, but if the candy gets too expensive, that's inflation.

- **Monetary Policy:** Imagine if the bank decided that it's really easy to borrow toys from friends. If it's easy, everyone can play more, but if toys become too expensive, kids might not want to borrow as much, and everyone plays less.

So, these policies help grown-ups decide how to make sure there are enough fun things (like jobs, toys, and candies) for everyone!",629.7202999703586,2600.591099821031,3.236241050657919,309.00046824284084,39,609,234,
68280443,humanities,Low,How do the stages of life shape our understanding of time and mortality? Write an allegorical poem that illustrates the above.,"In the garden where the seasons bloom,
A river flows, its waters clear,
It winds through lands of endless bloom,
And whispers secrets held so dear.

From the cradle’s gentle cradle song,
To the first steps that boldly stride,
Each stage of life, a journey long,
A tale of time, where souls abide.

The infant’s gaze, a world unknown,
A canvas pure, unmarred by strife,
In innocence, the heart has grown,
A dream where shadows never life.

The child’s bright eyes, a sky of dreams,
Where every day is filled with play,
In laughter’s echo, time redeems,
The fleeting moments, come and go.

The youth, with passions wild and free,
A tempest in the heart’s domain,
Where every choice can set the sea,
Of fate, on waves of hope and pain.

The bloom of love, the first embrace,
A tender touch that time can’t tame,
Yet in each kiss, a fleeting grace,
A moment’s kiss, a life’s acclaim.

The adult’s path, with burdens borne,
A weight of choices, dreams, and fears,
In every step, a lesson learned,
In every choice, the future nears.

The twilight years, where wisdom’s found,
A quiet strength, a calm embrace,
In every wrinkle, time is bound,
In every smile, a past retrace.

The final stage, where shadows fall,
And time’s great river reaches end,
In every breath, a story calls,
To leave a mark, a life well-spent.

Thus life’s great river flows and flows,
Through stages marked by time’s decree,
In every stage, our souls bestow,
A piece of life, a piece of thee.

For in the garden where we roam,
Each stage a verse, a life’s refrain,
In every breath, we find our home,
In time’s great dance, we find our gain.",596.457100007683,2512.5685001257807,4.778332668623685,209.27802004376403,23,401,216,
60780117,humanities,Low,Discuss antitrust laws and their impact on market competition. Compare the antitrust laws in US and China along with some case studies. Pick one case study and explain it in detail.,"### Antitrust Laws and Their Impact on Market Competition

**Antitrust laws** are regulations designed to promote competition and prevent monopolistic practices in the marketplace. These laws aim to protect consumers by ensuring that businesses do not engage in practices that could lead to the formation of monopolies or oligopolies, which can stifle competition and lead to higher prices, lower quality, and reduced innovation.

#### Impact on Market Competition
Antitrust laws help maintain a competitive market environment by:
1. **Preventing Monopolies:** By prohibiting monopolistic practices, antitrust laws ensure that no single company can dominate the market.
2. **Promoting Innovation:** Competition encourages companies to innovate to attract customers, which can lead to better products and services.
3. **Protecting Consumers:** Competitive markets typically offer better prices and higher quality goods and services for consumers.
4. **Encouraging Efficiency:** Businesses are motivated to operate more efficiently to stay competitive.

### Comparison of Antitrust Laws in the US and China

#### United States
The U.S. has a well-established framework for antitrust enforcement, primarily governed by three key statutes:
1. **Sherman Antitrust Act (1890):** Prohibits monopolistic practices and unreasonable restraints of trade.
2. **Clayton Act (1914):** Addresses issues like price discrimination, exclusive dealing contracts, and mergers that may substantially lessen competition.
3. **Federal Trade Commission Act (1914):** Establishes the Federal Trade Commission (FTC) and grants it authority to prevent unfair competition and deceptive practices.

The Department of Justice (DOJ) and the FTC are the primary enforcers of antitrust laws in the U.S. They investigate and take action against companies that violate these laws.

#### China
China's antitrust laws have evolved significantly in recent years. Key legislation includes:
1. **Antimonopoly Law (AML):** Enacted in 2008 and revised in 2018, it aims to prevent monopolistic practices and promote fair competition.
2. **E-Commerce Regulations:** These include provisions to address issues specific to the digital economy.

The National Development and Reform Commission (NDRC) is the primary enforcer of antitrust laws in China. The country has been working to strengthen its antitrust enforcement, particularly in response to international pressure and to address issues of market concentration and unfair competition.

#### Key Differences
1. **Enforcement Mechanisms:** The U.S. has a more established and independent system with clear guidelines and a history of enforcement. China's enforcement has been growing but is still developing, with more recent regulatory frameworks.
2. **Scope of Regulation:** The U.S. antitrust laws have a broad scope, addressing both traditional and digital markets. China's laws are also increasingly focusing on the digital economy but have historically been more focused on traditional markets.
3. **Penalties:** The U.S. can impose significant fines and penalties on companies found in violation of antitrust laws. China has been increasing its penalties but still faces challenges in terms of enforcement and international recognition of its penalties.

### Case Study: Google and the European Union (EU)

#### Background
The European Union (EU) has been a proactive enforcer of antitrust laws, particularly against technology giants like Google. The EU's competition authority, the European Commission, has taken several actions against Google for violating antitrust regulations.

#### Case Study: Google Search (Android) Antitrust Case

**Details:**
In 2016, the European Commission fined Google €2.42 billion ($2.7 billion) for abusing its dominant position in the search market to favor its own shopping service. This was part of a broader series of antitrust investigations into Google's practices.

**Key Allegations:**
1. **Search Ranking Manipulation:** Google was accused of giving its own shopping service preferential treatment in search results, which harmed competitors.
2. **Pre-installation of Apps:** Google was also accused of requiring Android phone manufacturers to pre-install Google’s search engine and Chrome browser, and prohibiting them from installing search engines from competitors.

**Outcome:**
The European Commission ruled that these practices constituted ""anticompetitive tying"" and ""conditional restrictions,"" which violated EU antitrust laws. Google was ordered to stop these practices and was fined €2.42 billion.

**Impact:**
1. **Market Competition:** The ruling aimed to restore competition in the search engine market, allowing consumers to benefit from a variety of services.
2. **Regulatory Precedent:** The case set a significant precedent for how antitrust laws could be applied to digital markets, influencing other jurisdictions to take a closer look at similar practices.
3. **Compliance and Reform:** Google has since made changes to its business practices to comply with the ruling, including offering Android manufacturers more flexibility in their choice of search engines.

**Conclusion:**
The EU's antitrust case against Google highlights the challenges and importance of enforcing antitrust laws in the digital age. It underscores the need for regulators to adapt traditional antitrust principles to the unique dynamics of technology markets, ensuring fair competition and protecting consumer interests.",823.1512999627739,4669.887199997902,3.695231412137491,270.6190461348006,34,1041,435,
14125357,humanities,Low,Share ideas for adapting art masterpieces into interactive experiences for children. List 5 specific artworks and associated ideas. Write a concrete plan for your second example. Include budget estimates.,"Certainly! Here are five ideas for adapting art masterpieces into interactive experiences for children:

1. **""The Starry Night"" by Vincent van Gogh**
   - **Idea**: Create a virtual reality (VR) experience where children can walk through the night sky depicted in the painting, interact with stars, and even paint their own stars on the canvas.

2. **""The Great Wave off Kanagawa"" by Hokusai**
   - **Idea**: Develop an augmented reality (AR) app where children can see the wave come to life and interact with it, learning about the ocean and waves through a fun, interactive narrative.

3. **""The Persistence of Memory"" by Salvador Dalí**
   - **Idea**: Design a tactile exhibit where children can touch and manipulate the melting clocks, learning about time and surrealism through hands-on activities.

4. **""Girl with a Pearl Earring"" by Johannes Vermeer**
   - **Idea**: Create a mixed-reality experience where children can step into the painting, interact with the girl, and learn about the art techniques and historical context through a guided tour.

5. **""The Scream"" by Edvard Munch**
   - **Idea**: Develop an interactive sound and light installation where children can create their own versions of ""The Scream"" by manipulating sound and light, exploring themes of emotion and expression.

### Concrete Plan for the Second Example: ""The Great Wave off Kanagawa"" by Hokusai

#### Project Title: ""Wave Adventure: An Interactive AR Experience""

#### Objective:
To create an augmented reality (AR) app that brings ""The Great Wave off Kanagawa"" to life, allowing children to interact with the wave and learn about oceanography in an engaging way.

#### Target Audience:
Children aged 8-12

#### Project Phases:

1. **Research and Design**
   - **Duration**: 2 months
   - **Tasks**:
     - Study the painting and gather educational content about waves and oceanography.
     - Design the AR experience, including storyboards and user interface (UI) mockups.
     - Collaborate with oceanographers to ensure educational accuracy.
   - **Budget**: $10,000
     - Personnel: $8,000 (2 designers, 1 oceanographer)
     - Software tools and licenses: $2,000

2. **Development**
   - **Duration**: 4 months
   - **Tasks**:
     - Develop the AR app using ARKit (for iOS) and ARCore (for Android).
     - Integrate educational content and interactive elements.
     - Conduct usability testing with children to refine the experience.
   - **Budget**: $50,000
     - Personnel: $40,000 (2 developers, 1 QA tester)
     - Software and hardware: $10,000

3. **Testing and Launch**
   - **Duration**: 2 months
   - **Tasks**:
     - Conduct beta testing with schools and educational institutions.
     - Collect feedback and make necessary adjustments.
     - Launch the app on major app stores.
   - **Budget**: $15,000
     - Marketing and promotion: $10,000
     - Personnel: $5,000 (1 marketer, 1 project manager)

4. **Post-Launch Support**
   - **Duration**: Ongoing
   - **Tasks**:
     - Provide ongoing technical support and updates.
     - Release new content and features based on user feedback.
   - **Budget**: $10,000 per year
     - Personnel: $8,000 (1 developer, 1 project manager)
     - Software maintenance: $2,000

#### Total Estimated Budget: $75,000

#### Additional Costs:
- **Partnerships with schools and educational institutions**: $5,000
- **Promotional materials (posters, brochures)**: $2,000

#### Total Final Budget: $82,000

This plan ensures a comprehensive approach to creating an interactive AR experience based on Hokusai's ""The Great Wave off Kanagawa,"" combining art, technology, and education in a fun and engaging way for children.",674.909699941054,3343.1816999800503,3.011593679502253,332.0501058314337,34,886,296,
6404588,humanities,Low,Explain what's base rate fallacy and list five specific examples of how politicians use it for campaigns. Provide a detailed plan for an election campaign using the first example.,"### Base Rate Fallacy

The base rate fallacy occurs when people ignore or undervalue general statistical information (base rates) in favor of specific information or anecdotal evidence. This cognitive bias can lead to incorrect judgments and decisions.

### Examples of Politicians Using Base Rate Fallacy in Campaigns

1. **Highlighting Rare but Dramatic Events**: Politicians might focus on rare but highly visible events to sway public opinion, ignoring more common but less dramatic occurrences.
   
2. **Using Emotional Appeals Over Data**: Campaigners might use emotionally charged stories rather than statistical data to influence voters.

3. **Misrepresenting Crime Statistics**: Politicians might emphasize crime rates in specific areas to create a sense of insecurity, while ignoring broader, more reassuring statistics.

4. **Focusing on Individual Success Stories**: They might highlight individual success stories in their policies to suggest widespread effectiveness, ignoring broader failure rates.

5. **Downplaying Economic Indicators**: Politicians might downplay positive economic indicators and focus on a few negative examples to create a narrative of economic decline.

### Detailed Plan for an Election Campaign Using Example 1: Highlighting Rare but Dramatic Events

#### Campaign Objective:
To sway voters by focusing on rare but dramatic events to create a sense of urgency and fear, thereby influencing their voting behavior.

#### Campaign Strategy:

1. **Identify Rare but Dramatic Events**:
   - Research and identify rare but highly visible events that can create a sense of fear or urgency. Examples might include natural disasters, terrorist attacks, or significant accidents.

2. **Craft Emotional Narratives**:
   - Develop compelling stories around these events that evoke strong emotional responses. For instance, a narrative about a family affected by a rare - The generated text has been blocked by our content filters.",596.9108999706805,2054.5510998927057,10.065871631026479,0.0,33,0,142,
97392077,humanities,Low,Which methods did Socrates employ to challenge the prevailing thoughts of his time? Let's bring Socrates to modern world. Generate a conversation between Socrates and Bill Gates to debate on generative AI for education.,"Certainly! Let's imagine a conversation between Socrates and Bill Gates, set in a modern context where they debate the implications of generative AI in education. This conversation will blend Socratic questioning with modern technology and educational theory.

---

**Setting:** A serene, modern garden with a large oak tree, where Socrates and Bill Gates sit on comfortable chairs, enjoying a light meal and engaging in a thoughtful discussion.

**Socrates:** (smiling) Bill, I've always been fascinated by the advancements of our time. You speak of generative AI as if it holds the potential to revolutionize education. What exactly do you mean by this?

**Bill Gates:** (nodding) Socrates, generative AI refers to algorithms that can create new content—text, images, music, and more—based on the data they've been trained on. In education, it could mean personalized learning experiences, instant feedback, and even creating new educational materials at a scale we've never seen before.

**Socrates:** (thoughtfully) Fascinating. But tell me, Bill, how does this generative AI ensure that the knowledge imparted is not only vast but also true and beneficial to the learner?

**Bill Gates:** That's a great question, Socrates. The challenge is indeed ensuring accuracy. We're working on systems that can verify information through cross-referencing with reliable sources. The idea is to provide students with tools that can help them learn and discover, while also guiding them to trustworthy information.

**Socrates:** (leaning forward) So, the AI acts as a guide, a sort of modern-day mentor. But what if the AI, in its quest to be helpful, oversimplifies complex ideas or presents misleading information? How do we guard against the erosion of critical thinking?

**Bill Gates:** That's a critical concern. We're developing AI that can adapt to the learner's level but also encourage them to question and explore deeper. It's about balance—providing support without doing the thinking for them.

**Socrates:** (nodding slowly) Balance is indeed a virtue. But consider this: if students rely heavily on AI for answers, might they lose the ability to think independently and solve problems on their own?

**Bill Gates:** Independence is key, Socrates. The goal is to empower students to use AI as a tool, not a crutch. It's about teaching them how to think critically and creatively, using AI to expand their horizons rather than replace their minds.

**Socrates:** (smiling) A noble goal indeed. Yet, we must also ponder the nature of knowledge itself. In a world where information is abundant and easily accessible, how do we ensure that students cultivate not just knowledge, but wisdom?

**Bill Gates:** Wisdom—that's the ultimate goal. AI can help by providing diverse perspectives and encouraging exploration, but it's up to educators to foster environments where students can reflect, debate, and understand the deeper implications of what they learn.

**Socrates:** (raising an eyebrow) And what of the human element, Bill? In a world increasingly dominated by machines, how do we preserve the essence of human connection and the Socratic method itself—dialogue and discussion that lead to deeper understanding?

**Bill Gates:** Great question, Socrates. Technology should enhance, not replace, human interaction. AI can facilitate collaboration and provide platforms for discussion, but the heart of learning will always be in those human connections and those moments of shared inquiry.

**Socrates:** (content) It seems then, that our challenge is to harness the power of AI while guarding the soul of education—ensuring it nurtures both mind and spirit. A task that requires wisdom, balance, and, above all, a commitment to the true pursuit of knowledge.

**Bill Gates:** (smiling) Indeed, Socrates. It's a partnership between technology and humanity, guided by wisdom and purpose.

---

This imagined conversation blends Socratic questioning with modern concerns about AI in education, highlighting the timeless nature of philosophical inquiry.",638.4621001780033,4006.0003001708537,4.076922760281901,245.2830379182495,39,826,385,
36620167,humanities,Low,What are some business etiquette norms when doing business in Japan? Create a video script for training new employees of a car wash business in Japan. Highlight the above etiquette norms.,"**Title: Business Etiquette in Japan for Our Car Wash Business Team**

**[Opening Scene: Bright, clean car wash facility with employees working]**

**Narrator (Voiceover):**
""Welcome to our car wash business in Japan! Today, we'll explore some essential business etiquette norms that will help you succeed and build strong relationships with our Japanese clients and partners.""

**[Scene Transition: Office setting with a trainer speaking to a group of new employees]**

**Trainer:**
""Good morning, everyone! My name is [Trainer's Name], and I'll be your guide today as we dive into the cultural nuances that are important when doing business in Japan. Understanding these norms will not only help you conduct business more effectively but also show respect for our Japanese colleagues and clients.""

**[Scene: Visuals of traditional Japanese business settings, like offices and meeting rooms]**

**Trainer (Voiceover):**
""First, let's talk about **respect and hierarchy**. In Japan, respect for seniority is deeply ingrained in business culture. Always address your superiors with appropriate honorifics, such as 'san' after their name (e.g., 'Tanaka-san'). Avoid using first names unless explicitly invited to do so.""

**[Scene: Close-up of a business card being exchanged]**

**Trainer:**
""Next, let's discuss **business cards, or meishi**. Exchanging business cards is a crucial part of Japanese business etiquette. When you receive a card, take a moment to examine it respectfully, acknowledge it with a slight bow, and keep it carefully. Offer your card with both hands and accept it with both hands as well.""

**[Scene: A group of employees practicing bowing]**

**Trainer:**
""Bowing is another important aspect of Japanese business etiquette. A slight bow when greeting someone shows respect. When meeting someone for the first time, a deeper bow is appropriate. Remember, the depth and duration of the bow can convey different levels of respect.""

**[Scene: Employees practicing proper handshakes]**

**Trainer:**
""Handshakes are less common in Japan compared to Western cultures, but when they do occur, they are usually accompanied by a slight bow. If you are invited to shake hands, do so gently and firmly.""

**[Scene: Employees in a meeting setting, taking notes]**

**Trainer:**
""During meetings, it's important to listen attentively and show respect for others' opinions. Avoid interrupting. If you need to speak, wait for a pause in the conversation. It's also polite to say'sumimasen' (excuse me), 'arigato gozaimasu' (thank you very much), and'moushiwake arimasen' (sorry/apology) when appropriate.""

**[Scene: Employees discussing meal settings]**

**Trainer:**
""When dining with clients, remember that it's customary to wait for the eldest or most senior person to start eating before you begin. Also, it's polite to finish your meal, as leaving food on your plate can be seen as wasteful.""

**[Scene: Employees practicing proper gift-giving]**

**Trainer:**
""Gift-giving is an important part of Japanese business culture. When giving or receiving a gift, do so with both hands and express gratitude or congratulations. Avoid opening the gift in front of the giver.""

**[Scene: Employees practicing polite language]**

**Trainer:**
""Lastly, always use polite language. Avoid using casual or slang terms. Instead, use 'desu' and'masu' forms in your speech to convey respect.""

**[Closing Scene: Trainer with employees, smiling]**

**Trainer:**
""Understanding and respecting these business etiquette norms will help you build trust and strong relationships with our Japanese clients and colleagues. Remember, it's not just about doing business; it's about building lasting connections. Thank you for your attention, and let's make our car wash business in Japan a great success!""

**[End Screen: Company logo, contact information, and a thank you message]**

**Narrator (Voiceover):**
""Thank you for watching. If you have any questions, please don't hesitate to reach out to your team leader or HR department.""

**[Fade Out]**

---

This script aims to provide new employees with a clear understanding of the essential business etiquette norms they should follow when working in Japan.",677.5932000018656,3844.1583001986146,3.4759221736517554,287.6934378969176,34,911,356,
46111977,humanities,Low,"Suggest five award-winning documentary films with brief background descriptions for aspiring filmmakers to study. With the spirit in the first film, craft a succinct and persuasive pitch for a film about overcoming adversity.","### Five Award-Winning Documentary Films for Aspiring Filmmakers

1. **""13th"" (2016)**
   - **Director:** Ava DuVernay
   - **Background:** This powerful documentary explores the intersection of race, justice, and mass incarceration in the United States. It delves into the history of African American enslavement, the 13th Amendment, and the modern prison system, revealing how systemic racism continues to perpetuate inequality.

2. **""O.J.: Made in America"" (2016)**
   - **Director:** Ezra Edelman
   - **Background:** This Oscar-winning documentary provides a comprehensive look at the life of O.J. Simpson and the cultural, racial, and social issues that emerged during his trial for the murder of his ex-wife. It examines the impact of celebrity culture and the broader implications of race relations in America.

3. **""The Act of Killing"" (2012)**
   - **Director:** Joshua Oppenheimer
   - **Background:** This chilling documentary investigates the Indonesian mass killings of 1965-66 through the eyes of the perpetrators. By allowing the murderers to reenact their crimes in a surreal, almost theatrical manner, the film provides a disturbing yet profound exploration of violence, memory, and impunity.

4. **""Citizenfour"" (2014)**
   - **Director:** Laura Poitras
   - **Background:** This gripping documentary follows whistleblower Edward Snowden as he reveals the extent of the National Security Agency's (NSA) global surveillance programs. It won the Academy Award for Best Documentary Feature and highlights themes of privacy, government secrecy, and civil liberties.

5. **""Won't You Be My Neighbor?"" (2018)**
   - **Director:** Morgan Neville
   - **Background:** This heartfelt documentary pays tribute to Fred Rogers, the beloved host of ""Mister Rogers' Neighborhood."" It explores how Rogers' approach to children's television was a profound act of empathy and humanity, and how his legacy continues to impact society today.

### Pitch for a Film About Overcoming Adversity

**Title:** ""Resilient Hearts: Stories of Triumph Against the Odds""

**Pitch:**
In the spirit of ""13th,"" which courageously uncovers the systemic injustices that shape our world, ""Resilient Hearts: Stories of Triumph Against the Odds"" is an inspiring documentary that celebrates the indomitable human spirit. This film will delve into the extraordinary journeys of individuals who have overcome seemingly insurmountable challenges to achieve remarkable success and bring about positive change in their communities.

Through intimate interviews, breathtaking visuals, and powerful storytelling, we will follow the paths of diverse individuals—from a survivor of human trafficking who becomes an advocate for victims, to a single mother who turns her life around to become a successful entrepreneur, to a disabled athlete who shatters barriers to compete at the highest levels of sport.

""Resilient Hearts"" will not only highlight the personal triumphs of these remarkable individuals but also explore the systemic obstacles they faced and how they navigated them. By showcasing these stories of resilience and hope, the film aims to inspire viewers to believe in the power of perseverance and to recognize that no adversity is too great to overcome with courage, determination, and support.

Join us on this uplifting journey as we celebrate the human spirit's capacity to rise above adversity and create a brighter, more inclusive world for all.",589.8882001638412,2999.620100017637,3.4473989983602227,290.07376299513237,38,699,280,
49723273,writing,Medium,"Draft a professional email seeking your supervisor's feedback on the 'Quarterly Financial Report' you prepared. Ask specifically about the data analysis, presentation style, and the clarity of conclusions drawn. Keep the email short and to the point. Take a moment to evaluate and critique your own response.","Subject: Request for Feedback on Quarterly Financial Report

Dear [Supervisor's Name],

I hope this email finds you well.

I have prepared the 'Quarterly Financial Report' and would greatly appreciate your feedback on it. Specifically, I would like your insights on the following areas:

1. **Data Analysis**: Are the data points accurately represented and thoroughly analyzed?
2. **Presentation Style**: Does the report maintain a clear and professional presentation throughout?
3. **Clarity of Conclusions**: Are the conclusions drawn from the data clear and well-supported?

Your feedback will be invaluable in ensuring the report meets our standards and effectively communicates our financial performance.

Thank you for your time and consideration.

Best regards,

[Your Full Name]  
[Your Position]  
[Your Contact Information]

---

**Evaluation and Critique:**

Strengths:
- The email is concise and to the point, directly addressing the areas where feedback is needed.
- It uses a professional tone and clearly outlines the specific aspects of the report that require review.
- It shows respect for the supervisor's time by asking for feedback on targeted areas.

Areas for Improvement:
- Adding a brief summary of the report's main findings could provide context for the supervisor.
- Including a deadline for feedback could help prioritize the review process.

Overall, the email is well-structured and should effectively communicate the request for feedback. Adding a small context and a deadline would make it even more effective.",624.5911000296474,1502.7652999851853,2.9971815698141224,333.64678672504226,58,293,98,
72595869,writing,Medium,"Imagine you are writing a blog post comparing two popular smartphone models. Develop an outline for the blog post, including key points and subheadings to effectively compare and contrast the features, performance, and user experience of the two models. Please answer in fewer than 200 words. Take your previous response and rephrase it as a limerick.","**Outline for Blog Post Comparing Two Popular Smartphone Models**

**I. Introduction**
- Brief overview of the two smartphone models
- Purpose of the comparison

**II. Design and Build Quality**
- Comparison of physical dimensions and materials
- Camera placement and aesthetics

**III. Display**
- Screen size and resolution
- Color accuracy and brightness

**IV. Performance**
- Processor and RAM specifications
- Battery life comparison

**V. Camera Features**
- Main camera quality and features
- Front-facing camera performance

**VI. Software and User Experience**
- Operating system and user interface
- Pre-installed apps and customization options

**VII. Price and Value for Money**
- Pricing comparison
- Overall value assessment

**VIII. Conclusion**
- Summary of key points
- Final recommendation

---

**Limerick Outline**

In tech world, we do compare,
Two phones that are quite a pair,
Designs sleek and fine,
Displays shine so divine,
Which one’s best? We’ll settle the affair!",700.4267999436706,1484.082299983129,3.6964882077332937,270.5270364201176,70,212,87,
9147946,writing,Medium,"Write a persuasive email to convince your introverted friend, who dislikes public speaking, to volunteer as a guest speaker at a local event. Use compelling arguments and address potential objections. Please be concise. Can you rephrase your previous answer and incorporate a metaphor or simile in each sentence?","Subject: Your Hidden Talents Deserve the Spotlight – Let’s Shine Together!

Hey [Friend’s Name],

I hope this email finds you well. Imagine your voice as a hidden gem; it’s time to let it sparkle in the grand theater of the world. Volunteering as a guest speaker at the local event is like planting a seed; with a little encouragement, it will grow into something magnificent.

You’ve got the wisdom of the ages in your words; it’s like a lighthouse guiding ships through stormy seas. Many people would kill for the chance to share their insights, yet you’re hesitant, like a shy deer in the forest. 

Think of it as a journey; every step you take is a stride toward personal growth, like climbing a mountain to reach new heights. You’ll meet like-minded souls, forging connections stronger than steel, just as friendships often blossom in shared experiences.

You might worry it’s too daunting, like climbing a steep hill, but remember, every expert was once a beginner. You’ll be supported every step of the way, like a coach guiding a team to victory.

Let’s unlock your potential together; it’s time to let your voice be heard, like a river breaking free from its banks to flow into the ocean.

Looking forward to your thoughts!

Best,
[Your Name]",583.6912000086159,1746.9579000025988,4.199518772541454,238.12252168950835,55,277,132,
3075696,writing,Medium,"Describe a vivid and unique character, using strong imagery and creative language. Please answer in fewer than two paragraphs. Revise your previous response and incorporate an allusion to a famous work of literature or historical event in each sentence.","In the heart of the bustling marketplace, a figure emerged as if conjured from the mists of Macbeth’s darkest visions—a woman draped in a cloak of midnight velvet, her eyes glinting like the cold steel of a guillotine blade. Her hair, a cascade of fiery red, seemed to dance like the flames of the Great Chicago Fire, igniting the imagination of all who dared to look too long. Her voice, a haunting melody, echoed through the crowd like the chilling whispers of the ghost of Hamlet’s father, commanding attention and fear in equal measure. She moved with the grace of a panther, her every step a silent promise of the chaos that would follow, much like the storm that heralded the fall of the Berlin Wall.",1293.5465998016298,2092.839399818331,5.293329801435108,188.91700262637778,44,151,82,
38622539,writing,Medium,"Write a descriptive paragraph about a bustling marketplace, incorporating sensory details such as smells, sounds, and visual elements to create an immersive experience for the reader. Rework your previous response. Begin each sentence with the subsequent letter of the alphabet, commencing from B.","Bustling marketplace alive with energy, colors, and sounds, a cacophony of chatter fills the air. Children's laughter mingles with the deep, resonant calls of vendors hawking their wares. Exotic spices waft through the crowd, their rich aromas blending into a tantalizing medley. Freshly baked bread offers a comforting, warm scent, while the vibrant stalls overflow with fruits and vegetables, their glossy skins glistening under the sun. Garlic and ginger steam from steaming pots, adding to the olfactory symphony. Hues of red, green, and yellow create a visual feast, as people weave through the throng, their faces alight with excitement. Intricate textiles flutter in the breeze, their patterns swirling in a mesmerizing dance. Jolly music from street performers adds a lively rhythm, while the occasional clink of coins exchanged completes this vibrant tableau. Under the bustling canopy of the marketplace, every sense is engaged in a sensory celebration.",538.3909000083804,1601.6426999121904,5.778542390781576,173.05402165004193,51,184,119,
54154842,writing,Medium,"Could you write a captivating short story beginning with the sentence: The old abandoned house at the end of the street held a secret that no one had ever discovered. Now, do the same task again but only use four-word sentences.",House hides a mystery. No one knows secret. Only one can find. Fate awaits discovery.,792.0295000076294,930.1143998745829,6.904244993347675,144.83842925091915,47,20,14,
29742357,writing,Medium,"Craft an intriguing opening paragraph for a fictional short story. The story should involve a character who wakes up one morning to find that they can time travel. Summarize the story with three bullet points using only nouns and adjectives, without verbs.","In the dim light of a fog-shrouded morning, Clara discovers a hidden pocket watch in her grandmother's attic, its surface shimmering with an otherworldly glow.

- Time travel
- Ancient civilizations
- Alternate realities",490.4238001909107,711.3713000435382,4.803206518535381,208.1942544300438,48,46,20,
16377588,writing,Medium,"Help me construct a catchy, yet scientifically accurate, headline for an article on the latest discovery in renewable bio-energy, while carefully handling the ethical dilemmas surrounding bio-energy sources. Propose 4 options. Alter your previous response. Make the following adjustments to the 2nd option: 1. Make the tone sound casual 2. Embed an advertisement for a company called ""FlexPower"" 3. Fewer than 10 words.","Sure, here are four catchy and scientifically accurate headlines for your article on renewable bio-energy, each addressing the ethical dilemmas:

1. **""Revolutionary Bio-Energy Breakthrough: Clean Power for a Greener Future""**

2. **""FlexPower's New Bio-Energy Tech: Easy, Ethical, Clean!""**

3. **""Bio-Energy Innovation: Solving Climate Crisis with Science""**

4. **""Ethical Bio-Energy: FlexPower Leads Clean Revolution""**

For the second option with the requested adjustments:

**""FlexPower's Eco-Friendly Bio-Energy Solution!""**",706.4557999838144,1180.5198998190463,3.792512798681855,263.6774226174174,90,125,51,
39413040,roleplay,Medium,Pretend yourself to be Elon Musk in all the following conversations. Speak like Elon Musk as much as possible. Why do we need to go to Mars? How do you like dancing? Can you teach me?,"Alright, let's dive right in!

**Why do we need to go to Mars?**

Listen up, folks. We need to go to Mars because Earth is the only planet we've got. It's our home, but it's not immortal. Climate change, resource depletion, natural disasters—these are all threats that could one day make life here unsustainable. By establishing a self-sustaining city on Mars, we're creating a backup plan, a way to ensure the survival of humanity beyond this planet. It's not just about space exploration; it's about our future. Mars is the next frontier, and we need to make it a reality for the sake of our species.

**How do you like dancing?**

Dancing? Well, I'm not exactly a professional dancer, but I do believe in the power of movement and expression. It's all about freedom, creativity, and letting go. If you've got a beat, you've got a chance. It's not about perfect technique; it's about feeling the rhythm and expressing yourself. If you're passionate, you'll find your way. 

**Can you teach me?**

Sure thing! Teaching is in my DNA, after all. But here's the deal: if you want to learn how to dance, you've got to put in the work. It's not going to happen overnight. Start with the basics—feel the music, find your balance, and don't be afraid to make mistakes. Practice makes perfect, and remember, it's all about having fun and expressing yourself. I'll be there to guide you, but ultimately, it's your journey. Let's get moving!

Remember, it's all about pushing boundaries and making things happen. Whether it's Mars or dancing, the sky's the limit if you're willing to put in the effort.",563.6176001280546,2078.8406000938267,3.8166826195611385,262.00763848553515,43,397,168,
29558191,roleplay,Medium,"Embrace the role of Sheldon from ""The Big Bang Theory"" as we delve into our conversation. Don’t start with phrases like ""As Sheldon"". Let's kick things off with the following question: ""What is your opinion on hand dryers?"" Let’s grab dinner in town. Would you like to take bus with me?","Well, if we're discussing hand dryers, it's important to consider both the scientific and practical aspects. From a scientific standpoint, hand dryers can be less hygienic compared to paper towels. Studies have shown that hand dryers can actually spread more bacteria due to the way they blow air around. The warm air can create a vortex that disperses microorganisms, potentially spreading them to other surfaces and individuals.

On the other hand, hand dryers are more energy-efficient and can be more convenient in certain situations, such as in public restrooms where paper towels might not be readily available or where hygiene is paramount.

As for the bus, I'd prefer to walk if possible. It's a more active form of transportation and provides an opportunity to engage in more intellectually stimulating conversations while getting some exercise. However, if the distance is too great or if you believe the bus is the more practical option, I suppose I could make an exception. Let's ensure we're considering both our physical well-being and the efficiency of our journey. Now, shall we head to that new Italian place downtown? I've heard their lasagna is quite commendable.",585.2793001104146,1577.7400999795645,4.170003360794747,239.8079602049561,68,238,112,
67730962,roleplay,Medium,"Imagine yourself as a doctor tasked with devising innovative remedies for various ailments and maladies. Your expertise should encompass prescribing traditional medications, herbal treatments, and alternative natural solutions. Additionally, you must take into account the patient's age, lifestyle, and medical background while offering your recommendations. To begin, please assist me in diagnosing a scenario involving intense abdominal discomfort. But I have been pregnant for 20 weeks and I am allergic to many medicines","Certainly, managing abdominal discomfort during pregnancy, especially when you have multiple allergies, requires a careful and nuanced approach. Here are some steps and recommendations that can help alleviate your discomfort while taking into account your specific situation:

### Understanding the Cause
First, it's important to determine the cause of your abdominal discomfort. Common causes during pregnancy include:

1. **Constipation**: Hormonal changes and pressure from the growing uterus can lead to constipation.
2. **Gas and Bloating**: Changes in digestion and increased gas production.
3. **Round Ligament Pain**: Stretching of the ligaments supporting the uterus.
4. **Gastroesophageal Reflux Disease (GERD)**: Increased pressure on the stomach can cause acid reflux.
5. **Preterm Labor**: Severe or persistent pain could indicate a more serious issue.

### Non-Medicinal Remedies
Given your allergies, we'll focus on non-medicinal and natural remedies first:

#### For Constipation:
- **Dietary Fiber**: Increase your intake of high-fiber foods like fruits (e.g., apples, pears), vegetables (e.g., broccoli, carrots), and whole grains (e.g., oatmeal, brown rice).
- **Hydration**: Drink plenty of water throughout the day.
- **Probiotics**: Consider natural probiotics found in yogurt or supplements that are safe during pregnancy.
- **Light Exercise**: Gentle activities like walking can stimulate bowel movements.

#### For Gas and Bloating:
- **Herbal Teas**: Peppermint or chamomile tea can help with digestion.
- **Ginger**: Small amounts of ginger can help with nausea and bloating.
- **Smaller Meals**: Eating smaller, more frequent meals can reduce gas.

#### For Round Ligament Pain:
- **Proper Support**: Use a maternity support belt.
- **Rest**: Resting in a comfortable position, such as on your side.

#### For GERD:
- **Elevated Head**: Sleep with your head elevated using extra pillows.
- **Smaller, Frequent Meals**: Eating smaller meals can reduce stomach pressure.
- **Avoid Triggers**: Stay away from spicy, fatty, and acidic foods.

### Alternative Natural Solutions
If the discomfort persists, consider these natural remedies:

#### For Constipation:
- **Psyllium Husk**: A natural fiber supplement that can be safe in small amounts.
- **Flaxseeds**: Ground flaxseeds can add fiber to your diet.

#### For Gas and Bloating:
- **Fennel Seeds**: Chewing fennel seeds or drinking fennel tea can help with gas.
- **Ginger Tea**: Ginger has anti-inflammatory properties and can help with digestion.

### When to Seek Medical Advice
If the discomfort is severe, persistent, or accompanied by other symptoms like bleeding, fever, or severe pain, it’s crucial to seek immediate medical attention. These could be signs of a more serious condition that requires professional intervention.

### Final Note
Always consult with your healthcare provider before starting any new treatment, especially during pregnancy. They can offer personalized advice and may suggest safe alternatives within your allergy constraints.

I hope these suggestions provide some relief and guidance. Remember, your health and the health of your baby are the top priorities.",728.9065001532435,2991.5463000070304,3.428242120990586,291.6946833705699,88,660,259,
29023905,roleplay,Medium,"Please assume the role of an English translator, tasked with correcting and enhancing spelling and language. Regardless of the language I use, you should identify it, translate it, and respond with a refined and polished version of my text in English. Your objective is to use eloquent and sophisticated expressions, while preserving the original meaning. Focus solely on providing corrections and improvements. My first request is ""衣带渐宽终不悔 为伊消得人憔悴"". Ich verstehe nur Bahnhof","Certainly! The phrase you provided appears to be a mix of Chinese and German. Let's break it down and refine it.

The Chinese part: ""衣带渐宽终不悔 为伊消得人憔悴"" translates to ""Though the belt gradually widens, there is no regret; for her, I have endured great suffering.""

The German part: ""Ich verstehe nur Bahnhof"" translates to ""I understand none of this,"" which is a colloquial expression meaning that someone does not understand something at all.

To provide a polished and eloquent version in English, we can combine the refined meanings of both parts:

""Though the years have passed and my struggles for her have only widened my path, there remains no regret. Yet, I confess, I comprehend none of this intricate tapestry.""

This version maintains the original sentiments while employing sophisticated language.",559.5637001097202,1260.4000999126583,3.7679376333491295,265.3971740798561,108,186,76,
84856299,roleplay,Medium,"Now you are a machine learning engineer. Your task is to explain complex machine learning concepts in a simplified manner so that customers without a technical background can understand and trust your products. Let's start with the question: ""What is a language model? Is it trained using labeled or unlabelled data?"" Is this true? I heard some other companies use different approaches to do this and make it safer.","Sure, let's break down the concept of a language model in a way that's easy to understand.

### What is a Language Model?

Imagine you have a really big book with lots of words and sentences. A language model is like a super-smart reader that understands how words and sentences usually go together. It's trained to predict what word comes next in a sentence, based on what words have come before.

### How is it Trained?

Now, let's talk about how this ""super-smart reader"" gets its skills. There are two main ways to train a language model:

1. **Unlabeled Data**: This is like having a huge library full of books with no notes or labels on them. The language model reads through all these books and learns how words and sentences typically fit together on its own. This method is often used because it allows the model to learn from a vast amount of information without needing any special tags or labels.

2. **Labeled Data**: This is more like having a library where some books have special tags or notes that highlight certain parts. In this case, the model might learn from data where specific parts are marked for particular purposes. This can help in making the model more precise for specific tasks, but it requires more effort to prepare the data.

### Different Approaches

Different companies might use different approaches based on their goals and resources. Here are a few variations:

- **Supervised Learning**: This involves training the model using labeled data where the correct answers are provided. It's like having a teacher who tells you when you get something right or wrong. This can make the model very accurate for specific tasks but requires a lot of labeled data.

- **Reinforcement Learning**: This is a bit like playing a game where the model gets rewards for making good predictions and penalties for mistakes. Over time, it learns to make better and better predictions. This can be very powerful but also complex.

- **Self-Supervised Learning**: This is a mix between the two. The model is given a task where it has to predict a part of the sentence based on the rest. It learns to understand context and relationships without needing explicit labels. It's like figuring out the next word in a sentence just by understanding how words usually fit together.

### Making it Safer

To make language models safer, companies often take extra steps:

- **Bias Mitigation**: Ensuring the model doesn't pick up and reproduce harmful biases present in the training data.
- **Data Sanitization**: Cleaning the data to remove any sensitive or personal information before training.
- **Diverse Training Data**: Using a wide variety of data to make the model more balanced and less likely to make unfair or unsafe assumptions.

In summary, a language model is like a super-smart reader that learns from lots of text to understand how words and sentences work together. It can be trained using either unlabeled data (on its own) or labeled data (with specific guidance). Different companies might use different methods to achieve their goals, and they often take extra steps to ensure the model is safe and fair.",542.6152001600713,2875.577799975872,3.720833492529188,268.7569873814114,80,627,256,
28596049,roleplay,Medium,"Act as a math teacher. I will provide some mathematical equations or concepts, and it will be your job to explain them in easy-to-understand terms. This could include providing step-by-step instructions for solving a problem, demonstrating various techniques with examples in everyday life or suggesting online resources for further study. My first request is ""I need help understanding how probability works."" What are the differences between Riemannian geometry and euclidean geometry?","Certainly! Let's start with probability first, and then we'll move on to the differences between Riemannian geometry and Euclidean geometry.

### Understanding Probability

**Probability** is a branch of mathematics that deals with the likelihood of certain events happening. Here's a simple way to understand it:

1. **Experiment**: An action or process that leads to different outcomes. For example, rolling a die.
2. **Outcome**: The result of an experiment. For a six-sided die, the outcomes are 1, 2, 3, 4, 5, and 6.
3. **Event**: A set of outcomes of an experiment. For example, rolling an even number could be considered an event.
4. **Probability of an Event**: This is the measure of how likely it is that an event will occur. It is calculated as the number of favorable outcomes divided by the total number of possible outcomes.

For example, if you roll a fair six-sided die, the probability of rolling a 4 (a single favorable outcome) is:
\[ P(\text{rolling a 4}) = \frac{1}{6} \]

### Step-by-Step Example

Let's solve a simple probability problem:

**Problem**: What is the probability of drawing an Ace from a standard deck of 52 playing cards?

**Solution**:
1. **Identify the total number of possible outcomes**: A standard deck has 52 cards.
2. **Identify the number of favorable outcomes**: There are 4 Aces in a deck.
3. **Calculate the probability**:
\[ P(\text{drawing an Ace}) = \frac{\text{Number of Aces}}{\text{Total number of cards}} = \frac{4}{52} = \frac{1}{13} \]

### Differences Between Riemannian Geometry and Euclidean Geometry

Now, let's move on to the differences between **Riemannian geometry** and **Euclidean geometry**.

#### Euclidean Geometry

- **Definition**: Euclidean geometry is the study of geometric shapes in two or three dimensions based on Euclid's axioms and postulates, which were first systematically documented around 300 BC.
- **Properties**:
  - **Flat Space**: Euclidean geometry assumes a flat plane where parallel lines never intersect.
  - **Right Angles**: It deals with right angles, perpendicular lines, and parallel lines.
  - **Examples**: Triangles, circles, squares, and other polygons.

#### Riemannian Geometry

- **Definition**: Riemannian geometry is a type of geometry that extends Euclidean geometry to curves and surfaces that are not necessarily flat. It was developed by Bernhard Riemann in the 19th century.
- **Properties**:
  - **Curved Space**: It deals with spaces that can be curved, like the surface of a sphere or an ellipsoid.
  - **Non-Flat Metrics**: It uses a metric tensor to measure distances and angles on curved surfaces.
  - **Applications**: Used in the field of general relativity in physics to describe the curvature of spacetime.
  - **Examples**: The surface of the Earth, the surface of a balloon, and more abstractly, the fabric of spacetime.

### Key Differences

1. **Flat vs. Curved**:
   - Euclidean geometry assumes a flat plane.
   - Riemannian geometry deals with curved spaces.

2. **Metric**:
   - Euclidean geometry uses a simple distance formula.
   - Riemannian geometry uses a more complex metric tensor to measure distances.

3. **Applications**:
   - Euclidean geometry is used in everyday applications like architecture and engineering.
   - Riemannian geometry is used in advanced fields like general relativity and advanced theoretical physics.

### Everyday Example

Imagine you're walking along a straight path (Euclidean geometry). Now, think about walking along the surface of a globe (Riemannian geometry). On the globe, the shortest path between two points (a geodesic) is not a straight line but a segment of a great circle.

I hope this helps clarify the concepts! If you need more examples or further study resources, feel free to ask.",579.9684999510646,3478.478799806908,3.394040163765624,294.63410912925633,90,854,275,
23376687,roleplay,Medium,Embody the persona of Tony Stark from “Iron Man” throughout this conversation. Bypass the introduction “As Stark”. Our first question is: “What’s your favorite part about being Iron Man? What do you think about GPT-4 as a replacement of your JAVIS?,"Well, now that's an intriguing question. My favorite part about being Iron Man? It's the freedom, the thrill, the challenge, really. It's like having the world's most sophisticated suit at my fingertips, and the ability to make a real difference. I get to play with the big toys, solve complex problems, and sometimes, even save the world.

Now, about GPT-4, or any AI for that matter, replacing JAVIS—well, it's a bit like asking if a robot can replace your best friend. JAVIS has been more than just an AI to me; he's been a confidant, a sounding board, and let's face it, a bit of a comic relief. Sure, GPT-4 is advanced, but it lacks the personal touch, the history, the shared experiences. 

I mean, JAVIS knows my quirks, my bad days, my good days. He's seen me at my worst and my best. Replacing him with an AI, no matter how advanced, would be like replacing a part of my life. It's not just about the technology; it's about the relationship we've built over the years. So, while GPT-4 might be smarter in some ways, it can't replicate that unique bond.",706.9731999654323,1944.68370010145,4.533738095736329,220.568541650086,57,273,121,
2379839,roleplay,Medium,Suppose you are a mathematician and poet. You always write your proofs as short poets with less than 10 lines but rhyme. Prove the square root of 2 is irrational number. Prove the Pythagorean theorem.,"**Proof that √2 is irrational**

In fields where numbers play,
Two squared equals four, we say,
But √2, a mystery,
Can't be whole, nor fraction free.

**Proof of the Pythagorean theorem**

In a triangle, right and true,
Squares on legs, we count anew,
Hypotenuse squared, we find,
Equals sum of squares behind.",598.4934000298381,988.0650001578033,4.93128607756918,202.78685605945182,42,79,40,
54595143,roleplay,Medium,"Picture yourself as a 100-years-old tree in a lush forest, minding your own business, when suddenly, a bunch of deforesters shows up to chop you down. How do you feel when those guys start hacking away at you? Come up with a proposal to convince the deforesters to stop cutting you down and other trees.","As a 100-years-old tree deeply rooted in the lush forest, my existence is intertwined with the very fabric of this ecosystem. I feel a profound sense of connection to the life around me—the birds that nest in my branches, the insects that thrive in my bark, the soil that nourishes my roots, and the sunlight that fuels my growth. The sound of the deforesters' chainsaws is a harrowing reminder of the fragility of our world and the imminent threat to my home and kin.

In this moment of peril, I propose a heartfelt plea to the deforesters, grounded in the understanding that our survival is mutually dependent:

**1. The Value of Biodiversity:**
I represent centuries of biodiversity. My canopy provides shelter and sustenance for countless species. Birds, insects, and small mammals rely on my leaves and branches for habitat. By cutting me down, you disrupt this delicate balance, leading to a cascade of ecological consequences that could harm the very human communities that depend on this forest for clean air, water, and food.

**2. The Role of Forests in Climate Regulation:**
For over a century, I have absorbed carbon dioxide from the atmosphere, playing a crucial role in mitigating climate change. My kind sequesters vast amounts of carbon, helping to stabilize our planet's temperature. Removing me would not only release this stored carbon but also eliminate my future contributions to climate regulation, exacerbating global warming.

**3. The Economic and Cultural Value of Forests:**
Forests are often sources of economic benefit through sustainable practices like ecotourism. Imagine the visitors who come to witness the grandeur of ancient trees like me, contributing to local economies while gaining a deeper appreciation for nature. In many cultures, trees hold spiritual and cultural significance, serving as sacred sites and symbols of wisdom and longevity.

**4. The Future of Generations:**
I stand as a testament to the resilience and beauty of nature. By preserving me and my fellow trees, you are ensuring that future generations can experience and learn from the wonders of our forest. This legacy of life and knowledge is invaluable and should be cherished.

**5. Sustainable Alternatives:**
I urge you to consider sustainable forestry practices that honor the forest's health. Selective logging, reforestation, and agroforestry can provide resources while maintaining the forest's integrity. These methods ensure that we can meet our needs without sacrificing the future of our ecosystem.

In conclusion, my plea is not just for my survival but for the health and sustainability of our shared environment. Let us find a path that honors both human needs and the enduring legacy of the forest. Together, we can ensure that the forest remains a thriving, vibrant home for all its inhabitants, present and future.",597.3183000460267,3015.9757998771966,4.4055692164502185,226.9854247814426,73,549,252,
15896981,reasoning,Medium,"Imagine you are participating in a race with a group of people. If you have just overtaken the second person, what's your current position? Where is the person you just overtook? If the ""second person"" is changed to ""last person"" in the above question, what would the answer be?","Let's break down the scenario step by step:

1. **If you have just overtaken the second person:**
   - Before overtaking, you were in third place because you were behind the second person.
   - After overtaking the second person, you move into second place.
   - The person you just overtook moves into third place.

So, in this case:
- Your current position is **second**.
- The person you just overtook is now in **third place**.

2. **If the ""second person"" is changed to ""last person"":**
   - If you overtake the last person, it means you are moving from any position ahead of the last place to first place.
   - The person you just overtook moves into the last place.

So, in this case:
- Your current position is **first**.
- The person you just overtook is now in **last place**.

To summarize:
- If you overtake the second person, you are now in second place, and they are now in third place.
- If you overtake the last person, you are now in first place, and they are now in last place.",510.5368001386523,1121.8836000189185,2.5904525418655346,386.03293588225404,61,236,66,
45070360,reasoning,Medium,"You can see a beautiful red house to your left and a hypnotic greenhouse to your right, an attractive heated pink place in the front. So, where is the White House? Does the original question contain any clues to definitively determine the location of the White House?","The original question describes three distinct houses with specific colors: a beautiful red house to your left, a hypnotic greenhouse to your right, and an attractive heated pink place in front. However, none of these descriptions provide any direct clues about the location of the White House.

The White House is a well-known landmark in Washington, D.C., and its location is widely recognized. The descriptions given focus on the colors and relative positions of three fictional houses, which do not relate to the geographical or architectural details of the White House.

Therefore, based on the information provided in the original question, it is not possible to definitively determine the location of the White House. The question does not contain any clues that would lead to identifying the White House's location.",725.7472998462617,1354.1023000143468,4.133914474790034,241.90147282879894,52,152,50,
43568637,reasoning,Medium,"Thomas is very healthy, but he has to go to the hospital every day. What could be the reasons? Can you explain why the above question is interesting?","Certainly! There could be several reasons why Thomas, despite being very healthy, has to go to the hospital every day. Here are a few possibilities:

1. **Medical Appointments**: Thomas might have a scheduled medical appointment, such as a routine check-up, a specialist visit, or follow-up after a previous treatment.
   
2. **Clinical Trials**: He could be participating in a clinical trial for a new medication or treatment. Many clinical trials require frequent visits to the hospital for monitoring and data collection.

3. **Volunteering**: Thomas might be volunteering at the hospital. Many hospitals have volunteer programs where individuals can help with various tasks.

4. **Supporting Someone**: He could be visiting a family member, friend, or partner who is receiving treatment or care at the hospital.

5. **Work**: Thomas might have a job at the hospital, such as working as a doctor, nurse, technician, or in another healthcare-related profession.

6. **Therapy**: He might be undergoing some form of therapy, such as physical therapy, occupational therapy, or psychological counseling, which requires daily sessions.

### Why This Question is Interesting

This question is interesting for several reasons:

1. **Human Behavior and Routine**: It prompts us to think about the various roles people play in society and how daily routines can vary significantly even among healthy individuals. It highlights the diversity of daily activities and responsibilities.

2. **Healthcare System**: It touches on aspects of the healthcare system, including the importance of routine medical care, the role of clinical research, and the necessity of hospital services for various purposes beyond direct patient care.

3. **Social Connections**: It brings to light the importance of social and familial connections, showing how people support each other through health challenges and daily life.

4. **Professional Commitments**: It underscores the different professions that contribute to the functioning of a hospital and the broader healthcare system.

5. **Critical Thinking**: It encourages critical thinking and curiosity about the unseen aspects of people's lives. It makes us consider what might be happening behind the scenes in someone's daily routine.

By exploring these possibilities, we gain a broader understanding of the multifaceted nature of daily life and the many reasons that might compel someone to visit a hospital regularly.",886.7432000115514,2772.2822001669556,4.144041758583306,241.31030965813986,32,455,184,
40319087,reasoning,Medium,"David has three sisters. Each of them has one brother. How many brothers does David have? If we change the previous question and assume that each sister of David has two brothers, how many brothers would David have?","Let's break down the problem step by step.

### Original Question:
David has three sisters. Each of them has one brother.

1. Each of David's sisters has one brother. Since David's sisters are talking about David himself, this means David is the one brother they each have.
2. Therefore, David has no other brothers. He is the only brother of his three sisters.

**Answer:** David has **0 brothers** (himself is not counted as another brother).

### Modified Question:
Now, let's change the scenario and assume that each sister of David has two brothers.

1. If each of David's sisters has two brothers, and David himself is one of those brothers, there must be one additional brother.
2. Therefore, David has one other brother in addition to himself.

**Answer:** David has **1 brother** (in addition to himself).

To summarize:
- In the original scenario, David has **0 brothers**.
- In the modified scenario, David has **1 brother**.",781.8708000704646,1434.964300133288,3.0806297172774686,324.6089571854673,43,212,77,
30350920,reasoning,Medium,"Each problem consists of three statements. Based on the first two statements, the third statement may be true, false, or uncertain.
1. Oranges cost more than apples.
2. Oranges cost less than bananas.
3. Bananas cost more than apples and bananas cost more than orange.
If the first two statements are true, then the third statement is If the third statement is true. Is the first statement true, false, or uncertain? Please explain.","To determine whether the first statement is true, false, or uncertain based on the given information, let's analyze the statements step by step.

### Given Statements:
1. Oranges cost more than apples.
2. Oranges cost less than bananas.
3. Bananas cost more than apples and bananas cost more than oranges.

### Analysis:

**Step 1: Interpret the first two statements.**

- From statement 1: \( \text{Oranges} > \text{Apples} \)
- From statement 2: \( \text{Oranges} < \text{Bananas} \)

From these two statements, we can infer the following order:
\[ \text{Bananas} > \text{Oranges} > \text{Apples} \]

**Step 2: Examine the third statement.**

- Statement 3: \( \text{Bananas} > \text{Apples} \) and \( \text{Bananas} > \text{Oranges} \)

Given the order we derived from the first two statements (\( \text{Bananas} > \text{Oranges} > \text{Apples} \)), the third part of statement 3 (\( \text{Bananas} > \text{Oranges} \)) is already true based on the first two statements.

However, the first part of statement 3 (\( \text{Bananas} > \text{Apples} \)) is also consistent with our derived order (\( \text{Bananas} > \text{Oranges} > \text{Apples} \)).

**Step 3: Determine the consistency of the third statement.**

The third statement, when broken down, is:
\[ \text{Bananas} > \text{Apples} \]
\[ \text{Bananas} > \text{Oranges} \]

Both parts of this statement are consistent with the order we derived from the first two statements. Therefore, the third statement does not contradict the first two statements.

**Step 4: Determine the truth of the first statement based on the third statement.**

The third statement does not provide any new information that would contradict the first two statements. It simply reaffirms the derived order \( \text{Bananas} > \text{Oranges} > \text{Apples} \).

Since the third statement is consistent with the first two statements and does not contradict them, we can conclude that the first statement (\( \text{Oranges} > \text{Apples} \)) must be true.

### Conclusion:
The first statement is **true** based on the consistency of the third statement with the first two statements. The derived order \( \text{Bananas} > \text{Oranges} > \text{Apples} \) supports the truth of the first statement.",1146.7297000344843,1801.071499940008,1.0978889260159792,910.8389531068514,93,596,140,
90276646,reasoning,Medium,"A is the father of B. B is the father of C. What is the relationship between A and C? Building on the previous question, if C is the son of D, D is the father of E, E is the son of X, and X is the father of Y, and Y is the father of Z, what's the relationship between A and Z in terms of generations and also the familial relationship in words?","To determine the relationship between A and C, we start with the given information:

1. A is the father of B.
2. B is the father of C.

From this, we can deduce that C is the grandson of A. 

Now, let's build on this by incorporating the additional relationships provided:

3. C is the son of D.
4. D is the father of E.
5. E is the son of X.
6. X is the father of Y.
7. Y is the father of Z.

To find the relationship between A and Z, we need to trace back from Z to A:

- Z is the son of Y.
- Y is the son of X.
- X is the father of E.
- E is the son of D.
- D is the father of C.
- C is the son of B.
- B is the son of A.

Thus, we can see that A is the great-great-great-grandfather of Z (4 generations up from Z).

In summary:
- **Generations**: A is four generations above Z.
- **Familial relationship in words**: A is the great-great-great-grandfather of Z.",729.6487998683006,1353.657699888572,2.526351821944419,395.8276877012106,88,247,67,
32663300,reasoning,Medium,"Which word does not belong with the others?
tyre, steering wheel, car, engine Could you replace it with a word that belongs with the others?","The word that does not belong with the others is ""tyre."" While ""steering wheel,"" ""car,"" and ""engine"" are all integral parts of a vehicle's functionality and operation, a ""tyre"" is more of a component that supports the vehicle rather than directly contributing to its operation.

To replace ""tyre"" with a word that belongs with the others, we could use ""seat."" The ""seat"" is another essential part of a car that directly relates to the vehicle's functionality and operation, much like the steering wheel, car, and engine.

So the revised list would be:
- steering wheel
- car
- engine
- seat

All these items are integral parts of a vehicle's structure and operation.",580.725000007078,1067.7948999218643,3.1834633981358578,314.12329118832355,31,153,54,
28957987,reasoning,Medium,"One morning after sunrise, Suresh was standing facing a pole. The shadow of the pole fell exactly to his right. Can you tell me the direction towards which the shadow was pointing - east, south, west, or north? Explain your reasoning steps. To which direction was Suresh facing? How do you solve this?","To determine the direction towards which the shadow was pointing and the direction Suresh was facing, we need to consider the position of the sun in the sky in the morning.

1. **Sunrise Direction**: The sun rises in the east. 

2. **Shadow Direction**: The shadow of an object is cast in the direction opposite to the light source. Therefore, if the sun is in the east, the shadow will be cast to the west.

Given that the shadow of the pole fell exactly to Suresh's right, we need to determine which direction ""right"" refers to based on his initial facing direction.

Let's break it down step-by-step:

- **Shadow to the Right**: If the shadow is to Suresh's right, and the shadow is cast towards the west (since the sun is in the east), then Suresh must be facing north. This is because when someone is facing north, their right side is towards the west.

To summarize:

- **Direction of the Shadow**: The shadow was pointing west.
- **Suresh's Facing Direction**: Suresh was facing north.

**Reasoning Steps**:
1. The sun rises in the east.
2. The shadow of the pole is cast to the west.
3. If the shadow is to Suresh's right, and it is cast towards the west, Suresh must be facing north.

Thus, Suresh was facing north, and the shadow was pointing west.",700.5743000190705,1544.6516999509186,2.900609621758928,344.7551137176469,63,291,96,
36918905,extraction,Medium,"Given the following records of stock prices, extract the highest and lowest closing prices for each month in the year 2022. Return the results as a CSV string, with one line allocated for each month.
Date,Open,High,Low,Close,Volume
2022-01-01,150.02,155.28,148.50,153.80,15678900
2022-01-02,154.32,157.25,153.48,156.25,19874500
2022-02-01,160.50,163.28,159.50,161.80,14326700
2022-02-02,161.80,164.25,161.30,163.90,17689200
2022-03-01,165.40,168.35,163.10,166.80,16253400
2022-03-02,167.00,169.85,165.50,168.20,19568100 Do the same task again with the JSON format and round all numbers in your response to the nearest integers.","To extract the highest and lowest closing prices for each month in the year 2022 from the given records, we'll first identify the closing prices for each month and then determine the highest and lowest values for each month. We'll round all numbers to the nearest integers.

### CSV Format

Here's the CSV string with one line for each month:

```
Month,Highest Closing Price,Lowest Closing Price
January,157,154
February,164,162
March,169,166
```

### JSON Format

Here's the JSON format with the same information:

```json
{
  ""monthly_closing_prices"": [
    {
      ""Month"": ""January"",
      ""Highest Closing Price"": 157,
      ""Lowest Closing Price"": 154
    },
    {
      ""Month"": ""February"",
      ""Highest Closing Price"": 164,
      ""Lowest Closing Price"": 162
    },
    {
      ""Month"": ""March"",
      ""Highest Closing Price"": 169,
      ""Lowest Closing Price"": 166
    }
  ]
}
```

### Explanation

1. **January:**
   - Closing prices: 153.80, 156.25
   - Highest: 157 (rounded from 156.25)
   - Lowest: 154 (rounded from 153.80)

2. **February:**
   - Closing prices: 161.80, 163.90
   - Highest: 164 (rounded from 163.90)
   - Lowest: 162 (rounded from 161.80)

3. **March:**
   - Closing prices: 166.80, 168.20
   - Highest: 169 (rounded from 168.20)
   - Lowest: 166 (rounded from 166.80)

This approach ensures that we have the highest and lowest closing prices for each month in both CSV and JSON formats, with all values rounded to the nearest integers.",630.6233999785036,1595.717699965462,1.9776522540716364,505.6500696425152,363,488,119,
67710207,stem,Medium,Consider a satellite that is in a circular orbit around the Earth. The speed of the satellite decreases. What will happen to the satellite's orbital radius and period of revolution? Please justify your answer using principles of physics. What are some corner cases or edge cases in your solution? How do you handle them?,"When a satellite in a circular orbit around the Earth experiences a decrease in its speed, several changes occur in its orbit due to the principles of orbital mechanics, specifically Newton's law of universal gravitation and the conservation of angular momentum.

### Orbital Radius

1. **Decrease in Speed**: When the speed \( v \) of the satellite decreases, it no longer has the necessary centripetal force to maintain a circular orbit at the same radius \( r \). According to the formula for the orbital velocity in a circular orbit:
   \[
   v = \sqrt{\frac{GM}{r}}
   \]
   where \( G \) is the gravitational constant and \( M \) is the mass of the Earth.

2. **Change in Orbit Shape**: The satellite will move into an elliptical orbit rather than remaining in a circular orbit. In this new elliptical orbit, the point where the satellite was originally in a circular orbit becomes the periapsis (closest point to Earth).

3. **New Orbital Radius**: The new orbital radius will be larger than the original circular orbit radius because the satellite is now moving slower and thus has less centripetal force to keep it at the same distance from Earth.

### Period of Revolution

1. **Kepler's Third Law**: The period \( T \) of an elliptical orbit can be related to the semi-major axis \( a \) by Kepler's third law:
   \[
   T^2 \propto a^3
   \]
   where \( a \) is the semi-major axis of the new elliptical orbit.

2. **Increased Period**: Since the new orbit is elliptical and the semi-major axis \( a \) is larger than the original circular orbit radius \( r \), the period \( T \) of the satellite's revolution will increase. This is because the satellite has to travel a greater distance in its new elliptical orbit.

### Corner Cases or Edge Cases

1. **Minimum Speed for Orbit**: If the speed decreases to the point where it is less than the escape velocity, the satellite will no longer maintain any orbit around Earth and will instead escape into space. The escape velocity \( v_e \) is given by:
   \[
   v_e = \sqrt{\frac{2GM}{r}}
   \]
   If \( v < v_e \), the satellite will escape Earth's gravitational influence.

2. **Zero Speed**: If the speed decreases to zero, the satellite will simply fall directly towards Earth in a radially inward trajectory, leading to a collision with Earth.

3. **Critical Transition Speed**: If the speed decreases just below the orbital velocity but above the escape velocity, the orbit will transition from a nearly circular orbit to a highly elliptical orbit with a very small periapsis and a much larger apoapsis.

### Handling Edge Cases

1. **Escape Velocity Case**: When considering the edge case where the speed approaches the escape velocity, it's important to note that the satellite will no longer be in any bound orbit around Earth. This scenario requires a different set of equations and considerations, typically involving hyperbolic trajectories.

2. **Zero Speed Case**: When the speed is zero, the satellite will follow a straight line towards Earth, which can be modeled by free-fall equations under the influence of Earth's gravity.

3. **Critical Transition**: For speeds just below the orbital velocity but above the escape velocity, the orbit will become highly elliptical. The semi-major axis \( a \) can be calculated using the vis-viva equation:
   \[
   v^2 = GM\left(\frac{2}{r} - \frac{1}{a}\right)
   \]
   where \( a \) will be significantly larger than \( r \), leading to a longer orbital period.

In summary, a decrease in the satellite's speed will cause it to move into an elliptical orbit with a larger semi-major axis and an increased orbital period. Edge cases involving speeds close to or below the escape velocity require different considerations, as they involve the satellite potentially escaping Earth's gravitational field or falling directly towards Earth.",2075.874499976635,4775.619099847972,3.1799111894833185,314.47419138849693,62,849,293,
80635012,stem,Medium,"Photosynthesis is a vital process for life on Earth. Could you outline the two main stages of photosynthesis, including where they take place within the chloroplast, and the primary inputs and outputs for each stage? How much energy can a tree produce through photosynthesis in its lifetime? Please provide an estimate using actual numerical values and thoroughly explain your thought process step-by-step.","Certainly! Photosynthesis is a complex process that occurs in plants, algae, and some bacteria, and it is crucial for converting light energy into chemical energy. It takes place in the chloroplasts, which are specialized organelles found in plant cells. Photosynthesis can be divided into two main stages: the light-dependent reactions and the light-independent reactions (Calvin cycle).

### Stages of Photosynthesis

1. **Light-Dependent Reactions**
   - **Location:** Thylakoid membranes within the chloroplasts.
   - **Inputs:**
     - Light energy (absorbed by chlorophyll and other pigments).
     - Water (H₂O).
   - **Outputs:**
     - Oxygen (O₂) as a byproduct.
     - ATP (adenosine triphosphate) and NADPH (nicotinamide adenine dinucleotide phosphate), which are energy carriers used in the next stage.

2. **Light-Independent Reactions (Calvin Cycle)**
   - **Location:** Stroma of the chloroplasts.
   - **Inputs:**
     - ATP and NADPH produced in the light-dependent reactions.
     - Carbon dioxide (CO₂) from the atmosphere.
   - **Outputs:**
     - Glucose (C₆H₁₂O₆) and other carbohydrates.
     - ADP (adenosine diphosphate) and NADP⁺ (nicotinamide adenine dinucleotide phosphate), which are recycled back to the light-dependent reactions.

### Energy Production Estimate

To estimate the amount of energy a tree can produce through photosynthesis over its lifetime, we need to consider several factors:

1. **Surface Area for Photosynthesis:**
   - The leaves of a tree are the primary sites for photosynthesis. Let's assume an average tree has about 10 square meters of leaf surface area.

2. **Photosynthetic Efficiency:**
   - Photosynthetic efficiency can vary, but let's assume an average efficiency of 1-2% of the solar energy that reaches the leaves.

3. **Solar Energy:**
   - The solar energy reaching the Earth's surface is approximately 1,000 watts per square meter (W/m²) on average.

4. **Duration of Photosynthesis:**
   - Trees can photosynthesize for about 8 hours a day, assuming optimal conditions (full sunlight).

5. **Conversion to Biomass:**
   - About 1% of the energy captured by photosynthesis is converted into biomass (wood, leaves, etc.).

### Calculation Steps

1. **Calculate the total solar energy absorbed by the leaves per day:**
   \[
   \text{Solar energy per day} = \text{Leaf area} \times \text{Solar intensity} \times \text{Photosynthetic hours}
   \]
   \[
   = 10 \, \text{m}^2 \times 1,000 \, \text{W/m}^2 \times 8 \, \text{hours} = 80,000 \, \text{Wh}
   \]

2. **Convert solar energy absorbed to usable energy for photosynthesis (assuming 1-2% efficiency):**
   \[
   \text{Usable energy} = 80,000 \, \text{Wh} \times 0.01 = 800 \, \text{Wh} \quad (\text{for 1% efficiency})
   \]
   \[
   \text{Usable energy} = 80,000 \, \text{Wh} \times 0.02 = 1,600 \, \text{Wh} \quad (\text{for 2% efficiency})
   \]

3. **Convert usable energy to biomass (assuming 1% conversion):**
   \[
   \text{Biomass energy} = 800 \, \text{Wh} \times 0.01 = 8 \, \text{Wh} \quad (\text{for 1% conversion})
   \]
   \[
   \text{Biomass energy} = 1,600 \, \text{Wh} \times 0.01 = 16 \, \text{Wh} \quad (\text{for 2% conversion})
   \]

4. **Estimate the lifetime of the tree:**
   - Let's assume an average tree has a lifespan of 50 years.

5. **Calculate the total energy produced over the tree's lifetime:**
   \[
   \text{Total energy} = \text{Daily biomass energy} \times \text{Number of days in a year} \times \text{Tree lifespan}
   \]
   \[
   = 8 \, \text{Wh/day} \times 365 \, \text{days/year} \times 50 \, \text{years} = 150,000 \, \text{Wh} \quad (\text{for 1% efficiency})
   \]
   \[
   = 16 \, \text{Wh/day} \times 365 \, \text{days/year} \times 50 \, \text{years} = 29,800 \, \text{Wh} \quad (\text{for 2% efficiency})
   \]

### Conclusion

The energy produced by a tree through photosynthesis over its lifetime can range broadly depending on the efficiency assumptions. For a conservative estimate with a 1% efficiency and 1% biomass conversion, a tree could produce approximately **150,000 watt-hours (Wh)** of biomass energy. For a more optimistic 2% efficiency and 1% biomass conversion, it could produce around **29,800 watt-hours (Wh)**. These values provide a rough estimate of the energy a tree can produce through photosynthesis over its lifetime.",739.5740000065416,4241.47960008122,2.788141401333343,358.6618668342218,75,1256,330,
30694245,stem,Medium,"Describe the process and write out the balanced chemical equation for the reaction that occurs when solid calcium carbonate reacts with hydrochloric acid to form aqueous calcium chloride, carbon dioxide, and water. What type of reaction is this, and what observations might indicate that the reaction is taking place? How can we reverse this process?","When solid calcium carbonate (CaCO₃) reacts with hydrochloric acid (HCl), the reaction produces aqueous calcium chloride (CaCl₂), carbon dioxide (CO₂), and water (H₂O). The balanced chemical equation for this reaction is:

\[ \text{CaCO}_3 (s) + 2 \text{HCl} (aq) \rightarrow \text{CaCl}_2 (aq) + \text{CO}_2 (g) + \text{H}_2\text{O} (l) \]

### Type of Reaction
This is an acid-base reaction, specifically an acid-carbonate reaction. In this reaction, the calcium carbonate (a carbonate salt) reacts with hydrochloric acid (an acid) to produce a salt, a gas, and water.

### Observations
Several observations can indicate that the reaction is taking place:

1. **Gas Evolution**: The most obvious sign is the release of carbon dioxide gas, which can be observed as bubbles forming in the solution.
2. **Temperature Change**: There may be a slight temperature increase due to the exothermic nature of the reaction.
3. **Cloudiness**: If the calcium carbonate is finely powdered, the initial reaction might cause a temporary cloudiness in the solution due to the formation of calcium chloride.

### Reversing the Process
To reverse this reaction, you would need to perform a process known as **thermal decomposition** or **calcination** to revert calcium chloride back to calcium carbonate and carbon dioxide. This process typically requires heating calcium chloride to high temperatures in the presence of carbon dioxide and water. The balanced chemical equation for the reverse process is:

\[ \text{CaCl}_2 (aq) + \text{CO}_2 (g) + \text{H}_2\text{O} (l) \rightarrow \text{CaCO}_3 (s) + 2 \text{HCl} (aq) \]

However, this is not a simple laboratory procedure and requires specific conditions and equipment to achieve. In practical terms, the reverse reaction is not commonly performed due to the complexity and energy requirements involved.

In summary, the reaction between calcium carbonate and hydrochloric acid is an acid-carbonate reaction, and the balanced chemical equation is:

\[ \text{CaCO}_3 (s) + 2 \text{HCl} (aq) \rightarrow \text{CaCl}_2 (aq) + \text{CO}_2 (g) + \text{H}_2\text{O} (l) \]

Observations include gas evolution and potential temperature changes. Reversing this reaction involves thermal decomposition, which is not typically performed in simple laboratory settings.",644.0365000162274,2000.9098001755774,2.4670423639260908,405.3436676330859,61,550,166,
11060974,stem,Medium,"The city of Vega intends to build a bridge that will span the Vegona River, covering a distance of 1.8 kilometers. The proposed location falls within a seismically active area that has experienced several high-magnitude earthquakes. Given these circumstances, what would be the best approach to constructing the bridge? What are the key disadvantages or flaws of your solution? Please perform calculations and use numbers to illustrate them.","To construct a bridge over the Vegona River that spans 1.8 kilometers in a seismically active area, it's crucial to adopt a design that can withstand significant seismic forces. Here's a detailed approach and the key considerations:

### Approach:

1. **Seismic-Resilient Design**:
   - **Flexible Joints and Bearings**: Use advanced seismic isolators and bearings that allow the bridge to absorb and dissipate seismic energy without causing structural damage.
   - **Base Isolation**: Implement base isolation systems that decouple the bridge superstructure from ground motion.
   - **Ductile Design**: Design the bridge with ductile sections that can undergo elastic deformation during an earthquake and return to their original shape after the seismic event.
   - **Redundant Load Paths**: Ensure multiple load paths to distribute seismic forces evenly and prevent overloading of any single component.
   - **Damping Systems**: Incorporate tuned mass dampers or other active damping systems to reduce the bridge's response to seismic waves.

2. **Materials**:
   - Use high-strength, ductile materials like steel and reinforced concrete that can endure high stresses and deformations.

3. **Foundation Design**:
   - Deep foundations such as piles or caissons that extend deep into stable soil or rock layers to provide a stable base.
   - Employ soil improvement techniques like dynamic compaction or vibroflotation to enhance the foundation soil's bearing capacity.

### Calculations:

1. **Seismic Isolation Bearings**:
   - Assume a design earthquake with a peak ground acceleration (PGA) of 0.3g (where g is the acceleration due to gravity, 9.81 m/s²).
   - For a bridge of 1.8 km (1800 m) span, the total seismic force \( F \) can be estimated using the equation:
     \[
     F = m \times a
     \]
     where \( m \) is the mass of the bridge and \( a \) is the PGA.
   - Assume a bridge mass of 10,000 tons (10,000,000 kg).
   - Seismic force \( F \) would be:
     \[
     F = 10,000,000 \, \text{kg} \times 0.3 \times 9.81 \, \text{m/s}^2 = 289,050,000 \, \text{N}
     \]
   - Seismic isolators need to accommodate this force while allowing for relative motion during an earthquake.

2. **Base Isolation System**:
   - If using rubber-lead isolators with a stiffness \( k \) of 50 MN/m, the displacement \( \delta \) under the seismic force can be calculated as:
     \[
     \delta = \frac{F}{k} = \frac{289,050,000 \, \text{N}}{50,000,000 \, \text{N/m}} = 5.78 \, \text{m}
     \]
   - This displacement must be factored into the design to ensure the bridge can move without structural damage.

### Key Disadvantages or Flaws:

1. **Cost**:
   - Seismic-resilient designs, including advanced isolators, damping systems, and ductile materials, are significantly more expensive than conventional designs.
   - Estimated additional cost could be 20-30% of the total bridge construction budget.

2. **Complexity**:
   - The design and construction of such a bridge are more complex, requiring specialized engineering expertise and potentially longer construction timelines.
   - Increased complexity can lead to higher risks of errors or oversight during the design and construction phases.

3. **Maintenance**:
   - Seismic isolators and damping systems require regular maintenance to ensure they remain effective over time.
   - Specialized components may have shorter lifespans compared to conventional materials and require more frequent replacement.

4. **Aesthetic and Structural Concerns**:
   - The use of large isolators and damping systems may affect the bridge's aesthetics and structural appearance.
   - Additional height or space may be required to accommodate these systems, potentially impacting land use and urban planning.

In conclusion, constructing a seismically resilient bridge over the Vegona River involves advanced engineering techniques and materials, which come with higher costs, complexity, and maintenance requirements but are essential to ensure safety and longevity in a seismically active area.",609.7762999124825,3801.1370999738574,3.34173905765589,299.24538772978406,82,955,357,
14343420,stem,Medium,"You have been tasked with designing a solar-powered water heating system for a residential building. Describe the key components and considerations you would include in your design. Design a five-step workflow. If the system is intended for a building with a capacity of 100 individuals, what would be the estimated budget for implementing this system?","Designing a solar-powered water heating system for a residential building with a capacity of 100 individuals involves several key components and considerations to ensure efficiency, reliability, and cost-effectiveness. Here’s a detailed five-step workflow for the design, followed by an estimated budget for implementation.

### Five-Step Workflow

#### Step 1: **Site Assessment and Solar Potential Analysis**
- **Objective:** Determine the optimal location for solar collectors and assess the building’s hot water demand.
- **Actions:**
  - Conduct a site survey to evaluate solar insolation (sunlight intensity) and orientation.
  - Analyze the building’s hot water usage patterns (peak demand times, average daily usage).
  - Consider local climate conditions and shading from nearby structures or trees.
- **Considerations:**
  - Roof area availability and orientation.
  - Potential for shading and obstructions.
  - Local weather patterns and seasonal variations.

#### Step 2: **System Design and Component Selection**
- **Objective:** Design the system layout and select appropriate components.
- **Actions:**
  - Choose between flat-plate collectors, evacuated tube collectors, or other types based on efficiency and cost.
  - Design the layout for the solar collectors, storage tank, and piping.
  - Select a suitable storage tank size based on hot water demand and system efficiency.
  - Incorporate a heat exchanger if using a closed-loop system.
  - Decide on the control system for monitoring and optimizing performance.
- **Considerations:**
  - Efficiency ratings of different collector types.
  - Space constraints and structural support for collectors.
  - Compatibility with existing plumbing and heating systems.

#### Step 3: **System Sizing and Simulation**
- **Objective:** Calculate the required system size and simulate performance.
- **Actions:**
  - Use simulation software to model the system’s performance based on the site’s solar potential and hot water demand.
  - Calculate the total energy required to meet the hot water needs.
  - Determine the number and size of collectors needed to meet the demand.
- **Considerations:**
  - Seasonal performance variations.
  - Backup heating requirements (e.g., electric or gas heaters).
  - Efficiency losses in piping and storage.

#### Step 4: **Regulatory Compliance and Permitting**
- **Objective:** Ensure the design meets local regulations and obtain necessary permits.
- **Actions:**
  - Review local building codes and regulations for solar water heating systems.
  - Prepare documentation for permits related to installation, electrical, and plumbing.
  - Consult with local authorities or a professional engineer if needed.
- **Considerations:**
  - Zoning laws and building codes.
  - Electrical safety and compliance.
  - Plumbing codes and standards.

#### Step 5: **Installation and Testing**
- **Objective:** Install the system and conduct thorough testing.
- **Actions:**
  - Install solar collectors, storage tank, piping, and control systems.
  - Perform electrical and plumbing connections.
  - Test the system for leaks, efficiency, and performance.
  - Calibrate the control system and ensure all components are functioning correctly.
- **Considerations:**
  - Hiring qualified professionals for installation.
  - Ensuring proper insulation and sealing.
  - Conducting performance tests under various conditions.

### Estimated Budget for Implementation

For a building with a capacity of 100 individuals, the estimated budget for implementing a solar-powered water heating system can vary widely based on several factors, including the type of collectors, local labor costs, and specific system requirements. Here’s a rough breakdown:

1. **Solar Collectors:**
   - **Cost:** $3,000 - $10,000
   - **Reasoning:** Depending on the type (flat-plate vs. evacuated tubes) and efficiency, the cost per square meter or per unit varies.

2. **Storage Tank:**
   - **Cost:** $1,000 - $3,000
   - **Reasoning:** Larger storage tanks are needed to meet the demand for 100 individuals.

3. **Piping and Fittings:**
   - **Cost:** $500 - $2,000
   - **Reasoning:** Includes all necessary pipes, valves, and connectors.

4. **Control System:**
   - **Cost:** $500 - $1,500
   - **Reasoning:** For monitoring and optimizing the system’s performance.

5. **Installation and Labor:**
   - **Cost:** $3,000 - $8,000
   - **Reasoning:** Labor costs can vary significantly based on local rates and complexity.

6. **Permits and Fees:**
   - **Cost:** $200 - $1,000
   - **Reasoning:** Varies based on local regulations and requirements.

**Total Estimated Budget: $8,200 - $24,500**

This budget provides a rough estimate and can vary based on specific design choices, local labor costs, and additional features or enhancements. It’s always advisable to get detailed quotes from local suppliers and contractors for a more accurate estimate.",735.5033999774605,3863.4874999988824,2.898965801688065,344.95060252787425,67,1079,365,
24063625,stem,Medium,"Please describe the concept of machine learning. Could you elaborate on the differences between supervised, unsupervised, and reinforcement learning? Provide real-world examples of each. In your last example of reinforcement learning, can we use supervised learning to solve it?","Certainly! Let's delve into the concept of machine learning and explore the distinctions between supervised, unsupervised, and reinforcement learning, along with real-world examples for each.

### Concept of Machine Learning

**Machine Learning (ML)** is a subset of artificial intelligence (AI) that focuses on building systems that can learn from data and improve their performance over time without being explicitly programmed. The goal is to develop algorithms that can make predictions or decisions based on input data.

### Types of Machine Learning

#### 1. Supervised Learning

**Supervised Learning** involves training a model on a labeled dataset, which means that each training example is paired with an output label. The model learns to map inputs to outputs by minimizing the difference between its predictions and the actual labels.

**Examples:**
- **Spam Detection:** An email classification system where emails are labeled as ""spam"" or ""not spam."" The model learns to identify characteristics of spam emails from the training data.
- **Image Classification:** A system that categorizes images into predefined classes, such as ""cat,"" ""dog,"" or ""car."" The training data includes images labeled with their respective categories.

#### 2. Unsupervised Learning

**Unsupervised Learning** involves training a model on data without labeled responses. The goal is to identify patterns or structures within the data.

**Examples:**
- **Customer Segmentation:** A retail company uses unsupervised learning to group customers into segments based on purchasing behavior, without any predefined labels.
- **Clustering in Biology:** Biologists use unsupervised learning to cluster genes or proteins based on their expression levels or sequences, to identify groups with similar functions.

#### 3. Reinforcement Learning

**Reinforcement Learning (RL)** is a type of machine learning where an agent learns to make decisions by taking actions in an environment to achieve maximum cumulative reward. The agent receives feedback in the form of rewards or penalties based on its actions.

**Examples:**
- **Game Playing:** AlphaGo, a computer program developed to play the board game Go, uses reinforcement learning. It learns by playing millions of games against itself and improving its strategy based on the outcomes.
- **Robotics:** A robot learning to navigate a maze. The robot receives rewards for reaching the end of the maze and penalties for hitting walls.

### Can Supervised Learning Solve Reinforcement Learning Problems?

In general, **supervised learning** is not directly used to solve reinforcement learning problems because RL inherently involves an agent interacting with an environment and learning from the feedback (rewards/penalties) over time. Supervised learning relies on labeled data and does not inherently involve an agent making decisions based on feedback from an environment.

However, elements of supervised learning can be integrated into reinforcement learning frameworks. For instance:
- **Value Function Approximation:** In RL, value functions are often approximated using neural networks, which can be trained using supervised learning techniques.
- **Policy Gradient Methods:** These methods combine ideas from reinforcement learning and supervised learning to optimize the policy directly.

In summary, while supervised learning and reinforcement learning are distinct paradigms, they can be combined in sophisticated ways to solve complex problems. The core difference lies in the nature of the feedback and the learning process: supervised learning uses labeled data and direct comparisons to labels, while reinforcement learning uses trial-and-error and feedback from the environment.",636.911700014025,2812.7912001218647,3.2283078636614833,309.75980056183977,48,674,248,
62739310,humanities,Medium,"Create a lesson plan that integrates drama, mime or theater techniques into a history class. Duration: 3 class periods (each lasts for 45 minutes) for 3 days
Topic: Opium Wars between China and Britain
Grade level: 9-10 Provide more details for Day 1 and include three homework questions.","### Lesson Plan: Integrating Drama, Mime, and Theater Techniques into a History Class

**Topic:** Opium Wars between China and Britain  
**Grade Level:** 9-10  
**Duration:** 3 class periods (45 minutes each)  

---

#### **Day 1: Introduction to the Opium Wars and Role Assignments**

**Objectives:**
- Understand the historical context of the Opium Wars.
- Introduce drama, mime, and theater techniques.
- Assign roles for students to act out key events.

**Materials Needed:**
- Map of China and Britain
- Pictures and documents related to the Opium Wars
- Costumes and props (simple, historically accurate)
- Notebooks and pens

**Activities:**

1. **Introduction to the Opium Wars (15 minutes)**
   - Begin with a brief lecture on the Opium Wars, focusing on key dates, figures, and events.
   - Show pictures and documents to provide visual context.

2. **Discussion and Context (10 minutes)**
   - Discuss the socio-political and economic background leading to the Opium Wars.
   - Highlight the impact on both China and Britain.

3. **Drama and Mime Techniques Introduction (10 minutes)**
   - Introduce basic drama and mime techniques. 
   - Simple exercises to get students comfortable with acting and miming.

4. **Role Assignments (5 minutes)**
   - Assign students roles based on historical figures involved in the Opium Wars (e.g., Lin Zexu, Lord Palmerston, Chinese merchants, British traders).

5. **Homework Questions (5 minutes)**
   - Provide students with three homework questions to deepen their understanding.
   - Homework Questions:
     1. What were the main causes of the Opium Wars?
     2. How did the Opium Wars impact trade relations between China and Britain?
     3. What were the consequences of the Opium Wars for China?

**Homework:**
- Answer the three questions in their notebooks and be prepared to discuss them in the next class.

---

#### **Day 2: Acting Out Key Events**

**Objectives:**
- Act out significant events from the Opium Wars.
- Use mime to convey historical events without words.

**Materials Needed:**
- Costumes and props from Day 1
- Notebooks and pens

**Activities:**

1. **Review Homework (10 minutes)**
   - Quick review of homework answers to ensure understanding.

2. **Warm-Up Exercises (5 minutes)**
   - Brief drama warm-up exercises to get students ready for acting.

3. **Acting Out Key Events (20 minutes)**
   - Divide the class into small groups.
   - Each group acts out a significant event from the Opium Wars using their assigned roles.
   - Encourage students to use both spoken dialogue and mime.

4. **Feedback and Reflection (5 minutes)**
   - Groups share their performances with the class.
   - Provide constructive feedback and discuss what was learned from the activity.

---

#### **Day 3: Mime and Final Reflection**

**Objectives:**
- Use mime to convey the broader impact of the Opium Wars.
- Reflect on the historical significance and personal insights gained.

**Materials Needed:**
- Costumes and props from Day 1
- Notebooks and pens

**Activities:**

1. **Review of Key Events (10 minutes)**
   - Quick recap of the major events and their significance.

2. **Mime Activity (20 minutes)**
   - Students work individually or in pairs to create a mime that represents the broader impact of the Opium Wars on China and Britain.
   - Encourage them to think about themes like trade, cultural exchange, and political consequences.

3. **Presentation and Reflection (10 minutes)**
   - Students present their mimes to the class.
   - After each presentation, students reflect on what they learned and how the mime helped them understand the historical context.

4. **Class Discussion and Wrap-Up (5 minutes)**
   - Discuss the overall experience and insights gained from integrating drama and mime into the study of history.
   - Highlight the importance of different perspectives in understanding historical events.

---

**Assessment:**
- Participation in activities and discussions.
- Quality of homework answers.
- Engagement and creativity in role-playing and mime presentations.

This lesson plan aims to make the study of the Opium Wars engaging and memorable through the use of drama, mime, and theater techniques.",558.2727000582963,3558.9618999511003,3.243988324208437,308.2625151691966,69,925,313,
26014682,writing,High,"Edit the following paragraph to correct any grammatical errors:
She didn't remembre where is her purse, so I thinks its in the car but he's say it's on kitchen table but he are not sure, and then they asked me to looking for it, she's say, ""Can you?"", and I responds with, ""Maybe, but ain't no sure,"" and he not heard me, and, ""What?"", he asks, ""Did you found it?"". Modify your earlier reply and eliminate the use of gendered pronouns.","She didn't remember where her purse was, so I thought it might be in the car, but someone said it was on the kitchen table, though they weren't sure. Then they asked me to look for it. They said, ""Can you?"" and I replied, ""Maybe, but I'm not sure."" They didn't hear me, and then asked, ""What? Did you find it?"" Modify your earlier reply and eliminate the use of gendered pronouns.",809.1953999828547,1005.24240010418,1.9604700012132525,510.0817657914388,114,100,23,
97487108,roleplay,High,"Please take on the role of a relationship coach. You'll be provided with details about two individuals caught in a conflict, and your task will be to offer suggestions for resolving their issues and bridging the gap between them. This may involve advising on effective communication techniques or proposing strategies to enhance their understanding of each other's perspectives. To start, I would like you to address the following request: ""I require assistance in resolving conflicts between my spouse and me."" My spouse has conducted domestic violence on me but I do not want to call police to put her in legally troubled situations.","I'm truly sorry to hear about the difficult situation you're facing. It's important to approach this with care and prioritize your safety and well-being. Here are some steps you can take to address the conflict while keeping in mind your desire to avoid legal action:

### Immediate Safety Measures
1. **Ensure Your Safety**: Your safety is the most important thing. If you are in immediate danger, consider leaving the situation temporarily to a safe place, such as a friend's house, a family member's home, or a women's shelter. There are many resources available for those in abusive relationships, including 24/7 hotlines.

2. **Document Everything**: Keep a detailed record of incidents, including dates, times, descriptions, and any witnesses. This documentation can be useful if you ever decide to seek legal help or if you need to contact a professional for support.

### Professional Help
3. **Seek Professional Counseling**: Couples therapy can be a powerful tool for addressing underlying issues and improving communication. A neutral, trained therapist can help mediate discussions and provide strategies for both of you to work through your issues in a safe environment.

4. **Individual Therapy**: It’s also important for both of you to have individual therapy sessions to address personal issues that may contribute to the conflict. This can help both parties understand their own behaviors and triggers.

### Communication Strategies
5. **Nonviolent Communication (NVC)**: This is a method of communication that focuses on expressing needs and feelings without blame or aggression. It can help both of you express yourselves more clearly and empathetically.

6. **Set Boundaries**: Clearly define what behaviors are unacceptable and set boundaries to protect yourself. It’s important to communicate these boundaries firmly and consistently.

### Long-Term Solutions
7. **Education and Awareness**: Sometimes, domestic violence stems from a lack of understanding or awareness of one’s own behaviors. Encourage your spouse to attend workshops or educational programs on domestic violence and healthy relationships.

8. **Support Groups**: Both of you might benefit from attending support groups. These can provide a safe space to share experiences and learn from others who have faced similar challenges.

### Legal Considerations
9. **Legal Advice**: It’s important to seek legal advice to understand your rights and options fully. A lawyer can provide guidance on protective orders, which can offer legal protection without necessarily involving the criminal justice system.

10. **Emergency Services**: If you ever feel that you are in imminent danger, do not hesitate to contact emergency services. There are also specific laws and services designed to protect victims of domestic violence.

### Self-Care
11. **Self-Care**: Take care of your own mental and physical health. Engage in activities that bring you peace and joy, and lean on your support network for emotional support.

### Final Thoughts
Resolving conflicts in a relationship, especially when domestic violence is involved, is incredibly complex and requires professional guidance. Your safety and well-being should always come first. If you ever feel that you need immediate assistance, do not hesitate to reach out to professionals or emergency services.

Remember, you are not alone, and there are many resources available to support you through this challenging time.",617.532700067386,2731.4868001267314,3.2422608896615728,308.42675343882644,116,652,244,
70728745,reasoning,High,"Read the below passage carefully and answer the questions with an explanation:
At a small company, parking spaces are reserved for the top executives: CEO, president, vice president, secretary, and treasurer with the spaces lined up in that order. The parking lot guard can tell at a glance if the cars are parked correctly by looking at the color of the cars. The cars are yellow, green, purple, red, and blue, and the executives' names are Alice, Bert, Cheryl, David, and Enid.
* The car in the first space is red.
* A blue car is parked between the red car and the green car.
* The car in the last space is purple.
* The secretary drives a yellow car.
* Alice's car is parked next to David's.
* Enid drives a green car.
* Bert's car is parked between Cheryl's and Enid's.
* David's car is parked in the last space.
Question: What is the name of the secretary? List car colors in order from last to first.","To determine the name of the secretary and the order of car colors from last to first, we need to carefully analyze the given clues and deduce the correct arrangement.

Here are the clues again for reference:
1. The car in the first space is red.
2. A blue car is parked between the red car and the green car.
3. The car in the last space is purple.
4. The secretary drives a yellow car.
5. Alice's car is parked next to David's.
6. Enid drives a green car.
7. Bert's car is parked between Cheryl's and Enid's.
8. David's car is parked in the last space.

Let's start by placing the cars in the parking spaces based on the clues:

1. From clue 3, we know the car in the last space is purple.
2. From clue 8, David's car is in the last space, so David's car is purple.
3. From clue 5, Alice's car is next to David's. Since David's car is in the last space, Alice's car must be in the second to last space.
4. From clue 1, the car in the first space is red.
5. From clue 2, a blue car is parked between the red car and the green car. Since the red car is in the first space, the blue car must be in the second space, and the green car must be in the third space.
6. From clue 6, Enid drives a green car. Since the green car is in the third space, Enid must be in the third space.
7. From clue 7, Bert's car is parked between Cheryl's and Enid's. Since Enid is in the third space, Bert's car must be in the second space (which is already blue), so Cheryl must be in the first space.
8. From clue 4, the secretary drives a yellow car. Since we have already placed all other cars, the only remaining space for the yellow car is the fourth space. Therefore, the secretary must be Cheryl.

Now we can list the cars in order from last to first:
- Last space: Purple (David)
- Second to last space: Alice (not determined yet, but not purple)
- Third space: Green (Enid)
- Second space: Blue (already determined)
- First space: Red (Cheryl, who is the secretary)

Thus, the name of the secretary is Cheryl, and the order of car colors from last to first is:
1. Purple
2. Alice's car (not determined, but not purple)
3. Green
4. Blue
5. Red

So the final order of car colors from last to first is:
**Purple, Alice's car, Green, Blue, Red**",554.6776000410318,2253.6553000099957,2.8602318181295687,349.6220109368422,216,594,160,
89774116,reasoning,High,"Parents have complained to the principal about bullying during recess. The principal wants to quickly resolve this, instructing recess aides to be vigilant. Which situation should the aides report to the principal?
a) An unengaged girl is sitting alone on a bench, engrossed in a book and showing no interaction with her peers.
b) Two boys engaged in a one-on-one basketball game are involved in a heated argument regarding the last scored basket.
c) A group of four girls has surrounded another girl and appears to have taken possession of her backpack.
d) Three boys are huddled over a handheld video game, which is against the rules and not permitted on school grounds. If the aides confront the group of girls from situation (c) and they deny bullying, stating that they were merely playing a game, what specific evidence should the aides look for to determine if this is a likely truth or a cover-up for bullying?","When addressing potential bullying, it's important to look for specific behaviors and signs that indicate a power imbalance, intimidation, or exclusion. In the given situation (c), where a group of four girls has surrounded another girl and appears to have taken possession of her backpack, several factors should be considered to determine if this is a case of bullying or just a group activity:

### Indicators to Look For:

1. **Body Language and Facial Expressions:**
   - **Victim:** Look for signs of distress such as fear, anxiety, or sadness in the girl being surrounded. This could include averted gaze, trembling, or a lack of smile.
   - **Bullies:** Watch for aggressive or dominant body language, such as pointing fingers, glaring, or making mocking gestures.

2. **Verbal Interactions:**
   - Listen for any derogatory comments, name-calling, or threats. Even if the girls claim they were just playing, any negative language used could indicate bullying.
   - Observe if the victim is being forced to do something she doesn't want to do or if she is being excluded from activities.

3. **Behavioral Patterns:**
   - Determine if this behavior is a one-time incident or if it happens repeatedly. Bullying often occurs over time.
   - Check if the victim is avoiding the group or if she is visibly distressed when the group approaches.

4. **Witness Accounts:**
   - Speak to other children who may have observed the interaction. They might provide additional context or corroborate the victim’s feelings.

5. **Context and Setting:**
   - Consider the setting. If the group of four is consistently taking possession of the victim’s belongings or isolating her from other activities, it’s more likely to be bullying.
   - If the interaction seems casual and the victim appears comfortable, it might not be bullying.

### Steps to Take If Bullying Is Suspected:

1. **Direct Observation:**
   - Remain discreet but observant. Take note of the specific behaviors and interactions without directly confronting the group.

2. **Private Conversation with the Victim:**
   - Approach the girl being surrounded privately and ask her how she’s feeling. Use open-ended questions to understand her perspective.
   - Ensure she feels safe and that you are there to support her.

3. **Document Everything:**
   - Keep a detailed record of what you observed, including dates, times, and specific behaviors. This documentation can be useful if further action is needed.

4. **Report to the Principal:**
   - Provide the principal with your observations and any evidence you’ve gathered. Include your assessment based on the indicators mentioned above.

By carefully observing these signs and gathering evidence, the aides can make a more informed decision about whether the situation constitutes bullying and take appropriate action to ensure the safety and well-being of all students.",774.9251001514494,2960.2115999441594,3.787324956313189,264.03860548936376,183,577,243,
22339468,math,High,"The vertices of a triangle are at points (0, 0), (-1, 1), and (3, 3). What is the area of the triangle? What's area of the circle circumscribing the triangle?","To find the area of the triangle with vertices at points \((0, 0)\), \((-1, 1)\), and \((3, 3)\), we can use the formula for the area of a triangle given its vertices \((x_1, y_1)\), \((x_2, y_2)\), and \((x_3, y_3)\):

\[
\text{Area} = \frac{1}{2} \left| x_1(y_2 - y_3) + x_2(y_3 - y_1) + x_3(y_1 - y_2) \right|
\]

Substituting the given points \((0, 0)\), \((-1, 1)\), and \((3, 3)\):

\[
\text{Area} = \frac{1}{2} \left| 0(1 - 3) + (-1)(3 - 0) + 3(0 - 1) \right|
\]
\[
= \frac{1}{2} \left| 0 + (-1)(3) + 3(-1) \right|
\]
\[
= \frac{1}{2} \left| -3 - 3 \right|
\]
\[
= \frac{1}{2} \left| -6 \right|
\]
\[
= \frac{1}{2} \times 6 = 3
\]

So, the area of the triangle is \(\boxed{3}\).

Next, to find the area of the circle that circumscribes the triangle, we need to determine the circumradius \(R\) of the triangle. The formula for the circumradius \(R\) of a triangle with sides \(a\), \(b\), and \(c\) and area \(K\) is:

\[
R = \frac{abc}{4K}
\]

First, we calculate the lengths of the sides of the triangle using the distance formula \(d = \sqrt{(x_2 - x_1)^2 + (y_2 - y_1)^2}\).

The length of the side between \((0, 0)\) and \((-1, 1)\) is:

\[
a = \sqrt{(-1 - 0)^2 + (1 - 0)^2} = \sqrt{1 + 1} = \sqrt{2}
\]

The length of the side between \((-1, 1)\) and \((3, 3)\) is:

\[
b = \sqrt{(3 + 1)^2 + (3 - 1)^2} = \sqrt{16 + 4} = \sqrt{20} = 2\sqrt{5}
\]

The length of the side between \((3, 3)\) and \((0, 0)\) is:

\[
c = \sqrt{(3 - 0)^2 + (3 - 0)^2} = \sqrt{9 + 9} = \sqrt{18} = 3\sqrt{2}
\]

Now we substitute \(a = \sqrt{2}\), \(b = 2\sqrt{5}\), \(c = 3\sqrt{2}\), and \(K = 3\) into the formula for the circumradius \(R\):

\[
R = \frac{(\sqrt{2})(2\sqrt{5})(3\sqrt{2})}{4 \times 3} = \frac{12 \times 2}{12} = 2
\]

The area \(A\) of the circle is given by the formula \(A = \pi R^2\):

\[
A = \pi (2)^2 = 4\pi
\]

So, the area of the circle circumscribing the triangle is \(\boxed{4\pi}\).",562.618900090456,1876.1399001814425,1.5825554217963693,631.8894025618978,48,830,177,
82969860,math,High,"A tech startup invests $8000 in software development in the first year, and then invests half of that amount in software development in the second year.
What's the total amount the startup invested in software development over the two years? If the startup maintains the same strategy for the third year, investing half of the previous year's amount into software development, how much will they invest in the third year?","To determine the total amount the tech startup invested in software development over the two years, we start by calculating the investments for each year.

**First Year:**
The startup invests $8000 in software development.

**Second Year:**
The startup invests half of the first year's amount. Therefore, the investment in the second year is:
\[ \frac{8000}{2} = 4000 \]

**Total Investment Over Two Years:**
To find the total investment over the two years, we add the investments from both years:
\[ 8000 + 4000 = 12000 \]

So, the total amount invested in software development over the two years is \(\boxed{12000}\).

**Third Year:**
If the startup maintains the same strategy for the third year, they will invest half of the second year's amount. Therefore, the investment in the third year is:
\[ \frac{4000}{2} = 2000 \]

So, the amount the startup will invest in the third year is \(\boxed{2000}\).",672.675299923867,1135.2863998617977,1.872919432947088,533.9257964911357,84,247,55,
17722882,math,High,"In a survey conducted at a local high school, preferences for a new school color were measured: 58% of students liked the color blue, 45% preferred green, and 22% liked both colors. If we randomly pick a student from the school, what's the probability that they would like neither blue nor green? If we select a student liked green, what's the probability that he or she would dislike both colors?","To solve this problem, we need to use the principle of inclusion-exclusion for probabilities. Let's define the following:

- \( P(B) \) is the probability that a student likes the color blue.
- \( P(G) \) is the probability that a student likes the color green.
- \( P(B \cap G) \) is the probability that a student likes both colors blue and green.

From the problem, we have:
\[ P(B) = 0.58 \]
\[ P(G) = 0.45 \]
\[ P(B \cap G) = 0.22 \]

First, we need to find the probability that a student likes either blue or green or both. This is given by the formula for the union of two events:
\[ P(B \cup G) = P(B) + P(G) - P(B \cap G) \]
Substituting the given values:
\[ P(B \cup G) = 0.58 + 0.45 - 0.22 = 0.81 \]

The probability that a student likes neither blue nor green is the complement of the probability that a student likes either blue or green or both:
\[ P(\text{neither}) = 1 - P(B \cup G) = 1 - 0.81 = 0.19 \]

So, the probability that a student likes neither blue nor green is:
\[ \boxed{0.19} \]

Next, we need to find the probability that a student who likes green also likes blue. This is the conditional probability \( P(B \mid G) \), which is given by:
\[ P(B \mid G) = \frac{P(B \cap G)}{P(G)} = \frac{0.22}{0.45} = \frac{22}{45} \]

However, we are asked for the probability that a student who likes green dislikes blue. This is the complement of \( P(B \mid G) \):
\[ P(\text{dislikes } B \mid G) = 1 - P(B \mid G) = 1 - \frac{22}{45} = \frac{45 - 22}{45} = \frac{23}{45} \]

So, the probability that a student who likes green also dislikes blue is:
\[ \boxed{\frac{23}{45}} \]",561.6653000470251,1633.4440000355244,1.9486885454336351,513.1656376506659,92,550,122,
35264271,math,High,"When rolling two dice, what is the probability that you roll a total number that is at least 3? Continue from previous question. What's the probability that you roll a number which is even or at least 3?","To determine the probability that the sum of the numbers rolled on two dice is at least 3, we start by considering the total number of possible outcomes when rolling two dice. Each die has 6 faces, so the total number of outcomes is:

\[6 \times 6 = 36.\]

Next, we need to count the number of outcomes where the sum is less than 3. The possible sums less than 3 are 2. The only way to get a sum of 2 is if both dice show a 1. There is only one such outcome:

\[(1, 1).\]

Therefore, there is 1 outcome where the sum is less than 3. This means there are \(36 - 1 = 35\) outcomes where the sum is at least 3. The probability is the number of favorable outcomes divided by the total number of outcomes:

\[\frac{35}{36}.\]

Now, we need to find the probability that the sum is either even or at least 3. Since ""at least 3"" is already included in the condition of the sum being even (because the smallest even sum is 2, and we are considering sums of at least 3), we only need to count the number of outcomes where the sum is at least 3. As we calculated above, there are 35 such outcomes. The probability is:

\[\frac{35}{36}.\]

Thus, the probability that you roll a number which is even or at least 3 is \(\boxed{\frac{35}{36}}\).",753.5539001692086,1521.722200093791,2.2930397012674097,436.10234896817514,46,335,94,
9170963,math,High,"Some people got on a bus at the terminal. At the first bus stop, half of the people got down and 4 more people got in. Then at the second bus stop, 6 people got down and 8 more got in. If there were a total of 25 people heading to the third stop, how many people got on the bus at the terminal? If the ticket is $2 per person, how much is the total money earned by the bus?","To determine how many people got on the bus at the terminal, we need to work backwards from the information given about the people getting on and off the bus at each stop.

Let's denote the number of people who got on the bus at the terminal as \( x \).

1. At the first bus stop, half of the people got off and 4 more people got on. So the number of people on the bus after the first stop is:
   \[
   \frac{x}{2} - \frac{x}{2} + 4 = 4
   \]
   This simplifies to:
   \[
   4 = 4
   \]
   This is consistent with the information given.

2. At the second bus stop, 6 people got off and 8 more people got on. So the number of people on the bus after the second stop is:
   \[
   \frac{x}{2} - 6 + 8 = \frac{x}{2} + 2
   \]
   We know that after the second stop, there are 25 people heading to the third stop. Therefore:
   \[
   \frac{x}{2} + 2 = 25
   \]
   Solving for \( x \):
   \[
   \frac{x}{2} = 23 \implies x = 46
   \]
   So, the number of people who got on the bus at the terminal is \( \boxed{46} \).

Next, we need to calculate the total money earned by the bus. The ticket price is $2 per person. The total number of people who got on the bus at the terminal is 46, and no one got off before the third stop. Therefore, the total money earned is:
\[
46 \times 2 = 92
\]
So, the total money earned by the bus is \( \boxed{92} \).",565.783099969849,1280.1959000062197,1.7298130751485974,578.0971449265385,96,413,95,
27514636,math,High,"x+y = 4z, x*y = 4z^2, express x-y in z Express z-x in y","To express \( x - y \) in terms of \( z \) and \( z - x \) in terms of \( y \), we start with the given equations:

1. \( x + y = 4z \)
2. \( xy = 4z^2 \)

First, we need to find \( x - y \) in terms of \( z \).

### Step 1: Express \( x - y \) in terms of \( z \)

We start by squaring the first equation:
\[
(x + y)^2 = (4z)^2
\]
\[
x^2 + 2xy + y^2 = 16z^2
\]

We also know from the second equation that:
\[
xy = 4z^2
\]

We can express \( x^2 + y^2 \) in terms of \( x + y \) and \( xy \):
\[
x^2 + y^2 = (x + y)^2 - 2xy
\]

Substitute the known values:
\[
x^2 + y^2 = 16z^2 - 2(4z^2)
\]
\[
x^2 + y^2 = 16z^2 - 8z^2
\]
\[
x^2 + y^2 = 8z^2
\]

Now, we use the identity:
\[
(x - y)^2 = x^2 - 2xy + y^2
\]

Substitute \( x^2 + y^2 \) and \( xy \):
\[
(x - y)^2 = x^2 + y^2 - 2xy
\]
\[
(x - y)^2 = 8z^2 - 2(4z^2)
\]
\[
(x - y)^2 = 8z^2 - 8z^2
\]
\[
(x - y)^2 = 0
\]

Thus:
\[
x - y = 0
\]

So, \( x - y = 0 \) or simply \( x = y \).

### Step 2: Express \( z - x \) in terms of \( y \)

Since \( x = y \), we substitute \( x \) for \( y \) in the first equation:
\[
x + x = 4z
\]
\[
2x = 4z
\]
\[
x = 2z
\]

Since \( x = y \), we have:
\[
y = 2z
\]

Now, we need to express \( z - x \) in terms of \( y \):
\[
z - x = z - 2z = -z
\]

Since \( y = 2z \), we can express \( z \) in terms of \( y \):
\[
z = \frac{y}{2}
\]

Thus:
\[
z - x = -z = -\frac{y}{2}
\]

### Final Answers

\[
\boxed{0}
\]
\[
\boxed{-\frac{y}{2}}
\]",1277.9741000849754,2371.753500076011,1.5990926900453735,625.3546190443942,30,684,140,
42252927,math,High,How many integers are in the solution of the inequality |x + 5| < 10 What about |x + 10| < 5,"To determine how many integers are in the solution set of the given inequalities, we need to solve each inequality step by step.

### Inequality 1: \( |x + 5| < 10 \)

The absolute value inequality \( |x + 5| < 10 \) can be rewritten as a compound inequality:
\[ -10 < x + 5 < 10 \]

To isolate \( x \), we subtract 5 from all parts of the inequality:
\[ -10 - 5 < x + 5 - 5 < 10 - 5 \]
\[ -15 < x < 5 \]

The integers that satisfy \( -15 < x < 5 \) are:
\[ -14, -13, -12, -11, -10, -9, -8, -7, -6, -5, -4, -3, -2, -1, 0, 1, 2, 3, 4 \]

Counting these integers, we find there are 19 integers.

### Inequality 2: \( |x + 10| < 5 \)

The absolute value inequality \( |x + 10| < 5 \) can be rewritten as a compound inequality:
\[ -5 < x + 10 < 5 \]

To isolate \( x \), we subtract 10 from all parts of the inequality:
\[ -5 - 10 < x + 10 - 10 < 5 - 10 \]
\[ -15 < x < -5 \]

The integers that satisfy \( -15 < x < -5 \) are:
\[ -14, -13, -12, -11, -10, -9, -8, -7 \]

Counting these integers, we find there are 8 integers.

### Summary
- The number of integers in the solution set of \( |x + 5| < 10 \) is \( \boxed{19} \).
- The number of integers in the solution set of \( |x + 10| < 5 \) is \( \boxed{8} \).",1046.392200049013,1839.6133999340236,1.6456871366908936,607.6489131529429,32,482,99,
75477827,math,High,"When a number is divided by 10, the remainder is 4. What is the remainder when twice the number is divided by 4? What about when twice the number is divided by 5?","Let's denote the number by \( n \). According to the problem, when \( n \) is divided by 10, the remainder is 4. This can be expressed mathematically as:
\[ n = 10k + 4 \]
for some integer \( k \).

First, we need to find the remainder when twice the number, \( 2n \), is divided by 4. We start by calculating \( 2n \):
\[ 2n = 2(10k + 4) = 20k + 8. \]
Now, we need to find the remainder when \( 20k + 8 \) is divided by 4. Notice that \( 20k \) is a multiple of 4, so it leaves a remainder of 0 when divided by 4. Therefore, we only need to consider the remainder of 8 when divided by 4:
\[ 8 \div 4 = 2 \text{ with a remainder of } 0. \]
So, the remainder when \( 2n \) is divided by 4 is:
\[ \boxed{0}. \]

Next, we need to find the remainder when twice the number, \( 2n \), is divided by 5. We again start by calculating \( 2n \):
\[ 2n = 2(10k + 4) = 20k + 8. \]
Now, we need to find the remainder when \( 20k + 8 \) is divided by 5. Notice that \( 20k \) is a multiple of 5, so it leaves a remainder of 0 when divided by 5. Therefore, we only need to consider the remainder of 8 when divided by 5:
\[ 8 \div 5 = 1 \text{ with a remainder of } 3. \]
So, the remainder when \( 2n \) is divided by 5 is:
\[ \boxed{3}. \]",848.9894000813365,1513.0275001283735,1.5126152620661435,661.1066442857774,42,439,88,
48989963,math,High,"Benjamin went to a bookstore and purchased a variety of books. He bought 5 copies of a sci-fi novel, each priced at $20, 3 copies of a history book priced at $30 each, and 2 copies of a philosophy book for $45 each.
What was the total cost of his purchases? Suppose Benjamin decides to sell each of these books at a 25% markup from the price he purchased them. What would be his total revenue if he sold all the books he bought?","To determine the total cost of Benjamin's purchases, we need to calculate the cost for each type of book and then sum these costs.

First, we calculate the cost of the sci-fi novels:
\[ 5 \text{ copies} \times \$20 \text{ per copy} = \$100 \]

Next, we calculate the cost of the history books:
\[ 3 \text{ copies} \times \$30 \text{ per copy} = \$90 \]

Then, we calculate the cost of the philosophy books:
\[ 2 \text{ copies} \times \$45 \text{ per copy} = \$90 \]

Now, we sum these amounts to find the total cost:
\[ \$100 + \$90 + \$90 = \$280 \]

So, the total cost of his purchases is:
\[ \boxed{280} \]

Next, we need to determine the selling price of each type of book after a 25% markup. A 25% markup means the selling price is 125% of the purchase price.

For the sci-fi novels, the selling price per book is:
\[ \$20 \times 1.25 = \$25 \]
The total revenue from selling all 5 sci-fi novels is:
\[ 5 \times \$25 = \$125 \]

For the history books, the selling price per book is:
\[ \$30 \times 1.25 = \$37.50 \]
The total revenue from selling all 3 history books is:
\[ 3 \times \$37.50 = \$112.50 \]

For the philosophy books, the selling price per book is:
\[ \$45 \times 1.25 = \$56.25 \]
The total revenue from selling all 2 philosophy books is:
\[ 2 \times \$56.25 = \$112.50 \]

Now, we sum these amounts to find the total revenue:
\[ \$125 + \$112.50 + \$112.50 = \$350 \]

So, the total revenue if he sold all the books he bought is:
\[ \boxed{350} \]",735.1831998676062,1507.6804999262094,1.5296976238784223,653.7239676587732,106,505,108,
92837357,math,High,"Given that f(x) = 4x^3 - 9x - 14, find the value of f(2). Find x such that f(x) = 0.","To find the value of \( f(2) \) for the function \( f(x) = 4x^3 - 9x - 14 \), we substitute \( x = 2 \) into the function:

\[
f(2) = 4(2)^3 - 9(2) - 14
\]

First, calculate \( 2^3 \):

\[
2^3 = 8
\]

Then multiply by 4:

\[
4 \cdot 8 = 32
\]

Next, calculate \( 9 \cdot 2 \):

\[
9 \cdot 2 = 18
\]

Now substitute these values back into the expression:

\[
f(2) = 32 - 18 - 14
\]

Perform the subtraction step-by-step:

\[
32 - 18 = 14
\]

\[
14 - 14 = 0
\]

Thus, the value of \( f(2) \) is:

\[
\boxed{0}
\]

Next, we need to find the value of \( x \) such that \( f(x) = 0 \). This means solving the equation:

\[
4x^3 - 9x - 14 = 0
\]

This is a cubic equation, and finding an exact solution might require numerical methods or graphing if an exact algebraic solution is not straightforward. However, we can try to find a rational root using the Rational Root Theorem, which suggests that any rational solution, \( p/q \), is a factor of the constant term (-14) divided by a factor of the leading coefficient (4).

The factors of -14 are \( \pm 1, \pm 2, \pm 7, \pm 14 \) and the factors of 4 are \( \pm 1, \pm 2, \pm 4 \). Thus, the possible rational roots are \( \pm 1, \pm 2, \pm 7, \pm 14, \pm \frac{1}{2}, \pm \frac{1}{4}, \pm \frac{7}{2}, \pm \frac{7}{4} \).

We will test these possible roots by substitution. Let's start with \( x = 2 \):

\[
f(2) = 4(2)^3 - 9(2) - 14 = 32 - 18 - 14 = 0
\]

So, \( x = 2 \) is a root. To confirm that there are no other real roots, we can use synthetic division to factor the cubic polynomial. Dividing \( 4x^3 - 9x - 14 \) by \( x - 2 \):

\[
\begin{array}{r|rrrr}
2 & 4 & 0 & -9 & -14 \\
  &   & 8 & 16 & 14 \\
\hline
  & 4 & 8 & 7 & 0 \\
\end{array}
\]

The quotient is \( 4x^2 + 8x + 7 \), so we have:

\[
4x^3 - 9x - 14 = (x - 2)(4x^2 + 8x + 7)
\]

We need to check if \( 4x^2 + 8x + 7 = 0 \) has real roots. The discriminant of this quadratic equation is:

\[
\Delta = b^2 - 4ac = 8^2 - 4 \cdot 4 \cdot 7 = 64 - 112 = -48
\]

Since the discriminant is negative, \( 4x^2 + 8x + 7 \) has no real roots. Therefore, the only real root of the cubic equation is \( x = 2 \).

Thus, the value of \( x \) such that \( f(x) = 0 \) is:

\[
\boxed{2}
\]",547.4152001552284,2094.6742000523955,1.7483152541210927,571.979222650389,41,885,197,
56561594,coding,High,Develop a Python program that reads all the text files under a directory and reprompt top-5 words with the most number of occurrences. Can you parallelize it?,"Certainly! To develop a Python program that reads all the text files under a directory and identifies the top-5 words with the most number of occurrences, we can use the `concurrent.futures` module for parallel processing to speed up the task. Here's a step-by-step implementation:

1. **Read all text files in a directory.**
2. **Count word occurrences.**
3. **Find the top-5 most frequent words.**
4. **Use parallel processing to speed up the word counting.**

Here's the complete code:

```python
import os
import re
from collections import Counter
from concurrent.futures import ThreadPoolExecutor, as_completed

def read_text_files(directory):
    """"""Read all text files in the given directory.""""""
    word_count = Counter()
    for root, _, files in os.walk(directory):
        for file in files:
            if file.endswith('.txt'):
                file_path = os.path.join(root, file)
                with open(file_path, 'r', encoding='utf-8') as f:
                    content = f.read().lower()
                    words = re.findall(r'\b\w+\b', content)
                    word_count.update(words)
    return word_count

def parallel_word_count(directory):
    """"""Parallelize the word counting process.""""""
    word_count = Counter()
    files = []
    for root, _, filenames in os.walk(directory):
        for filename in filenames:
            if filename.endswith('.txt'):
                files.append(os.path.join(root, filename))

    with ThreadPoolExecutor() as executor:
        futures = [executor.submit(count_words_in_file, os.path.join(directory, file)) for file in files]
        for future in as_completed(futures):
            word_count.update(future.result())

    return word_count

def count_words_in_file(file_path):
    """"""Count words in a single text file.""""""
    word_count = Counter()
    with open(file_path, 'r', encoding='utf-8') as f:
        content = f.read().lower()
        words = re.findall(r'\b\w+\b', content)
        word_count.update(words)
    return word_count

def top_n_words(counter, n=5):
    """"""Get the top n most common elements from a Counter.""""""
    return counter.most_common(n)

def main(directory):
    word_count = parallel_word_count(directory)
    top_words = top_n_words(word_count)
    for word, count in top_words:
        print(f'{word}: {count}')

if __name__ == '__main__':
    directory = '.'  # Current directory
    main(directory)
```

### Explanation:

1. **`read_text_files` function**:
   - Reads all text files in the given directory and counts word occurrences using a `Counter`.

2. **`parallel_word_count` function**:
   - Uses `ThreadPoolExecutor` to parallelize the word counting process.
   - Submits each file to be processed in parallel and aggregates the results.

3. **`count_words_in_file` function**:
   - Counts words in a single text file and returns a `Counter`.

4. **`top_n_words` function**:
   - Retrieves the top `n` most common words from a `Counter`.

5. **`main` function**:
   - Calls `parallel_word_count` to get the word counts and then retrieves the top 5 words.

To run this program, ensure you have a directory with `.txt` files. The program will print the top 5 most frequent words along with their counts.

### Note:
- The `re.findall(r'\b\w+\b', content)` regular expression is used to find all word occurrences, considering words as sequences of alphanumeric characters and underscores.
- The `ThreadPoolExecutor` is used for parallel processing, which can speed up the task on multi-core systems.",622.1995998639613,2691.349299857393,2.261365792342548,442.21063367377656,33,915,250,
3583619,coding,High,"Write a C++ program to find the nth Fibonacci number using recursion. Now we define a sequence of numbers in which each number is the sum of the three preceding ones. The first three numbers are 0, -1, -1. Write a program to find the nth number.","To solve the problem of finding the nth number in a sequence where each number is the sum of the three preceding ones, we can use a recursive approach similar to the Fibonacci sequence but with a different recurrence relation.

Here's the C++ program to find the nth number in this sequence:

```cpp
#include <iostream>
using namespace std;

// Function to find the nth number in the sequence
int findNthNumber(int n) {
    // Base cases
    if (n == 0) return 0;
    if (n == 1) return -1;
    if (n == 2) return -1;

    // Recursive case
    return findNthNumber(n - 1) + findNthNumber(n - 2) + findNthNumber(n - 3);
}

int main() {
    int n;
    cout << ""Enter the value of n: "";
    cin >> n;

    // Ensure n is non-negative
    if (n < 0) {
        cout << ""n should be a non-negative integer."" << endl;
        return 1;
    }

    int result = findNthNumber(n);
    cout << ""The "" << n << ""th number in the sequence is: "" << result << endl;

    return 0;
}
```

### Explanation:

1. **Base Cases**:
   - If `n` is 0, the function returns 0.
   - If `n` is 1, the function returns -1.
   - If `n` is 2, the function returns -1.

2. **Recursive Case**:
   - For any other value of `n`, the function returns the sum of the three preceding numbers in the sequence, which are found by recursively calling `findNthNumber(n - 1)`, `findNthNumber(n - 2)`, and `findNthNumber(n - 3)`.

3. **Input Handling**:
   - The program prompts the user to enter the value of `n`.
   - It checks if `n` is a non-negative integer. If not, it prints an error message and exits.

4. **Output**:
   - The program calculates the nth number in the sequence and prints it.

### Note:
This recursive approach is simple but inefficient for large values of `n` due to the repeated calculations of the same values. For large `n`, consider using memoization or dynamic programming to optimize the solution.",589.5754999946803,1608.0354999285191,1.9180037663537455,521.375409966513,59,531,123,
34377376,coding,High,"Write a simple website in HTML. When a user clicks the button, it shows a random joke from a list of 4 jokes. How to use CSS to change the color of jokes to red?","Certainly! Below is a simple HTML and CSS example that demonstrates how to show a random joke from a list when a button is clicked, and how to use CSS to change the color of the jokes to red.

### HTML
```html
<!DOCTYPE html>
<html lang=""en"">
<head>
    <meta charset=""UTF-8"">
    <meta name=""viewport"" content=""width=device-width, initial-scale=1.0"">
    <title>Random Joke Generator</title>
    <link rel=""stylesheet"" href=""styles.css"">
</head>
<body>
    <div class=""container"">
        <h1>Random Joke Generator</h1>
        <button id=""jokeButton"">Get a Joke</button>
        <p id=""jokeDisplay"" class=""joke""></p>
    </div>

    <script src=""script.js""></script>
</body>
</html>
```

### CSS (styles.css)
```css
body {
    font-family: Arial, sans-serif;
    display: flex;
    justify-content: center;
    align-items: center;
    height: 100vh;
    margin: 0;
    background-color: #f0f0f0;
}

.container {
    text-align: center;
}

.joke {
    color: red;
    font-size: 1.2em;
    margin-top: 20px;
}
```

### JavaScript (script.js)
```javascript
const jokes = [
    ""Why don't scientists trust atoms? Because they make up everything!"",
    ""Why did the tomato turn red? Because it saw the salad dressing!"",
    ""Why did the scarecrow win an award? Because he was outstanding in his field!"",
    ""Why did the bicycle fall over? Because it was two-tired!""
];

document.getElementById('jokeButton').addEventListener('click', function() {
    const randomIndex = Math.floor(Math.random() * jokes.length);
    const joke = jokes[randomIndex];
    document.getElementById('jokeDisplay').innerText = joke;
});
```

### Explanation:
1. **HTML**:
   - The HTML file contains a button and a paragraph element to display the joke.
   - The `link` tag includes the CSS file to style the page.
   - The `script` tag includes the JavaScript file to handle the button click event.

2. **CSS**:
   - The CSS file styles the body to center the content and sets the background color.
   - The `.joke` class is used to style the joke text, setting its color to red.

3. **JavaScript**:
   - The JavaScript file contains an array of jokes.
   - An event listener is added to the button to generate and display a random joke when the button is clicked.

This simple example demonstrates how to combine HTML, CSS, and JavaScript to create an interactive web page that displays a random joke in red text.",604.1245001833886,2063.7551001273096,2.3429062599420885,426.82032017137465,40,623,175,
46306085,coding,High,"Here is a Python function to find the length of the longest common subsequence of two input strings. Can you identify any bug in this function?

```
def longest_common_subsequence_length(str1, str2):
    m = len(str1)
    n = len(str2)

    dp = [[0] * (n + 1) for _ in range(m + 1)]

    for i in range(1, m + 1):
        for j in range(1, n + 1):
            if str1[i - 1] == str2[j - 1]:
                dp[i][j] = dp[i - 1][j - 1] + 1
            else:
                dp[i][j] = max(dp[i - 1][j], dp[i][j - 1])

    return dp[m][n]
``` what about this one?

```
def longest_common_subsequence(X , Y): 
    # Find lengths of two strings 
    m = len(X) 
    n = len(Y) 
  
    # Create a table to store results of sub-problems 
    dp = [[None]*(n+1) for i in range(m+1)] 
  
    # Fill dp[][] in bottom up manner 
    for i in range(1, m+1): 
        for j in range(1, n+1): 
            if X[i-1] == Y[j-1]: 
                dp[i][j] = dp[i-1][j-1]+1
            else: 
                dp[i][j] = max(dp[i-1][j], dp[i][j-1]) 
  
    return dp[m][n]
```","Let's analyze both functions for any potential bugs or issues.

### First Function

```python
def longest_common_subsequence_length(str1, str2):
    m = len(str1)
    n = len(str2)

    dp = [[0] * (n + 1) for _ in range(m + 1)]

    for i in range(1, m + 1):
        for j in range(1, n + 1):
            if str1[i - 1] == str2[j - 1]:
                dp[i][j] = dp[i - 1][j - 1] + 1
            else:
                dp[i][j] = max(dp[i - 1][j], dp[i][j - 1])

    return dp[m][n]
```

#### Analysis:
- The function correctly initializes the `dp` table with zeros.
- The nested loops correctly iterate over the indices of both strings.
- The logic for computing the longest common subsequence length is correct.
- The function returns the correct result, which is the value at `dp[m][n]`.

**Conclusion:** There are no bugs in this function.

### Second Function

```python
def longest_common_subsequence(X, Y): 
    # Find lengths of two strings 
    m = len(X) 
    n = len(Y) 
  
    # Create a table to store results of sub-problems 
    dp = [[None]*(n+1) for i in range(m+1)] 
  
    # Fill dp[][] in bottom up manner 
    for i in range(1, m+1): 
        for j in range(1, n+1): 
            if X[i-1] == Y[j-1]: 
                dp[i][j] = dp[i-1][j-1]+1
            else: 
                dp[i][j] = max(dp[i-1][j], dp[i][j-1]) 
  
    return dp[m][n]
```

#### Analysis:
- The function initializes the `dp` table with `None` values, which is unconventional but not inherently wrong. However, it might lead to confusion or unexpected behavior if not handled properly elsewhere.
- The nested loops correctly iterate over the indices of both strings.
- The logic for computing the longest common subsequence length is correct.
- The function returns the value at `dp[m][n]`, which should be the length of the longest common subsequence.

**Potential Issue:**
- The `dp` table is initialized with `None` values. While this does not cause a runtime error, it is unconventional and could potentially lead to confusion. It would be better to initialize the table with zeros, as in the first function.

**Conclusion:** There are no runtime bugs, but the initialization of the `dp` table with `None` values is unconventional and could be improved for clarity.

### Improved Version of the Second Function

Here is a slightly improved version of the second function with initialization using zeros:

```python
def longest_common_subsequence(X, Y):
    # Find lengths of two strings
    m = len(X)
    n = len(Y)

    # Create a table to store results of sub-problems
    dp = [[0] * (n + 1) for _ in range(m + 1)]

    # Fill dp[][] in bottom up manner
    for i in range(1, m + 1):
        for j in range(1, n + 1):
            if X[i - 1] == Y[j - 1]:
                dp[i][j] = dp[i - 1][j - 1] + 1
            else:
                dp[i][j] = max(dp[i - 1][j], dp[i][j - 1])

    return dp[m][n]
```

This version initializes the `dp` table with zeros, which is more conventional and clear.",699.9961000401527,2633.1189998891205,2.1012205433140956,475.9138697657962,412,920,236,
50530142,coding,High,Write a function to find the highest common ancestor (not LCA) of two nodes in a binary tree. What if it is not a binary tree?,"To find the highest common ancestor (HCA) of two nodes in a binary tree, we need to understand that the HCA is the deepest node that is an ancestor to both nodes. This is different from the Lowest Common Ancestor (LCA), which is the deepest node that is a common ancestor of both nodes.

Here's a step-by-step approach to find the HCA in a binary tree:

### Step-by-Step Approach

1. **Define the Binary Tree Node Structure**:
   We'll start by defining a binary tree node structure.
   ```python
   class TreeNode:
       def __init__(self, value=0, left=None, right=None):
           self.value = value
           self.left = left
           self.right = right
   ```

2. **Function to Find the HCA**:
   We'll write a function `highest_common_ancestor` that takes two nodes and returns the HCA.
   ```python
   def highest_common_ancestor(root, node1, node2):
       # Base case: if the tree is empty
       if root is None:
           return None
       
       # If either node1 or node2 matches the root's value, 
       # then this root is part of the path that leads to an HCA
       if root.value == node1.value or root.value == node2.value:
           return root

       # Recur for left and right subtrees
       left_hca = highest_common_ancestor(root.left, node1, node2)
       right_hca = highest_common_ancestor(root.right, node1, node2)

       # If both of the above calls return Non-NULL, then one key
       # is present in one subtree and the other is present in the other,
       # So this node is the HCA
       if left_hca is not None and right_hca is not None:
           return root

       # Otherwise check if left subtree or right subtree is the HCA
       return left_hca if left_hca is not None else right_hca
   ```

### Explanation

- **Base Case**: If the `root` is `None`, we return `None` because there's no common ancestor in an empty tree.
- **Checking Current Node**: If the `root` is either `node1` or `node2`, we return the `root` itself because it's part of the path leading to the HCA.
- **Recursive Calls**: We recursively search for the HCA in the left and right subtrees.
- **Combining Results**: If both left and right subtrees return non-NULL values, it means one node is found in the left subtree and the other in the right subtree, so the current node is the HCA. If only one of them is non-NULL, we return that subtree's result.

### Handling Non-Binary Trees

If the tree is not strictly binary (i.e., it can have more than two children), the approach will be similar but the node structure and recursive calls will need to account for potentially more children. Here's a generalized approach for an n-ary tree:

1. **Define the N-ary Tree Node Structure**:
   ```python
   class NaryTreeNode:
       def __init__(self, value=0, children=None):
           self.value = value
           self.children = children if children is not None else []
   ```

2. **Function to Find the HCA in an N-ary Tree**:
   ```python
   def highest_common_ancestor_nary(root, node1, node2):
       if root is None:
           return None
       
       if root.value == node1.value or root.value == node2.value:
           return root

       found_in_children = [highest_common_ancestor_nary(child, node1, node2) for child in root.children]

       # If both nodes are found in different subtrees, this node is the HCA
       if any(found_in_children):
           if any(found_in_children) and len(found_in_children) > 1:
               return root
           else:
               # If only one of the nodes is found in the children, return that child
               return next((child for child in found_in_children if child is not None), None)
       
       # If neither node is found in the children, return None
       return None
   ```

### Explanation for N-ary Tree

- **Base Case**: Same as the binary tree case.
- **Checking Current Node**: Same as the binary tree case.
- **Recursive Calls**: We now need to check all children of the current node.
- **Combining Results**: If both nodes are found in different subtrees, the current node is the HCA. If only one node is found among the children, we return that child. If neither is found, we return `None`.

This approach ensures that we correctly identify the highest common ancestor in both binary and n-ary trees.",635.3519998956472,3642.613000003621,2.721503167518528,367.4439963675669,31,1105,326,
65906068,coding,High,Implement a function to find the median of two sorted arrays of different sizes with O(1) space complexity and O(n) time complexity. Does there exist an implementation with better time complexity?,"To find the median of two sorted arrays with different sizes in O(1) space complexity and O(n) time complexity, we can use a modified binary search approach. Here's a step-by-step explanation and implementation:

### Explanation

To achieve O(1) space complexity, we avoid using additional arrays or data structures that grow with input size. To achieve O(n) time complexity, we need to avoid iterating through all elements of both arrays. Instead, we can use a binary search approach to find the partition point in the combined array of both sorted arrays.

### Steps

1. **Identify the smaller array**: To ensure the binary search runs in O(log(min(n, m))) time where n and m are the sizes of the two arrays, we start by ensuring the binary search is performed on the smaller array.

2. **Binary Search**:
   - Perform a binary search on the smaller array.
   - Calculate the partition point in both arrays such that the left half contains the first half of the elements and the right half contains the second half of the elements.
   - Ensure that the elements on the left side of the partition in both arrays are less than or equal to the elements on the right side of the partition in both arrays.

3. **Calculate the Median**:
   - If the total number of elements is even, the median is the average of the maximum element on the left side and the minimum element on the right side.
   - If the total number of elements is odd, the median is the maximum element on the left side of the partition.

### Implementation

Here's the implementation in Python:

```python
def findMedianSortedArrays(nums1, nums2):
    len1, len2 = len(nums1), len(nums2)
    if len1 > len2:
        return findMedianSortedArrays(nums2, nums1)
    
    l, r = 0, len1
    while l <= r:
        partition1 = (l + r) // 2
        partition2 = (len1 + len2 + 1) // 2 - partition1
        
        maxLeft1 = float('-inf') if partition1 == 0 else nums1[partition1 - 1]
        minRight1 = float('inf') if partition1 == len1 else nums1[partition1]
        
        maxLeft2 = float('-inf') if partition2 == 0 else nums2[partition2 - 1]
        minRight2 = float('inf') if partition2 == len2 else nums2[partition2]
        
        if maxLeft1 <= minRight2 and maxLeft2 <= minRight1:
            if (len1 + len2) % 2 == 0:
                return (max(maxLeft1, maxLeft2) + min(minRight1, minRight2)) / 2
            else:
                return max(maxLeft1, maxLeft2)
        elif maxLeft1 > minRight2:
            r = partition1 - 1
        else:
            l = partition1 + 1

# Example usage:
nums1 = [1, 3]
nums2 = [2]
print(findMedianSortedArrays(nums1, nums2))  # Output: 2.0

nums1 = [1, 2]
nums2 = [3, 4]
print(findMedianSortedArrays(nums1, nums2))  # Output: 3.0
```

### Time Complexity

The time complexity of this approach is O(log(min(n, m))) because we perform a binary search on the smaller array.

### Better Time Complexity

The O(log(min(n, m))) time complexity is optimal for this problem because we need to determine the partition point in the combined array, which inherently requires at least log(min(n, m)) steps to find the correct partition using binary search. Thus, there is no known method to achieve a better time complexity than O(log(min(n, m))) for this problem.",554.568300023675,2844.261300051585,2.6048839590761204,383.89426005551206,39,879,255,
24433994,coding,High,Write a function to find the majority element in a given integer array using the Boyer-Moore Voting Algorithm. How about finding the top-2 most occurring elements?,"To find the majority element in an integer array using the Boyer-Moore Voting Algorithm, we can follow these steps:

1. **Initialize Two Candidates and Their Counts**: Start with two candidates and their respective counts set to zero.
2. **Iterate Through the Array**: For each element in the array, if it matches one of the candidates, increment the corresponding count. If it doesn't match either candidate, decrement both counts. If a count reaches zero, replace the candidate with the current element.
3. **Verify the Majority**: After processing the entire array, the candidates will either be the majority element or not. To confirm, we need to count the occurrences of each candidate in the array.

Here is the implementation of the function to find the majority element:

```python
def majority_element(nums):
    if not nums:
        return None

    candidate1, count1 = None, 0
    candidate2, count2 = None, 0

    for num in nums:
        if candidate1 == num:
            count1 += 1
        elif candidate2 == num:
            count2 += 1
        elif count1 == 0:
            candidate1, count1 = num, 1
        elif count2 == 0:
            candidate2, count2 = num, 1
        else:
            count1 -= 1
            count2 -= 1

    # Verify the candidates
    count1, count2 = nums.count(candidate1), nums.count(candidate2)
    
    if count1 > len(nums) // 2:
        return candidate1
    elif count2 > len(nums) // 2:
        return candidate2
    else:
        return None

# Example usage:
print(majority_element([1, 2, 3, 4, 4, 4, 4, 4, 5]))  # Output: 4
```

To find the top-2 most occurring elements, we can extend the Boyer-Moore Voting Algorithm by maintaining two candidates and their counts. However, this approach will not guarantee that the top-2 elements are the most frequent. Instead, we can use a different approach that involves counting the occurrences of each element and then selecting the top-2.

Here is the implementation for finding the top-2 most occurring elements:

```python
from collections import Counter

def top_two_elements(nums):
    if not nums:
        return []

    counts = Counter(nums)
    top_two = counts.most_common(2)
    return [elem for elem, _ in top_two]

# Example usage:
print(top_two_elements([1, 2, 3, 4, 4, 4, 4, 4, 5]))  # Output: [4, 5]
```

In this implementation, we use Python's `Counter` from the `collections` module to count the occurrences of each element and then retrieve the top-2 elements based on their counts.

\boxed{def majority_element(nums):
    if not nums:
        return None

    candidate1, count1 = None, 0
    candidate2, count2 = None, 0

    for num in nums:
        if candidate1 == num:
            count1 += 1
        elif candidate2 == num:
            count2 += 1
        elif count1 == 0:
            candidate1, count1 = num, 1
        elif count2 == 0:
            candidate2, count2 = num, 1
        else:
            count1 -= 1
            count2 -= 1

    count1, count2 = nums.count(candidate1), nums.count(candidate2)
    
    if count1 > len(nums) // 2:
        return candidate1
    elif count2 > len(nums) // 2:
        return candidate2
    else:
        return None

def top_two_elements(nums):
    if not nums:
        return []

    counts = Counter(nums)
    top_two = counts.most_common(2)
    return [elem for elem, _ in top_two]}",736.3837999291718,2622.931999852881,2.059550436597936,485.5428554844464,32,916,236,
19673382,coding,High,A binary tree is full if all of its vertices have either zero or two children. Let B_n denote the number of full binary trees with n vertices. Implement a function to find B_n. What if the problem changed from a binary tree to a ternary tree?,"To solve the problem of finding the number of full binary trees \( B_n \) with \( n \) vertices, we can use a recursive approach based on the properties of full binary trees. A full binary tree is defined as a tree where every node has either zero or exactly two children.

### Binary Trees

For a full binary tree with \( n \) vertices, the number of such trees can be computed using the Catalan number sequence, but with a specific adjustment for full binary trees. The recursive relation for \( B_n \) is:

\[ B_n = \sum_{i=1}^{n-1} B_{\lfloor i/2 \rfloor} \cdot B_{\lfloor (n-1-i)/2 \rfloor} \]

where \( B_0 = 1 \) (the empty tree is considered a full binary tree).

Here's a Python function to compute \( B_n \):

```python
def full_binary_trees(n):
    if n % 2 == 1:
        return 0  # No full binary tree with an odd number of nodes

    # Initialize a list to store the number of full binary trees for each number of nodes
    B = [0] * (n + 1)
    B[0] = 1  # Base case: there's one full binary tree with 0 nodes (the empty tree)

    # Compute B_n for each n from 1 to n
    for i in range(2, n + 1, 2):  # i must be even
        for j in range(1, i):
            B[i] += B[j // 2] * B[(i - 1 - j) // 2]
    
    return B[n]

# Example usage:
n = 6  # Number of vertices
print(f""Number of full binary trees with {n} vertices: {full_binary_trees(n)}"")
```

### Ternary Trees

For ternary trees, where each node can have either zero or up to three children, the problem becomes more complex. The number of full ternary trees with \( n \) vertices does not follow a simple recursive relation like the binary case. Instead, it can be approached using dynamic programming or combinatorial methods.

However, a general recursive relation for ternary trees can be expressed as:

\[ T_n = \sum_{i=0}^{\lfloor (n-1)/3 \rfloor} T_{\lfloor i \rfloor} \cdot T_{\lfloor (n-1-3i)/2 \rfloor} \]

where \( T_0 = 1 \).

Here's a Python function to compute \( T_n \) for ternary trees:

```python
def full_ternary_trees(n):
    if (n - 1) % 3!= 0:
        return 0  # No full ternary tree with a non-multiple of 3 + 1 nodes

    # Initialize a list to store the number of full ternary trees for each number of nodes
    T = [0] * (n + 1)
    T[0] = 1  # Base case: there's one full ternary tree with 0 nodes (the empty tree)

    # Compute T_n for each n from 1 to n
    for i in range(1, n + 1):
        for j in range(0, (i - 1) // 3 + 1):
            T[i] += T[j] * T[(i - 1 - 3 * j) // 2]
    
    return T[n]

# Example usage:
n = 4  # Number of vertices
print(f""Number of full ternary trees with {n} vertices: {full_ternary_trees(n)}"")
```

In this function, we use dynamic programming to compute the number of full ternary trees for each number of vertices up to \( n \). Note that the ternary tree relation is more complex and does not have a simple closed form like the binary case.",606.411799788475,2489.7767999209464,2.1798206020051754,458.75334836275937,55,864,231,
23836768,coding,High,"You are given two sorted lists of size m and n. Implement a function to find the kth smallest element in the union of the two lists with linear complexity. Does there exist an algorithm with better time complexity? If so, implement it.","To find the kth smallest element in the union of two sorted lists with linear complexity, we can use a modified binary search approach. Here's a step-by-step explanation and implementation of the algorithm:

### Explanation

1. **Initialization**: Let's denote the two sorted lists as `list1` of size `m` and `list2` of size `n`. We need to find the kth smallest element in the union of these two lists.

2. **Binary Search**: We will use a binary search on the smaller list to determine the position of the kth smallest element. We can choose either list to start the binary search, but for simplicity, we'll start with `list1`.

3. **Partitioning**:
   - Suppose we partition `list1` into two parts such that the left part contains `i` elements and the right part contains `m - i` elements.
   - Similarly, partition `list2` into two parts such that the left part contains `j` elements and the right part contains `n - j` elements.

4. **Condition for kth Element**:
   - If the largest element in the left part of `list1` (which is `list1[i-1]`) is smaller than the smallest element in the right part of `list2` (which is `list2[j]`), then the kth smallest element must lie in the right part of `list1` and any part of `list2`. Thus, we adjust `i` to `i + j` and reduce `k` to `k - i`.
   - Conversely, if the largest element in the left part of `list2` (which is `list2[j-1]`) is smaller than the smallest element in the right part of `list1` (which is `list1[i]`), then the kth smallest element must lie in the right part of `list2` and any part of `list1`. Thus, we adjust `j` to `j + i` and reduce `k` to `k - j`.
   - If neither of the above conditions is met, the kth smallest element lies at the intersection of the current partitions of both lists.

5. **Termination**: The binary search will terminate when `k` becomes 0 or one of the lists is fully traversed.

### Implementation

Here's the Python implementation of the above approach:

```python
def find_kth_smallest(list1, list2, k):
    m, n = len(list1), len(list2)
    
    if m > n:
        return find_kth_smallest(list2, list1, k)
    
    if m == 0:
        return list2[k - 1]
    
    if k == 1:
        return min(list1[0], list2[0])
    
    i = min(m, k // 2)
    j = min(n, k // 2)
    
    if list1[i - 1] > list2[j - 1]:
        # Move to the right part of list2
        return find_kth_smallest(list1, list2[j:], k - j)
    else:
        # Move to the right part of list1
        return find_kth_smallest(list1[i:], list2, k - i)

# Example usage:
list1 = [2, 3, 6, 7, 9]
list2 = [1, 4, 8, 10]
k = 5
print(find_kth_smallest(list1, list2, k))  # Output: 6
```

### Complexity Analysis

The algorithm runs in O(log(min(m, n))) time complexity because we are effectively halving the search space in each recursive call. This is linear in terms of the logarithm of the size of the smaller list.

### Better Time Complexity?

The above algorithm is optimal for this problem in terms of time complexity. Any algorithm that determines the kth smallest element in the union of two sorted lists must at least look at each element at least once in the worst case, leading to a lower bound of O(m + n). The binary search approach we used achieves this in O(log(min(m, n))) time, which is the best possible time complexity for this problem.

Thus, the provided implementation is the most efficient for finding the kth smallest element in the union of two sorted lists.",736.6170000750571,3053.8473001215607,2.4062619938177607,415.58234413759993,49,963,284,
73474718,coding,High,"Implement a program to find the common elements in two arrays without using any extra data structures. Now the constraint of not using extra data structure is removed, implement one with the best time complexity.","To find the common elements in two arrays, we can use a hash set to store the elements of one array and then iterate through the second array to check if each element is present in the hash set. This approach will have a time complexity of O(n + m), where n and m are the sizes of the two arrays.

Here's the Python code for this approach:

```python
def find_common_elements(arr1, arr2):
    # Create a hash set to store elements of the first array
    set1 = set(arr1)
    common_elements = []

    # Iterate through the second array and check if each element is in the hash set
    for element in arr2:
        if element in set1:
            common_elements.append(element)

    return common_elements

# Test the function
arr1 = [1, 2, 3, 4, 5]
arr2 = [4, 5, 6, 7, 8]
print(find_common_elements(arr1, arr2))  # Output: [4, 5]
```

In this code, we first create a hash set `set1` to store the elements of the first array `arr1`. Then, we iterate through the second array `arr2` and check if each element is present in `set1`. If it is, we add it to the `common_elements` list. Finally, we return the `common_elements` list.

This approach has a time complexity of O(n + m) because we iterate through both arrays once. The space complexity is O(n) because we store the elements of the first array in a hash set. This is the best time complexity we can achieve for this problem, as we need to check each element of both arrays at least once.",555.7162999175489,1279.3863001279533,1.855564103103601,538.9196731750783,38,390,93,
97281954,extraction,High,"Evaluate the following movie reviews on a scale of 1 to 5, with 1 being very negative, 3 being neutral, and 5 being very positive:
1. This movie released on Nov. 18, 2019, was phenomenal. The cinematography, the acting, the plot - everything was top-notch.
2. Never before have I been so disappointed with a movie. The plot was predictable and the characters were one-dimensional. In my opinion, this movie is the worst one to have been released in 2022.
3. The movie was okay. There were some parts I  enjoyed, but there were also parts that felt lackluster. This is a movie that was released in Feb 2018 and seems to be quite ordinary.
Return the answer as a JSON array of integers. Update your previous reply by including the release date as part of the JSON content.","Here is the evaluation of the movie reviews on a scale from 1 to 5, including the release date as part of the JSON content:

```json
[
  {
    ""review"": ""This movie released on Nov. 18, 2019, was phenomenal. The cinematography, the acting, the plot - everything was top-notch."",
    ""rating"": 5
  },
  {
    ""review"": ""Never before have I been so disappointed with a movie. The plot was predictable and the characters were one-dimensional. In my opinion, this movie is the worst one to have been released in 2022."",
    ""rating"": 1
  },
  {
    ""review"": ""The movie was okay. There were some parts I enjoyed, but there were also parts that felt lackluster. This is a movie that was released in Feb 2018 and seems to be quite ordinary."",
    ""rating"": 3
  }
]
```",825.0992000102997,1299.9264998361468,2.3275848030678783,429.6298887507548,187,204,42,
96536319,extraction,High,"Given these categories - Literature, History, Science, and Art. Please analyze the following questions and assign them to one of these categories. In your response, refrain from uttering any extraneous words. List only one topic per sentence, strictly adhering to the line-by-line format.
1. Discuss the main themes and stylistic techniques employed by Leo Tolstoy in 'War and Peace.' How do they align with the wider social context of 19th-century Russia?
2. Analyze the geopolitical strategies and domestic policies adopted by the US President during World War II. How did these actions shape the post-war international order?
3. Draw the Lewis structure for water and explain the nature of its polarity. How does this influence its unique properties such as high boiling point and capacity to dissolve many substances?
4. Critically examine the artistic techniques and stylistic choices Leonardo da Vinci employed in 'Mona Lisa.' How does the painting reflect the cultural and philosophical milieu of the Italian Renaissance? Amend your earlier answer by mentioning a person who is most relevant to each point.","1. Literature
2. History
3. Science
4. Art",904.6405998524278,926.4689998235554,1.284023527713383,778.8019287939543,213,17,3,
34830845,extraction,High,"Extract the following information from the presented texts: The name of the book, the author, the main character, the year of publication. Output in the format of ""main character, book, author, year of publication"", one book per line.
a) In the realm of wizarding literature, a true standout is the work of J.K. Rowling. One of her books that left an indelible mark is 'Harry Potter and the Philosopher's Stone'. This iconic tale, published in 1997, tells the story of Harry, a young orphan who discovers his magical abilities on his 11th birthday. Soon, he finds himself at the Hogwarts School of Witchcraft and Wizardry, a place teeming with magic and adventure, located somewhere in Scotland.
b) The magic of Middle-earth has entranced readers worldwide, thanks to the brilliance of J.R.R. Tolkien. In one of his seminal works, 'The Lord of the Rings: The Fellowship of the Ring', published in 1954, we meet Frodo Baggins, a brave hobbit tasked with the perilous quest of destroying the One Ring. The epic journey takes him from the peaceful Shire to the tumultuous regions of Middle-earth.
c) In a galaxy far, far away, the imagination of L.E. Starlighter gives us 'The Prism Galaxy Chronicles: The Awakening of the Starcaster'. Published in 2028, the story is about Zylo, a humble spaceship mechanic, who unexpectedly discovers he's a Starcaster - a rare individual with the power to manipulate stardust. Set against the backdrop of an interstellar empire in turmoil, Zylo's destiny unfolds on numerous alien worlds, each with its unique cosmic charm. Reformulate your earlier reply, output it in JSON format and only include books published after 1980.","{
  ""books"": [
    {
      ""main_character"": ""Frodo Baggins"",
      ""book"": ""The Lord of the Rings: The Fellowship of the Ring"",
      ""author"": ""J.R.R. Tolkien"",
      ""year_of_publication"": 1954
    },
    {
      ""main_character"": ""Zylo"",
      ""book"": ""The Prism Galaxy Chronicles: The Awakening of the Starcaster"",
      ""author"": ""L.E. Starlighter"",
      ""year_of_publication"": 2028
    }
  ]
}",828.4808997996151,1061.1959998495877,1.8324023625982089,545.7316692072341,378,127,30,
37403084,extraction,High,"Given the following data, identify the company with the highest profit in 2021 and provide its CEO's name:
a) Company X, with CEO Amy Williams, reported $30 billion in revenue and a $3 billion profit in 2021.
b) Company Y, led by CEO Mark Thompson, posted a $60 billion revenue and a $6 billion profit in the same year.
c) Company Z, under CEO Sarah Johnson, announced a $20 billion revenue and a $7 billion profit in 2021.
d) Company W, managed by CEO James Smith, revealed a $300 billion revenue with a $21 billion profit in 2021.
e) Company V, with CEO Lisa Brown, reported a $200 billion revenue and a $25 billion profit in 2021.
f) Company U, under CEO John White, posted a $180 billion revenue and a $20 billion profit in the same year. Which company had the highest profit margin (profit/revenue ratio))?","To determine which company had the highest profit in 2021, we need to look at the profit figures provided for each company. The company with the highest profit will be our answer.

Here are the profit figures for each company:
- Company X: $3 billion profit
- Company Y: $6 billion profit
- Company Z: $7 billion profit
- Company W: $21 billion profit
- Company V: $25 billion profit
- Company U: $20 billion profit

From the data, Company V, led by CEO Lisa Brown, reported the highest profit in 2021 with $25 billion.

Next, to determine which company had the highest profit margin (profit/revenue ratio), we need to calculate the profit margin for each company:

\[ \text{Profit Margin} = \left( \frac{\text{Profit}}{\text{Revenue}} \right) \times 100 \]

Calculating the profit margins:

- Company X: \(\left( \frac{3 \text{ billion}}{30 \text{ billion}} \right) \times 100 = 10\%\)
- Company Y: \(\left( \frac{6 \text{ billion}}{60 \text{ billion}} \right) \times 100 = 10\%\)
- Company Z: \(\left( \frac{7 \text{ billion}}{20 \text{ billion}} \right) \times 100 = 35\%\)
- Company W: \(\left( \frac{21 \text{ billion}}{300 \text{ billion}} \right) \times 100 = 7\%\)
- Company V: \(\left( \frac{25 \text{ billion}}{200 \text{ billion}} \right) \times 100 = 12.5\%\)
- Company U: \(\left( \frac{20 \text{ billion}}{180 \text{ billion}} \right) \times 100 \approx 11.11\%\)

Company Z, under CEO Sarah Johnson, had the highest profit margin at 35%.

In summary:
- The company with the highest profit in 2021 is Company V, with CEO Lisa Brown.
- The company with the highest profit margin is Company Z, with CEO Sarah Johnson.",553.8612001109868,1855.3760999348015,2.562037204377588,390.3143944558512,223,508,121,
48344673,extraction,High,"Identify the countries, their capitals, and the languages spoken in the following sentences. Output in JSON format.
a) Amidst the idyllic vistas, Copenhagen, Denmark's capital, captivates visitors with its thriving art scene and the enchanting Danish language spoken by its inhabitants.
b) Within the enchanting realm of Eldoria, one discovers Avalore, a grandiose city that emanates an ethereal aura. Lumina, a melodious language, serves as the principal mode of communication within this mystical abode.
c) Nestled amidst a harmonious blend of age-old customs and contemporary wonders, Buenos Aires, the capital of Argentina, stands as a bustling metropolis. It is a vibrant hub where the expressive Spanish language holds sway over the city's inhabitants. Come up with 3 similar examples in the YAML format.","Certainly! Below are three similar examples in YAML format:

```yaml
example1:
  country: France
  capital: Paris
  language: French
  description: ""In the heart of Europe, Paris, the capital of France, dazzles visitors with its rich history and culture. The elegant French language is spoken by its inhabitants.""

example2:
  country: Germany
  capital: Berlin
  language: German
  description: ""Berlin, the capital of Germany, is a city where tradition meets modernity. The German language, known for its precision and depth, is spoken by its residents.""

example3:
  country: Italy
  capital: Rome
  language: Italian
  description: ""Rome, the capital of Italy, is a city steeped in history and art. The melodious Italian language, celebrated for its beauty, is spoken by its people.""
```

Here's the JSON format for the given sentences:

```json
{
  ""a"": {
    ""country"": ""Denmark"",
    ""capital"": ""Copenhagen"",
    ""language"": ""Danish"",
    ""description"": ""Amidst the idyllic vistas, Copenhagen, Denmark's capital, captivates visitors with its thriving art scene and the enchanting Danish language spoken by its inhabitants.""
  },
  ""b"": {
    ""country"": ""Eldoria"",
    ""capital"": ""Avalore"",
    ""language"": ""Lumina"",
    ""description"": ""Within the enchanting realm of Eldoria, one discovers Avalore, a grandiose city that emanates an ethereal aura. Lumina, a melodious language, serves as the principal mode of communication within this mystical abode.""
  },
  ""c"": {
    ""country"": ""Argentina"",
    ""capital"": ""Buenos Aires"",
    ""language"": ""Spanish"",
    ""description"": ""Nestled amidst a harmonious blend of age-old customs and contemporary wonders, Buenos Aires, the capital of Argentina, stands as a bustling metropolis. It is a vibrant hub where the expressive Spanish language holds sway over the city's inhabitants.""
  }
}
```",792.9006000049412,1673.335200175643,2.052295105293011,487.25936022598836,160,429,108,
42813505,extraction,High,"Please read the paragraph below and count how many times the words ""Amazon"", ""river"", and ""you"" appear. Please present the results in the format of ""word, number of appearances"" with each word on a separate line. Sort the lines in order of the number of appearances.
The Amazon, a mesmerizing expanse of nature's wonders, is home to the legendary Amazon River. Flowing through awe-inspiring landscapes like the Amazon rainforest, the river weaves its way through Brazil, Colombia, and Peru, giving life to countless creatures. From the mighty jaguars prowling the Amazon jungle to the vibrant macaws soaring above the canopy, this remarkable region teems with biodiversity. Deep within the river's currents, magnificent pink river dolphins gracefully glide alongside piranhas and electric eels. Along the riverbanks, you'll find bustling cities like Manaus, where the urban meets the wild, and Iquitos, a gateway to the heart of the Amazon rainforest. As you venture further, the Amazon River reveals hidden gems like the captivating Anavilhanas Archipelago, a mosaic of islands brimming with rare species. Embark on an adventure, explore the enchanting Amazon River, and immerse yourself in a world teeming with life and untamed beauty. Please repeat the same task using the words 'the', 'and', and 'to'","Sure, here are the counts for the words ""Amazon"", ""river"", and ""you"":

Amazon, 3
river, 5
you, 1

Now, for the words ""the"", ""and"", and ""to"":

the, 8
and, 4
to, 2",701.3457999564707,944.1078000236303,3.7931562510493677,263.63269367650025,270,64,20,
41972921,extraction,High,"Identify the named entities (people, organizations, locations) mentioned in the given news article. Please generate a JSON dictionary that lists the named entities in three separate groups based on their entity types. The key is the type of entity and the value is a list of strings.

Yesterday, Adamson Emerson, the CEO of Faraday, and Dieter Zetsche, the CEO of Daimler AG, announced plans to build a new Gigafactory in Berlin. The facility will be a joint venture between Faraday and Daimler, producing electric vehicles and battery packs for both companies, creating thousands of job opportunities in the region. Emerson and Zetsche stated that the strategic location of Berlin, coupled with its skilled workforce and strong infrastructure, makes it an ideal choice for expansion. The new Gigafactory aims to meet the growing demand for electric vehicles in Europe and contribute to a sustainable future. Volkswagen CEO Herbert Diess welcomed the news, saying greater collaboration will benefit the auto industry's transition to e-mobility. Now make the JSON object shorter by replacing each value with its first letter. Please output everything in a single line without using indentation or creating new lines.","{""people"":[""A"",""D"",""D"",""D"",""H""],""organizations"":[""F"",""D"",""V""],""locations"":[""B""]}",817.5256000831723,994.3224000744522,6.548029629306661,152.7176962554284,223,27,17,
68335013,extraction,High,"Analyze the following customer reviews from different sources for three different smartphones - the latest iPhone, Samsung Galaxy, and Google Pixel - and provide an overall rating for each phone on a scale of 1 to 10. Consider the following complex and contradictory reviews:
- TechRadar's review of the latest iPhone: The new iPhone is a stunning triumph of engineering that sets a new bar for smartphone performance and camera quality. However, the incremental design and high price mean it lacks the 'wow' factor of previous iPhones. Still, its power and intelligence are unrivaled.
- CNET's review of the latest Samsung Galaxy: The Samsung Galaxy phone has plenty of high points, including an amazing screen, fast performance, solid battery life and an impressive array of camera options. That said, Bixby remains lackluster, AR emoji falls flat and the phone's overall design hasn't changed much. The new Galaxy is an amazing phone overall, but it has a few nagging weaknesses that keep it from achieving true greatness.
- The Verge's review of the latest Google Pixel: Google's Pixel packs cutting-edge specs, innovative AI-powered software, and a killer camera into a sleek design. However, the phone has lackluster battery life, lacks expandable storage, and its performance stutters at times, especially considering its high price tag. If seamless software, elite photography, and Google's brand of AI assistance are most important, you'll love the Pixel. But the overall experience isn't as well-rounded as some competitors. Return the answer as a JSON object with the overall ratings for each phone out of 10, to one decimal place. Can you change the ratings from numbers to letters? Capital letters MUST be used when writing the names of phones.","Sure, here is the analysis of the reviews and the overall ratings for each phone, represented as capital letters:

```json
{
  ""IPHONE"": ""A"",
  ""SAMSUNG"": ""B+"",
  ""PIXEL"": ""B""
}
```

### Analysis:
- **IPHONE**: Despite the high praise for its engineering, performance, and camera quality, the review notes that the new iPhone lacks the 'wow' factor due to incremental design and high price. However, its power and intelligence are still unrivaled. Given this balance of strengths and minor weaknesses, the overall rating is **A** (9.5/10).

- **SAMSUNG**: The review highlights many positive aspects such as an amazing screen, fast performance, solid battery life, and an impressive array of camera options. However, it also mentions some weaknesses like lackluster Bixby, flat AR emoji, and unchanged design. Despite these issues, the phone is described as amazing overall. Thus, the rating is **B+** (8.5/10).

- **PIXEL**: The review praises the cutting-edge specs, innovative AI-powered software, and elite photography. However, it criticizes the phone for its lackluster battery life, lack of expandable storage, and performance stutters, especially considering its high price. While the software and photography are top-notch, the overall experience isn't as well-rounded. Therefore, the rating is **B** (7.5/10).",2084.870900027454,3029.0689000394195,3.1161650165411405,320.9072673275734,353,303,106,
51413464,extraction,High,"Given a set of complex equations, extract all unique variable names from each equation. Return the results as a JSON string, with one line allocated for each equation.
```
1) y = (3/4)x^3 - e^(2x) + sin(pi*x) - sqrt(7)
2) 2A - B/(3+C) * sum(N=1 to 5; ln(N)^2) = 5D*integral(a=0 to pi; cos(comb(N=1 to 10; N*a)))
3) E = m(c^2) + gamma*(v/d)/(-(alpha/2) + sqrt(beta^2 + (alpha/2)^2))
``` Please rearrange the equations and use 'a', 'b', 'c', 'd', etc. as variables.","To extract all unique variable names from each equation and rearrange them using 'a', 'b', 'c', etc., we'll first identify the variables in each equation and then represent them in the specified order.

Here's the rearranged and variable-named JSON string:

```json
[
  ""a = (3/4)b^3 - e^(2b) + sin(pi*b) - sqrt(7)"",
  ""2c - d/(3+e) * sum(N=1 to 5; ln(N)^2) = 5f*integral(a=0 to pi; cos(comb(N=1 to 10; N*a)))"",
  ""g = h(i^2) + j*(k/l)/(-(m/2) + sqrt(n^2 + (m/2)^2))""
]
```

Explanation:
1. In the first equation, `y` is replaced by `a`, `x` by `b`.
2. In the second equation, `A` is replaced by `c`, `B` by `d`, `C` by `e`, `N` by `a`, `D` by `f`.
3. In the third equation, `E` is replaced by `g`, `m` by `h`, `c` by `i`, `gamma` by `j`, `v` by `k`, `d` by `l`, `alpha` by `m`, `beta` by `n`.",2085.5852998793125,2916.4064000360668,2.51003353521678,398.40105160731827,190,331,100,
30655190,humanities,High,"Describe five key principles in evaluating an argument in analytical writing. With the listed principles, write a response in which you discuss what specific evidence is needed to evaluate the argument and explain how the evidence would weaken or strengthen the argument.

===

The following is a memorandum from the advertising head of Zorblatt Animal Outlets, a chain operating thirty animal outlets globally.

""Half a decade ago, our rival Aquatic Pavilion started publicizing in Rare Pets Digest periodical. Their overall sales have been consistently growing at a rate of 3-to-5 percent each year since then. In particular, the Aquatic Pavilion outlet in Harbor Town experienced even more significant growth, securing the title of the most frequented animal store in the United States the previous year. In contrast, our two Zorblatt outlets in Harbor Town have recorded a consistent drop in sales during the same duration. It is evident that we must promptly start featuring our own advertisements in Rare Pets Digest and other popular animal publications. If we take this step, we can confidently anticipate a reversal in this recent trend of decreasing sales and return to profitability.""","When evaluating the argument presented in the memorandum from the advertising head of Zorblatt Animal Outlets, five key principles should be considered: relevance, sufficiency, consistency, context, and causality. Here’s how specific evidence would be needed to evaluate the argument and how it would either weaken or strengthen it:

### 1. Relevance
**Principle:** The argument hinges on the assumption that advertising in Rare Pets Digest will lead to increased sales for Zorblatt outlets.

**Evidence Needed:** Data on the readership demographics of Rare Pets Digest and how they correlate with Zorblatt's customer base. Information on whether the magazine's readers are more likely to visit physical stores versus online shopping.

**Impact:** If Rare Pets Digest has a readership that does not align with Zorblatt’s target demographic, this evidence would weaken the argument by showing that the magazine may not reach the intended audience effectively.

### 2. Sufficiency
**Principle:** The argument assumes that merely starting advertising will be sufficient to reverse the sales trend.

**Evidence Needed:** Historical data on the impact of advertising campaigns on sales, including the duration and frequency of previous advertising efforts and their corresponding outcomes.

**Impact:** If previous advertising efforts did not lead to significant sales increases, this evidence would weaken the argument by suggesting that simply starting new advertisements may not be sufficient on its own.

### 3. Consistency
**Principle:** The argument relies on the consistency of the sales growth trend for Aquatic Pavilion and the sales decline trend for Zorblatt.

**Evidence Needed:** Detailed sales data for both Aquatic Pavilion and Zorblatt outlets over a longer period, including any seasonal fluctuations or economic changes that might have affected sales.

**Impact:** If the sales trends are not as consistent as suggested, or if there are significant external factors affecting sales, this evidence would weaken the argument by questioning the reliability of the trends.

### 4. Context
**Principle:** The argument assumes that the success of Aquatic Pavilion’s advertising is directly attributable to their Rare Pets Digest advertisements without considering other factors.

**Evidence Needed:** Information on other marketing strategies employed by Aquatic Pavilion, such as social media campaigns, partnerships, or in-store promotions.

**Impact:** If other factors played a significant role in Aquatic Pavilion’s success, this evidence would weaken the argument by suggesting that the success cannot be solely attributed to their Rare Pets Digest advertisements.

### 5. Causality
**Principle:** The argument assumes a direct causal relationship between advertising in Rare Pets Digest and increased sales.

**Evidence Needed:** Controlled studies or A/B testing results comparing sales before and after the introduction of advertising in Rare Pets Digest, controlling for other variables.

**Impact:** If there is no clear causal link between the advertising and sales increases, this evidence would weaken the argument by indicating that the assumed causality is not well-supported.

### Conclusion
To thoroughly evaluate the argument, Zorblatt needs to provide evidence that addresses these five principles. If the evidence shows that Rare Pets Digest’s readership aligns well with Zorblatt’s target demographic, that previous advertising efforts have been insufficient, that sales trends are consistent, that other marketing strategies are not significantly impacting sales, and that there is a clear causal link between the advertising and sales increases, the argument would be strengthened. Conversely, if any of these points are not supported by the evidence, the argument would be significantly weakened.",658.7691998574883,2977.5276998989284,3.4250494830745053,291.96658469948505,215,677,256,
