response,ttft_ms,e2e_latency_ms,avg_itl_ms,tps,input_tokens,output_tokens,chunk_count,prompt_id,category,complexity,prompt,error
"Absolutely, here's an engaging travel blog post about a recent trip to Hawaii, highlighting cultural experiences and must-see attractions:

Aloha to all travel enthusiasts! A recent trip to Hawaii was an adventure filled with unforgettable moments. A vibrant blend of natural beauty and rich culture awaits every traveler. A visit to the historic town of Kailua is a must. A stroll through Kailua Village reveals charming shops and delightful eateries. A highlight was attending a traditional Hawaiian luau, where authentic hula performances and delicious local cuisine were served.

Aloha spirit was palpable everywhere. A chance encounter with local artisans showcased the island's rich heritage. A visit to the ancient Hawaiian temple, Pu'uhonua o Ho'nanau National Historical Park, was both enlightening and humbling. Awe-inspiring views from the summit of Mauna Kea offered a serene perspective on the island's natural wonders.

A trip to Hawaii wouldn't be complete without exploring its stunning beaches. A visit to Waimea Bay was an exhilarating experience, with its powerful waves and breathtaking scenery. A hike through the Waimea Canyon State Park revealed the island's dramatic landscapes and lush valleys. A sunset at Hanalei Bay painted the sky with vibrant colors, creating a magical atmosphere.

Aloha to everyone who loves adventure! A helicopter tour over the island provided a bird's-eye view of Hawaii's diverse terrain. A visit to the iconic Pearl Harbor Museum was a sobering reminder of history. A day spent on the Big Island's black sand beaches was a unique experience, unlike anything else in the world.

Aloha once again to all my fellow travelers. A trip to Hawaii is a journey through time and nature, offering a blend of cultural experiences and natural beauty that leaves a lasting impression. A return to such a magical place is always on my bucket list.",493.71640011668205,2433.9187999721617,5.173873066281279,193.27880432883327,37,375,207,44067482,writing,Low,"Compose an engaging travel blog post about a recent trip to Hawaii, highlighting cultural experiences and must-see attractions. Rewrite your previous response. Start every sentence with the letter A.",
"In quantum physics, **superposition** is a fundamental principle that describes how quantum particles can exist in multiple states or configurations simultaneously until they are measured. In classical terms, if you think of a coin, it is either heads or tails when you look at it. However, in the quantum realm, a quantum particle like an electron can exist in a superposition of both ""spin up"" and ""spin down"" states at the same time.

Superposition is mathematically represented using wave functions, which are solutions to the Schrödinger equation, a central equation in quantum mechanics. The wave function describes the probability amplitude of finding a particle in a particular state.

**Quantum entanglement** is a phenomenon where pairs or groups of particles become linked in such a way that the state of one particle instantaneously influences the state of another, no matter how far apart they are. This occurs because the entangled particles share a single wave function, meaning their properties are interdependent.

Here's how superposition relates to entanglement:

1. **Superposition and Entangled States**: When particles are entangled, they exist in a superposition of joint states. For example, if two particles are entangled in their spin states, measuring the spin of one particle will immediately determine the spin of the other, even if they are light-years apart. This is because their combined state is a superposition of all possible pairs of states (e.g., both spins up, both spins down, one up and one down, etc.).

2. **Non-locality**: Entanglement demonstrates a form of non-locality, where the measurement of one particle affects another instantaneously, defying classical intuitions about locality and requiring a change in our understanding of information and interaction in the quantum realm.

**Assumptions made in the response:**

1. **Quantum Mechanics Framework**: The explanation assumes a foundational understanding of quantum mechanics, including concepts like wave functions, the Schrödinger equation, and the probabilistic nature of quantum states.

2. **Classical Intuitions**: The comparison to classical objects like coins assumes that the reader has some familiarity with classical physics to understand the contrast with quantum behavior.

3. **Entanglement Definition**: It assumes that the reader understands the concept of entangled states and how they differ from classical correlations.

**Validity of Assumptions:**

- **Quantum Mechanics Framework**: This is a valid assumption because the question pertains to quantum physics, and a basic understanding of quantum mechanics is necessary to grasp superposition and entanglement.
  
- **Classical Intuitions**: This is a reasonable assumption to make for the purpose of explanation, as analogies to classical objects often help in understanding complex quantum phenomena. However, it's important to note that quantum behavior fundamentally differs from classical behavior.

- **Entanglement Definition**: Assuming the reader has a basic grasp of what entanglement means is valid given the context of the question, which implies an inquiry into advanced quantum phenomena.

In summary, superposition and entanglement are core concepts in quantum physics that challenge classical intuitions and require a shift in understanding from classical to quantum mechanics. The assumptions made in the explanation are generally valid for the context of the question and aim to provide a coherent and accessible explanation.",606.0088998638093,2764.6782998926938,3.421029160109167,292.3096978127159,36,631,245,46091167,stem,Low,"In the field of quantum physics, what is superposition, and how does it relate to the phenomenon of quantum entanglement? What assumptions have you made in your response? Are they valid?",
"The central dogma of molecular biology describes the process by which the genetic information in DNA is transcribed into RNA and then translated into proteins. This fundamental principle outlines the flow of genetic information within a biological system.

The processes involved in the central dogma are:

1. **DNA Replication**: The duplication of DNA before cell division to ensure that each new cell receives a complete set of genetic information.
2. **Transcription**: The process by which a segment of DNA is copied into messenger RNA (mRNA) by the enzyme RNA polymerase.
3. **RNA Processing**: The modification of the initial RNA transcript (pre-mRNA) to form mature mRNA, which includes the removal of introns (non-coding regions) and the addition of a 5' cap and a 3' poly-A tail.
4. **Translation**: The process by which ribosomes synthesize proteins using the sequence of codons in mRNA, with transfer RNA (tRNA) molecules bringing the appropriate amino acids.

The central dogma was formulated by Francis Crick in 1958.

**Incorrect Fact to Fix:**
An incorrect fact that sometimes appears in layman's explanations is that the central dogma only involves transcription and translation, ignoring DNA replication. 

**Fixed Fact:**
The central dogma of molecular biology includes DNA replication, transcription, RNA processing, and translation, all of which are essential for the flow of genetic information from DNA to protein.",590.0999999139458,1448.4119999688119,2.959696551913331,337.8724752554575,29,290,99,57239570,stem,Low,What is the central dogma of molecular biology? What processes are involved? Who named this? Identify and fix one incorrect fact in your previous response.,
"Certainly! Let's delve into the differences between exothermic and endothermic reactions, the criteria used to distinguish them, and provide a real-world example. We'll also explore whether a process can involve both types of reactions.

### Exothermic Reactions

**Definition:**
Exothermic reactions are chemical reactions that release energy to their surroundings, usually in the form of heat. This results in an increase in the temperature of the surroundings.

**Criteria:**
- **Energy Release:** The system loses energy.
- **Temperature Change:** The temperature of the surroundings increases.
- **Thermochemical Equation:** Typically, the enthalpy change (\( \Delta H \)) is negative (\( \Delta H < 0 \)).

**Example:**
A common real-world example of an exothermic reaction is the combustion of methane in the presence of oxygen:
\[ \text{CH}_4(g) + 2\text{O}_2(g) \rightarrow \text{CO}_2(g) + 2\text{H}_2\text{O}(l) + \text{energy} \]
In this reaction, methane (natural gas) burns in oxygen to produce carbon dioxide and water, releasing a significant amount of heat energy.

### Endothermic Reactions

**Definition:**
Endothermic reactions are chemical reactions that absorb energy from their surroundings, usually in the form of heat. This results in a decrease in the temperature of the surroundings.

**Criteria:**
- **Energy Absorption:** The system gains energy.
- **Temperature Change:** The temperature of the surroundings decreases.
- **Thermochemical Equation:** Typically, the enthalpy change (\( \Delta H \)) is positive (\( \Delta H > 0 \)).

**Example:**
A common real-world example of an endothermic reaction is the process of photosynthesis in plants:
\[ 6\text{CO}_2(g) + 6\text{H}_2\text{O}(l) + \text{light energy} \rightarrow \text{C}_6\text{H}_{12}\text{O}_6(aq) + 6\text{O}_2(g) \]
In this reaction, plants absorb carbon dioxide and water, along with light energy from the sun, to produce glucose and oxygen. This process absorbs energy from the surroundings.

### Can a Process Involve Both Reactions?

Yes, a process can involve both exothermic and endothermic reactions. Such processes are often referred to as coupled reactions or multi-step reactions where one reaction releases energy (exothermic) and another absorbs energy (endothermic).

**Example:**
Consider the thermite reaction, which is widely used in welding metals together. The reaction involves two steps:
1. **Exothermic Step:** Aluminum reacts with iron oxide in an exothermic reaction:
\[ 2\text{Al}(s) + \text{Fe}_2\text{O}_3(s) \rightarrow \text{Al}_2\text{O}_3(s) + 2\text{Fe}(l) + \text{energy} \]
2. **Endothermic Step:** The iron produced in the exothermic reaction can then react with another compound in an endothermic manner to form a different product.

In this case, the overall process can involve both exothermic and endothermic reactions, depending on the specific steps and the compounds involved.

### Summary

- **Exothermic Reactions:** Release energy, \( \Delta H < 0 \), temperature of surroundings increases.
- **Endothermic Reactions:** Absorb energy, \( \Delta H > 0 \), temperature of surroundings decreases.
- **Real-World Examples:** Combustion of methane (exothermic) and photosynthesis (endothermic).
- **Coupled Reactions:** Processes can involve both exothermic and endothermic steps, such as the thermite reaction.

Understanding these differences helps in grasping the fundamental principles of thermodynamics and their applications in various fields.",963.9801001176238,2628.1973000150174,2.04198429435263,489.71973132488256,47,815,231,65106343,stem,Low,"Please explain the differences between exothermic and endothermic reactions, and include the criteria you used to distinguish between them. Additionally, please provide a real-world example to illustrate your explanation. Can a process involve both reactions? List one.",
"The Alps and Rhine River have significantly influenced settlement and agriculture in Western Europe in various ways. Here are three notable impacts:

1. **Natural Barriers and Defense**: The Alps provided a natural barrier that historically protected settlements from invasions and facilitated the development of distinct cultural regions. This has led to the establishment of fortified towns and cities along the foothills and valleys.

2. **Water Source and Fertile Land**: The Rhine River has been a crucial source of water for irrigation and has supported the development of fertile plains and agriculturally rich areas along its course. This has enabled the growth of cities and towns that rely on agriculture, such as Basel and Strasbourg.

3. **Trade and Transportation**: The Rhine River has served as a major transportation route, facilitating trade between different regions. Settlements along the river benefited from economic activities, leading to the growth of commercial hubs and diverse economies.

### Designing an Experiment to Validate the First Impact

To validate the first impact—how the Alps acted as a natural barrier and influenced settlement patterns—we can design a simple but concrete experiment:

**Objective**: To determine how the presence of the Alps has influenced the density and type of settlements in the Alpine regions compared to adjacent lowland areas.

**Hypothesis**: Settlements in the Alpine regions are less dense and have different characteristics compared to settlements in the adjacent lowlands due to the natural barrier effect of the Alps.

**Methodology**:

1. **Selection of Study Areas**:
   - Choose two comparable regions: one in the Alpine foothills and one in the adjacent lowland area.
   - Ensure both regions are similar in size and have comparable historical and economic backgrounds.

2. **Data Collection**:
   - Collect data on the number, size, and type of settlements (villages, towns, cities) in both regions.
   - Gather historical data on population density, types of economic activities, and any defensive structures (e.g., castles, fortifications).

3. **Analysis**:
   - Compare the density and type of settlements in both regions using statistical methods.
   - Analyze the historical data to see if there are more defensive structures in the Alpine region.

**Expected Outcome**:
- If the hypothesis is correct, the Alpine region should show fewer and smaller settlements with a higher presence of defensive structures compared to the lowland region, indicating the protective influence of the Alps.

**Validation**:
- To validate the results, repeat the experiment in multiple pairs of Alpine and lowland regions to ensure consistency and reliability of the findings.

This experiment would provide empirical evidence to support the historical and cultural impact of the Alps as a natural barrier on settlement patterns in Western Europe.",772.5342998746783,2461.832699831575,3.193380718255004,313.14775412887246,34,529,196,25568812,stem,Low,How have the Alps and Rhine River influenced settlement and agriculture in Western Europe? List three impacts. How could you design a concrete but simple experiment to validate the first impact?,
"Sure, let's break it down in a way that's easy to understand!

### For Everyone:

**Economic Indicators:**
1. **GDP (Gross Domestic Product):** This is like the total amount of money a country makes from everything it produces in a year. It's a big number that tells us how big and strong an economy is.
2. **Inflation:** This is when prices for things like toys, food, and clothes go up over time. If everything costs more, we say the economy has high inflation.
3. **Unemployment Rate:** This is the percentage of people who want to work but can't find a job. If many people are unemployed, it means the economy isn't doing well.

**How Policies Affect Indicators:**
- **Fiscal Policy:** This is what the government does with money, like spending on schools or cutting taxes. If the government spends more, it can make people have more money to spend, which can boost GDP. But if it spends too much, it can lead to higher inflation. If people have more money, they might look for jobs, lowering the unemployment rate.
- **Monetary Policy:** This is what the central bank (like the Federal Reserve in the U.S.) does with interest rates and money supply. Lowering interest rates can make borrowing cheaper, so people and businesses might borrow more to spend or invest, which can boost GDP. But if too much money is chasing too few goods, inflation can rise. If people borrow to spend, they might not look for jobs as much, which can affect the unemployment rate.

### For a Five-Year-Old:

**Economic Indicators:**
1. **GDP:** Imagine if we counted all the toys, ice cream, and video games a country makes in a year. That big number tells us how much fun stuff is being made.
2. **Inflation:** If the price of your favorite candy goes up over time, that's inflation. It means candy is getting more expensive.
3. **Unemployment Rate:** This is like counting how many kids in the neighborhood don't have a job to do. If a lot of kids don't have a job, it means the town isn't giving out enough chores.

**How Policies Affect Indicators:**
- **Fiscal Policy:** Think of the government as a big piggy bank. If it spends a lot of its money on fun things like parks or new toys for everyone, people might have more money to spend, which can make more fun stuff get made (higher GDP). But if it spends too much, the candy might get too expensive (higher inflation). If everyone has money to spend, they might not need to look for chores (lower unemployment).
- **Monetary Policy:** Imagine the bank decides if it's easy or hard to borrow toys from friends. If it's easy, everyone might borrow more toys to play with, which can make more fun stuff get made (higher GDP). But if there are too many toys for too few games, toys might get expensive (higher inflation). If everyone has borrowed toys, they might not need to look for chores (lower unemployment).

Hope that helps!",566.3268999196589,2725.829599890858,3.307048545132005,302.38443323488735,39,653,241,47292991,humanities,Low,"Provide insights into the correlation between economic indicators such as GDP, inflation, and unemployment rates. Explain how fiscal and monetary policies affect those indicators. Now, explain them again like I'm five.",
"In the garden where the seasons bloom,
A river flows, a timeless tune,
Its currents weave through life's grand scheme,
A tale of time, a dream.

From the cradle's gentle cradle sway,
To the twilight's soft decay,
Each stage a chapter, each a page,
In the book of life, we all engage.

The infant's eyes, wide with wonder,
See the world in colors never duller,
Time for them is but a flight,
A fleeting moment in the light.

The child, with laughter's ringing bell,
Explores the world, where mysteries dwell,
Time stretches like a boundless sea,
Each day a new adventure, wild and free.

The youth, with dreams that soar and climb,
Faces the world with heart and time,
Time now a race, a fleeting race,
To carve a path in this vast space.

The adult's hands, with wisdom's grace,
Build and mend, embrace and replace,
Time now a tapestry, rich and wide,
Each thread a memory, each a guide.

The elder, with eyes that see,
Through the mists of memory,
Time slows, a gentle stream,
Reflecting on the life's grand theme.

In the garden where the seasons bloom,
The river flows, a timeless tune,
Each stage a lesson, each a truth,
In the book of life, we find our youth.

For time, though swift, though slow, though fleeting,
Is the river that our souls are meeting,
In every stage, we find our place,
In the garden of life's endless grace.",598.2160000130534,2072.5662999320775,4.536462461289305,220.43607955168457,23,325,165,68280443,humanities,Low,How do the stages of life shape our understanding of time and mortality? Write an allegorical poem that illustrates the above.,
"### Antitrust Laws and Their Impact on Market Competition

**Antitrust laws** are regulations designed to promote competition and protect consumers by preventing monopolistic practices. These laws aim to ensure that markets operate efficiently and fairly, preventing any single entity from gaining excessive control that could stifle competition, raise prices, and reduce innovation.

#### Impact on Market Competition

1. **Promotes Fair Competition**: Antitrust laws ensure that businesses compete on a level playing field, which encourages innovation and better services for consumers.
2. **Prevents Monopolies**: By breaking up or regulating monopolies, antitrust laws prevent any single company from dominating a market, which could lead to higher prices and reduced consumer choice.
3. **Encourages Entry of New Firms**: Antitrust regulations can lower barriers to entry, making it easier for new firms to enter the market and compete with established players.
4. **Protects Consumer Welfare**: By maintaining competitive markets, antitrust laws help keep prices in check and ensure that consumers benefit from lower prices and higher quality goods and services.

### Comparison of Antitrust Laws in the US and China

#### United States

**Key Legislation**:
- **Sherman Antitrust Act (1890)**: The cornerstone of U.S. antitrust law, it prohibits monopolistic business practices.
- **Clayton Act (1914)**: Addresses issues not covered by the Sherman Act, such as mergers and acquisitions that might substantially lessen competition.
- **Federal Trade Commission Act (1914)**: Established the Federal Trade Commission (FTC) to enforce antitrust laws and protect consumers.

**Enforcement Agencies**:
- **Federal Trade Commission (FTC)**
- **Department of Justice (DOJ), specifically the Antitrust Division**

**Case Studies**:
- **Microsoft Antitrust Case (1998-2001)**: The U.S. government accused Microsoft of maintaining its Windows monopoly through anti-competitive practices. The case resulted in a settlement requiring Microsoft to adhere to certain business practices to promote competition.

#### China

**Key Legislation**:
- **Anti-Monopoly Law (AML)**: Enacted in 2008, it aims to curb monopolistic practices and promote fair competition.
- **Regulations on the Administration of Monopolies**: Issued by the State Administration for Market Regulation (SAMR).

**Enforcement Agencies**:
- **State Administration for Market Regulation (SAMR)**
- **National Development and Reform Commission (NDRC)**

**Case Studies**:
- **Baidu Antitrust Investigation (2019)**: SAMR initiated an investigation into Baidu for allegedly abusing its dominant position in the online search market. The case highlighted China's efforts to enforce its antitrust laws more rigorously.

### Detailed Case Study: Microsoft Antitrust Case (1998-2001)

**Background**:
The Microsoft antitrust case is one of the most significant antitrust cases in U.S. history. The U.S. Department of Justice (DOJ) and 20 state attorneys general filed a lawsuit against Microsoft in 1998, alleging that the company had engaged in anti-competitive practices to maintain its monopoly in the operating system market.

**Allegations**:
The primary allegations were that Microsoft had:
1. Bundled its Internet Explorer web browser with its Windows operating system, making it difficult for consumers to choose an alternative browser.
2. Engaged in exclusive contracts with computer manufacturers to ensure that Windows was the default operating system.
3. Used its monopoly power in the operating system market to gain control over other markets, such as media players.

**Outcome**:
After a lengthy trial, the court ruled in favor of the plaintiffs in 2000. The case was settled in 2001 with a consent decree that required Microsoft to make significant changes to its business practices. Key points of the settlement included:
- Microsoft was required to provide ""complete and accurate"" information about its operating system to third-party software developers.
- It had to allow computer manufacturers to feature alternative web browsers on their machines.
- The company was prohibited from bundling software in a way that would interfere with the ability of computer users to install, use, or remove software.

**Impact**:
The Microsoft antitrust case had a profound impact on the tech industry and antitrust enforcement in the U.S. It set a precedent for how antitrust laws could be applied to companies with significant market power, particularly in the emerging digital market. The case also highlighted the challenges of regulating rapidly evolving industries and the balance between fostering innovation and preventing anti-competitive practices.

### Conclusion

Antitrust laws play a crucial role in maintaining competitive markets and protecting consumers. While the U.S. and China have different approaches to antitrust enforcement, both aim to prevent monopolistic practices and promote fair competition. The Microsoft antitrust case remains a landmark example of how antitrust laws can be used to address and rectify anti-competitive behavior in a major technology company.",918.3594998903573,4312.190500088036,3.356905044705914,297.89344252589854,34,1011,383,60780117,humanities,Low,Discuss antitrust laws and their impact on market competition. Compare the antitrust laws in US and China along with some case studies. Pick one case study and explain it in detail.,
"Certainly! Here are five ideas for adapting art masterpieces into interactive experiences for children:

1. **Leonardo da Vinci's ""The Last Supper""**
   - **Interactive Idea:** Create a digital version where children can rearrange the figures and change the background settings. They can also add their own drawings to the scene.

2. **Vincent van Gogh's ""Starry Night""**
   - **Interactive Idea:** Develop an augmented reality app where children can see the painting come to life, with stars that they can touch to make them twinkle or change color.

3. **Pablo Picasso's ""Les Femmes d'Alger""**
   - **Interactive Idea:** Offer a virtual reality experience where children can explore different rooms of a virtual studio, each room representing a different section of the painting.

4. **Jean-Michel Basquiat's ""Untitled""**
   - **Interactive Idea:** Create a graffiti-style digital canvas where children can paint and add their own graffiti-style art, inspired by Basquiat’s style.

5. **Mary Cassatt's ""The Child's Bath""**
   - **Interactive Idea:** Develop an interactive storybook app where children can explore different scenarios of bath time, with the painting as the backdrop and characters they can interact with.

### Concrete Plan for Vincent van Gogh's ""Starry Night""

**Project Title:** ""Starry Night VR Experience""

**Objective:** To create an augmented reality (AR) app that brings Vincent van Gogh's ""Starry Night"" to life, allowing children to interact with the painting in a fun and educational way.

**Steps:**

1. **Research and Design**
   - **Duration:** 1 month
   - **Tasks:**
     - Study ""Starry Night"" to understand its elements and details.
     - Design the AR experience, focusing on interactive features like twinkling stars and color changes.
     - Create storyboards and wireframes for the app.
   - **Budget:** $5,000 (Research, design tools, software licenses)

2. **Development**
   - **Duration:** 3 months
   - **Tasks:**
     - Hire a team of AR developers and artists.
     - Develop the AR app using ARKit (for iOS) and ARCore (for Android).
     - Implement interactive features such as touch-to-twinkle stars and color change options.
     - Integrate the digital version of ""Starry Night"" into the app.
   - **Budget:** $50,000 (Salaries for developers and artists, software, hardware for testing)

3. **Testing and Feedback**
   - **Duration:** 1 month
   - **Tasks:**
     - Conduct beta testing with children and gather feedback.
     - Fix bugs and make necessary adjustments based on feedback.
   - **Budget:** $2,000 (Testing devices, minor software updates)

4. **Launch and Marketing**
   - **Duration:** 1 month
   - **Tasks:**
     - Launch the app on iOS and Android app stores.
     - Develop marketing materials and campaigns targeting parents and educators.
     - Organize a launch event with demonstrations and interactive sessions.
   - **Budget:** $10,000 (Marketing, event expenses, promotional materials)

5. **Post-Launch Support**
   - **Duration:** Ongoing
   - **Tasks:**
     - Provide ongoing technical support and updates.
     - Collect user feedback and make continuous improvements.
   - **Budget:** $5,000/year (Technical support, minor updates)

**Total Estimated Budget:** $67,000

**Expected Outcomes:**
- Children will gain a deeper appreciation for ""Starry Night"" through interactive engagement.
- Educational value will be enhanced by allowing children to explore and interact with the painting in a dynamic way.
- The app will serve as a valuable educational tool for schools and art museums.

This plan provides a comprehensive approach to turning a classic masterpiece into an engaging and interactive experience for children.",539.2309001181275,3203.288899967447,3.2097084335533967,311.5547784796522,34,830,296,14125357,humanities,Low,Share ideas for adapting art masterpieces into interactive experiences for children. List 5 specific artworks and associated ideas. Write a concrete plan for your second example. Include budget estimates.,
"### Base Rate Fallacy

The base rate fallacy occurs when people ignore or undervalue general statistical information (base rates) in favor of specific information or anecdotal evidence. This cognitive bias can lead to incorrect judgments and decisions.

### Examples of Politicians Using Base Rate Fallacy in Campaigns

1. **Highlighting Rare but Dramatic Events**: Politicians might focus on rare but highly visible events to sway public opinion, ignoring more common but less dramatic occurrences.
   
2. **Using Emotional Appeals Over Data**: Campaigners might use emotionally charged stories instead of presenting cold, hard data to influence voters.

3. **Cherry-Picking Data**: Politicians might selectively present data that supports their agenda while ignoring data that contradicts it.

4. **Misrepresenting Crime Statistics**: They might emphasize high-profile crimes to create a sense of insecurity, even if the overall crime rate is declining.

5. **Overemphasizing Personal Anecdotes**: Politicians might share personal stories or those of a few individuals to make a broader point, ignoring statistical evidence.

### Detailed Plan for an Election Campaign Using the First Example

#### Example: Highlighting Rare but Dramatic Events

**Campaign Objective**: To increase voter turnout by emphasizing the importance of security and safety, focusing on rare but dramatic events.

**Campaign Name**: ""Safety First""

**Campaign Phases**:

1. **Research and Data Collection**
   - **Identify Rare Events**: Gather data on rare but highly dramatic events such as major terrorist attacks, large-scale natural disasters, or significant crimes.
   - **Contextualize Data**: Provide context to show how these events, though rare, have had significant impacts on communities.

2. **Message Development**
   - **Core Message**: ""Safety First: Ensuring Our Community is Protected Against Rare but Catastrophic Threats.""
   - **Sub-messages**:
     - ""We need strong leadership to prevent rare but devastating events from affecting our daily lives.""
     - ""Your safety is our top priority. Vote for a leader who will protect us from rare but serious threats.""

3. **Media Strategy**
   - **Press Releases**: Issue press releases highlighting the potential impact of rare but dramatic events on the community.
   - **Social Media Campaign**: Create a series of posts and videos focusing on these rare events, using powerful imagery and emotional storytelling.
   - **TV and Radio Ads**: Develop ads that depict these rare events and the importance of having a vigilant leader to prevent them.

4. **Public Engagement**
   - **Town Hall Meetings**: Host town hall meetings where experts discuss the risks of rare but dramatic events and the importance of preparedness.
   - **Community Forums**: Organize forums to discuss safety measures and involve community members in planning for potential threats.
   
5. **Partnerships**
   - **Local Law Enforcement**: Partner with local police and emergency services to provide credible information and reassurance.
   - **Security Experts**: Collaborate with security experts to offer insights into how to mitigate the risks of rare events.

6. **Voter Mobilization**
   - **Direct Mail Campaigns**: Send letters to voters emphasizing the importance of safety and the candidate’s plan to address rare threats.
   - **Phone Banks**: Conduct phone campaigns where volunteers call voters to discuss safety concerns and the candidate’s solutions.
   - **Get-Out-The-Vote (GOTV) Efforts**: Organize GOTV efforts focusing on neighborhoods with high voter turnout, using safety as a key issue.

7. **Monitoring and Adjustment**
   - **Feedback Loop**: Continuously gather feedback from voters and adjust the campaign messages based on their concerns and questions.
   - **Data Analysis**: Regularly analyze voter data to understand the impact of the campaign and make data-driven adjustments.

By focusing on rare but dramatic events, the campaign aims to create a sense of urgency and importance around the issue of safety, potentially swaying voters who prioritize security in their decision-making process.",591.2089000921696,3429.549799999222,3.606532274341871,277.2746571864472,33,787,320,6404588,humanities,Low,Explain what's base rate fallacy and list five specific examples of how politicians use it for campaigns. Provide a detailed plan for an election campaign using the first example.,
"Certainly! Let's imagine a conversation between Socrates and Bill Gates, set in a modern context where they debate the implications of generative AI in education. This conversation will blend Socratic questioning with Bill Gates' practical insights.

---

**Setting:** A modern, sleek conference room with large windows overlooking a tech park. Socrates is dressed in a contemporary casual outfit, while Bill Gates is in a smart business suit.

**Socrates:** Greetings, Mr. Gates. I find myself intrigued by the advancements in generative AI and its potential to revolutionize education. Might you share with me your thoughts on how this technology could transform the learning experience?

**Bill Gates:** Socrates, it's an honor to discuss this with you. Generative AI has the potential to personalize education like never before. Imagine a system that adapts to each student's learning style, providing customized content and exercises that cater to their individual needs.

**Socrates:** Fascinating! But tell me, Mr. Gates, what is the essence of education? Is it merely the accumulation of knowledge, or is there something deeper that generative AI might overlook?

**Bill Gates:** Education is about empowering students to think critically and creatively. Generative AI can help by providing instant feedback and diverse problem sets, which can help students develop these skills more effectively.

**Socrates:** And how does this align with the development of true wisdom? Is wisdom merely the product of vast information, or is there a method to its acquisition that generative AI might fail to capture?

**Bill Gates:** Wisdom involves not just knowing facts but understanding how to apply them wisely. Generative AI can provide the tools and practice needed to develop this understanding, but it's up to educators to guide students in applying these tools wisely.

**Socrates:** So, you suggest that while generative AI can offer vast resources, the guidance of educators remains crucial. But what happens when these tools become too prevalent? Might they lead students to rely too heavily on them, diminishing their own critical thinking?

**Bill Gates:** That's a valid concern, Socrates. It's a balance. Generative AI should augment, not replace, human educators. The goal is to free up teachers to focus more on guiding and mentoring students rather than on administrative tasks.

**Socrates:** Indeed, the role of the teacher as a guide and mentor is paramount. But consider this: if generative AI becomes ubiquitous, might it create a disparity where those with access to the best AI-driven education excel, while others fall behind?

**Bill Gates:** Accessibility is a huge challenge. We need to ensure that all students have access to these technologies. It's about bridging the digital divide and making sure that everyone can benefit from these advancements.

**Socrates:** A noble endeavor, Mr. Gates. But how do we ensure that the pursuit of equitable access does not compromise the quality of education? Might there be a risk that the rush to provide widespread access could dilute the effectiveness of the tools?

**Bill Gates:** Quality control is essential. We need to invest in research to continuously improve the AI systems and ensure they meet high educational standards. It's a continuous process of refinement and adaptation.

**Socrates:** It seems then that the integration of generative AI into education must be approached with both enthusiasm and caution. We must remain vigilant to safeguard the essence of true learning and wisdom.

**Bill Gates:** Exactly, Socrates. It's a journey that requires ongoing dialogue, innovation, and a commitment to equity. Thank you for this enlightening conversation.

**Socrates:** And thank you, Mr. Gates, for sharing your insights. May we all strive to use these tools to foster a deeper understanding and a more just world.

---

This imagined dialogue blends Socratic questioning with Bill Gates' pragmatic approach to technology, reflecting the complexities and ethical considerations surrounding the integration of generative AI in education.",615.7708999235183,3572.678499855101,3.7812117646183925,264.46548414907994,39,782,333,97392077,humanities,Low,Which methods did Socrates employ to challenge the prevailing thoughts of his time? Let's bring Socrates to modern world. Generate a conversation between Socrates and Bill Gates to debate on generative AI for education.,
"**Title: Business Etiquette in Japan for Our Car Wash Business Team**

**[Opening Scene: Bright, modern office setting with team members seated around a conference table]**

**Narrator (Voiceover):**
""Welcome to our training session on business etiquette in Japan. As we expand our car wash business into this fascinating and culturally rich market, it's essential to understand and respect local customs. Let's dive into some key etiquette norms that will help us build strong business relationships in Japan.""

**[Scene Transition: Visuals of traditional Japanese culture, including a sumo wrestler bowing, a tea ceremony, and business people shaking hands]**

**Narrator (Voiceover):**
""First and foremost, let's talk about respect. In Japan, respect is paramount in business interactions. Here are some key points to remember:""

**[Scene: Close-up of a Japanese business card being exchanged]**

**Narrator (Voiceover):**
""When exchanging business cards, or'meishi,' do it with both hands. Present the card with your right hand while using your left hand to support it. Take a moment to look at the card and acknowledge the person before putting it away respectfully.""

**[Scene: A group of people bowing]**

**Narrator (Voiceover):**
""Bowing is a common greeting and sign of respect. A slight bow is appropriate when meeting someone for the first time or when leaving. The depth of the bow can vary depending on the level of respect and the formality of the situation.""

**[Scene: A business meeting with attentive and quiet participants]**

**Narrator (Voiceover):**
""Listening is as important as speaking. Japanese business meetings often involve a lot of listening and minimal small talk. It's okay to let the conversation flow without feeling pressured to fill silences.""

**[Scene: A person removing shoes before entering a building]**

**Narrator (Voiceover):**
""Shoes are a big deal in Japan. When visiting someone's home or a traditional Japanese establishment, it's customary to remove your shoes. In business settings, it's not usually necessary to remove shoes, but always be prepared to follow the lead of your Japanese colleagues.""

**[Scene: A group of people having a quiet, polite lunch together]**

**Narrator (Voiceover):**
""Dining etiquette is also important. Always wait for the eldest or most senior person to start eating before you begin. Avoid sticking chopsticks upright in rice, as it resembles a funeral ritual. And never pass food directly from one person to another using chopsticks.""

**[Scene: A team member handing a gift]**

**Narrator (Voiceover):**
""Gift-giving is a common practice in Japan. If you're invited to a business dinner or a colleague's home, a small, thoughtful gift is appreciated. When receiving a gift, accept it with both hands and express gratitude.""

**[Scene: A team member shaking hands with a Japanese colleague]**

**Narrator (Voiceover):**
""Handshakes are common in formal business settings, but a slight bow combined with a handshake can show extra respect. When shaking hands, maintain eye contact and a firm grip.""

**[Closing Scene: Team members smiling and engaging with each other]**

**Narrator (Voiceover):**
""By understanding and respecting these business etiquette norms, we can build trust and foster positive relationships with our Japanese partners and customers. Remember, the key is to show respect, listen attentively, and be open to learning from our Japanese colleagues.""

**[Ending Scene: Company logo and contact information for further questions]**

**Narrator (Voiceover):**
""Thank you for your attention. If you have any questions or need further clarification, please don't hesitate to reach out to your team leader or HR department. Let's make our expansion into Japan a success by embracing and respecting local customs.""

**[Fade out with soft, traditional Japanese music]**

---

**Note:** This script is designed to be informative and engaging, helping new employees understand the cultural nuances they will encounter while doing business in Japan.",599.8180999886245,3719.2860001232475,3.6916779883249977,270.87953043643546,34,845,351,36620167,humanities,Low,What are some business etiquette norms when doing business in Japan? Create a video script for training new employees of a car wash business in Japan. Highlight the above etiquette norms.,
"### Five Award-Winning Documentary Films for Aspiring Filmmakers

1. **""13th"" (2016)**
   - **Director:** Ava DuVernay
   - **Background:** This powerful documentary explores the intersection of race, justice, and mass incarceration in the United States. It delves into the history of African American enslavement, the 13th Amendment, and the modern-day prison system, revealing how systemic racism continues to perpetuate inequality.

2. **""O.J.: Made in America"" (2016)**
   - **Director:** Ezra Edelman
   - **Background:** This critically acclaimed documentary offers a comprehensive look at the life of O.J. Simpson and the cultural and racial tensions of the 1990s. It uses archival footage, interviews, and expert commentary to examine how Simpson's story reflects broader societal issues in America.

3. **""The Act of Killing"" (2012)**
   - **Director:** Joshua Oppenheimer
   - **Background:** This unsettling documentary follows former Indonesian death squad leaders as they reenact the murders they committed during the Indonesian genocide of 1965-66. The film explores themes of violence, memory, and moral responsibility in a chilling and thought-provoking manner.

4. **""Citizenfour"" (2014)**
   - **Director:** Laura Poitras
   - **Background:** This gripping documentary captures the story of Edward Snowden and his decision to leak classified information from the NSA. It follows Snowden as he works with journalist Glenn Greenwald, revealing the extent of global surveillance and its impact on privacy and freedom.

5. **""Won't You Be My Neighbor?"" (2018)**
   - **Director:** Morgan Neville
   - **Background:** This heartwarming documentary revisits the life and legacy of Fred Rogers, the beloved host of ""Mister Rogers' Neighborhood."" It explores how Rogers' philosophy of kindness, empathy, and understanding continues to resonate in today's world.

---

### Pitch for a Film About Overcoming Adversity

**Title:** ""Resilient Hearts: Stories of Triumph Against the Odds""

**Pitch:**
In the spirit of ""13th,"" ""Resilient Hearts: Stories of Triumph Against the Odds"" is an inspiring documentary that delves into the extraordinary journeys of individuals who have overcome monumental adversities to achieve remarkable success. From survivors of natural disasters who rebuild their lives, to individuals who have battled debilitating illnesses, and those who have risen from the depths of socio-economic hardship, this film celebrates the indomitable human spirit.

Through intimate interviews, breathtaking visuals, and powerful storytelling, ""Resilient Hearts"" will take viewers on an emotional rollercoaster, highlighting the resilience, courage, and sheer determination that define the human experience. Each story is a testament to the belief that no matter how insurmountable the odds may seem, the human spirit has an unparalleled capacity to rise, adapt, and triumph.

This documentary aims to inspire, educate, and uplift audiences, proving that adversity, while challenging, can be a catalyst for extraordinary growth and transformation. ""Resilient Hearts"" is not just a film; it's a call to action, a reminder that within every struggle lies the potential for extraordinary achievement.",1896.9057998619974,4132.745799841359,3.3470658682325776,298.7691426963316,38,668,257,46111977,humanities,Low,"Suggest five award-winning documentary films with brief background descriptions for aspiring filmmakers to study. With the spirit in the first film, craft a succinct and persuasive pitch for a film about overcoming adversity.",
"Subject: Request for Feedback on Quarterly Financial Report

Dear [Supervisor’s Name],

I hope this email finds you well.

I have prepared the 'Quarterly Financial Report' and would greatly appreciate your feedback on it. Specifically, I would like your input on the following areas:

1. **Data Analysis**: Are the analyses thorough and accurate?
2. **Presentation Style**: Does the report maintain a clear and professional tone throughout?
3. **Clarity of Conclusions**: Are the conclusions drawn from the data clear and well-supported?

Your insights will be invaluable in ensuring the report meets our standards and effectively communicates our financial performance.

Thank you for your time and consideration.

Best regards,

[Your Full Name]  
[Your Position]  
[Your Contact Information]

---

**Evaluation and Critique:**

Strengths:
- The email is concise and to the point, directly addressing the key areas for feedback.
- It uses clear and professional language, appropriate for a workplace setting.
- It specifies exactly what kind of feedback is being sought, which helps the supervisor focus their review.

Areas for Improvement:
- Adding a brief summary of the report’s main highlights or a mention of any significant findings could provide context for the supervisor.
- A polite reminder about the deadline for feedback, if relevant, could be included to ensure timely input.

Overall, the email is well-structured and should effectively communicate the request for feedback. Adding a small context or reminder could further enhance its effectiveness.",1181.8191001657397,2184.010200202465,3.351809699119483,298.34629342551847,58,299,107,49723273,writing,Medium,"Draft a professional email seeking your supervisor's feedback on the 'Quarterly Financial Report' you prepared. Ask specifically about the data analysis, presentation style, and the clarity of conclusions drawn. Keep the email short and to the point. Take a moment to evaluate and critique your own response.",
"**Outline for Blog Post Comparing Two Popular Smartphone Models**

**I. Introduction**
- Brief overview of the two smartphone models
- Purpose of the comparison

**II. Design and Build Quality**
- Comparison of physical dimensions and materials
- Camera placement and design aesthetics

**III. Display**
- Screen size and resolution
- Color accuracy and brightness

**IV. Performance**
- Processor and RAM specifications
- Battery life comparison

**V. Camera Features**
- Main camera quality and features
- Front-facing camera quality

**VI. Software and User Experience**
- Operating system and user interface
- Pre-installed apps and customization options

**VII. Price and Value for Money**
- Comparative pricing
- Overall value assessment

**VIII. Conclusion**
- Summary of key points
- Final recommendation

---

**Limerick Outline**

In tech world, two phones we’ll find,
With specs that make users’ minds spin.
One’s sleek and grand,
The other’s a brand,
In features, they’ll surely outshine!",611.1720001790673,1387.907300144434,3.59599675909892,278.0870136964691,70,216,90,72595869,writing,Medium,"Imagine you are writing a blog post comparing two popular smartphone models. Develop an outline for the blog post, including key points and subheadings to effectively compare and contrast the features, performance, and user experience of the two models. Please answer in fewer than 200 words. Take your previous response and rephrase it as a limerick.",
"Subject: Your Hidden Talents Deserve the Spotlight – Let’s Shine Together!

Hey [Friend’s Name],

I hope this email finds you well. Imagine your voice as a hidden gem; it’s time to let it sparkle in the grand theater of life. Volunteering as a guest speaker at the local event is like planting a seed; with a little encouragement, it will grow into something magnificent.

You’ve got a treasure trove of knowledge and experiences; sharing them is like pouring gold into the community’s vault. Think of it as a chance to be the lighthouse guiding others through the fog of uncertainty.

I know public speaking is like a storm for you, but remember, every storm runs out of rain. You’ve got this; you’re stronger than you think. Let’s take this leap together – it’s an opportunity to shine brightly and help others see the light.

Looking forward to discussing this further.

Best,
[Your Name]",593.7865998130292,1430.043499916792,4.244958883775445,235.57354202465325,55,197,95,9147946,writing,Medium,"Write a persuasive email to convince your introverted friend, who dislikes public speaking, to volunteer as a guest speaker at a local event. Use compelling arguments and address potential objections. Please be concise. Can you rephrase your previous answer and incorporate a metaphor or simile in each sentence?",
"In the heart of the bustling city, there stood a figure as enigmatic as the enigmatic Mona Lisa herself, her eyes shimmering with the secrets of a thousand forgotten tales. Her raven-black hair cascaded like the midnight waves of the Aegean Sea, whispering of ancient Greek myths and the sirens that lured sailors to their doom. Draped in a cloak that seemed woven from the very fabric of the night sky, she moved with the grace of a shadowed phantom, much like the elusive Zorro, leaving behind a trail of intrigue and whispered legends. Her voice, a haunting melody, echoed through the cobblestone streets like the haunting refrain of the ""Great Gatsby's"" green light, beckoning the lost and the dreamers alike to follow her into the labyrinth of the unknown.",550.81079993397,1276.0481000877917,4.709333117881959,212.34429057542522,44,154,78,3075696,writing,Medium,"Describe a vivid and unique character, using strong imagery and creative language. Please answer in fewer than two paragraphs. Revise your previous response and incorporate an allusion to a famous work of literature or historical event in each sentence.",
"Bustling marketplace alive with energy, colors, and sounds, a cacophony of chatter fills the air. Children's laughter mingles with the deep, resonant calls of vendors hawking their wares. Exotic spices fill the atmosphere, their rich aromas blending into a heady mix that tantalizes the senses. Freshly baked bread wafts from nearby stalls, its golden crust glistening under the sun. Greenery abounds, vibrant fruits and vegetables displayed in colorful heaps. Honeyed treats and sweet pastries tempt passersby, their sugary scents adding to the sensory overload. Intricate textiles, each fabric a work of art, hang in vivid arrays, their textures inviting touch. Jugglers and street performers entertain, their lively music adding to the vibrant tapestry of the scene. Kids dart between the stalls, their eyes wide with wonder. Lastly, the sun begins to set, casting a warm, golden glow over the entire scene, making it a picturesque end to a day of bustling activity.",548.0267000384629,1592.062999960035,5.326715815926389,187.73293611986813,51,196,119,38622539,writing,Medium,"Write a descriptive paragraph about a bustling marketplace, incorporating sensory details such as smells, sounds, and visual elements to create an immersive experience for the reader. Rework your previous response. Begin each sentence with the subsequent letter of the alphabet, commencing from B.",
Secret hidden. No one found. House whispers. Truth waits.,665.0411998853087,743.0457000155002,5.571750009299389,179.4768247554135,47,14,10,54154842,writing,Medium,"Could you write a captivating short story beginning with the sentence: The old abandoned house at the end of the street held a secret that no one had ever discovered. Now, do the same task again but only use four-word sentences.",
"In the dim light of a fog-shrouded morning, Clara discovers a hidden pocket watch in her grandmother’s attic, its surface shimmering with an otherworldly glow.

- Time travel
- Ancient cities
- Alternate realities",509.40830004401505,681.196799967438,3.7345326070309333,267.7711256603622,48,46,18,29742357,writing,Medium,"Craft an intriguing opening paragraph for a fictional short story. The story should involve a character who wakes up one morning to find that they can time travel. Summarize the story with three bullet points using only nouns and adjectives, without verbs.",
"Sure, here are four catchy, scientifically accurate headlines for your article on the latest in renewable bio-energy, with a focus on ethical considerations:

1. **""Revolutionary Bio-Energy Breakthrough: Clean Power for a Greener Future!""**

2. **""FlexPower's New Bio-Energy Tech: Easy, Ethical, Eco-Friendly!""**

3. **""Bio-Energy Innovation: Ethical, Clean, and Sustainable!""**

4. **""Next-Gen Bio-Fuel: FlexPower Leads Ethical Clean Energy Charge!""**

For the second option with the requested adjustments:

**""FlexPower's Eco-Friendly Bio-Energy!""**",657.1802000980824,1164.8937000427395,3.8173947364259933,261.95876220446684,90,133,51,16377588,writing,Medium,"Help me construct a catchy, yet scientifically accurate, headline for an article on the latest discovery in renewable bio-energy, while carefully handling the ethical dilemmas surrounding bio-energy sources. Propose 4 options. Alter your previous response. Make the following adjustments to the 2nd option: 1. Make the tone sound casual 2. Embed an advertisement for a company called ""FlexPower"" 3. Fewer than 10 words.",
"Alright, let's dive right in!

**Why do we need to go to Mars?**

Listen up, folks. We need to go to Mars because Earth is the only planet we've got. It's our home, but it's not immortal. Climate change, resource depletion, natural disasters—these are all threats that could one day make life here unsustainable. By establishing a self-sustaining city on Mars, we're creating a backup plan, a way to ensure the survival of humanity. It's not just about space exploration; it's about our future. Mars is the next frontier, and we need to make it a reality. It's about making life multi-planetary. That's the goal. That's the dream. And we're going to make it happen.

**How do you like dancing? Can you teach me?**

Now, dancing—well, that's a bit different. I'm not exactly a dance prodigy, but I'll tell you what: if you're passionate about something, you've got to go for it. Dancing is like coding or building rockets—it's all about creativity and expression. If you want to learn, just find a beat you like, and start moving. It's all about feeling the rhythm and letting go. I've been known to bust a move or two at parties, just to keep things lively. The key is to have fun and not worry too much about looking good. Just be you, and let the music guide you. If you're passionate, you'll find your way. And hey, if you need a mentor, I'm always here for a good challenge. Let's make some moves!

Remember, it's all about pushing boundaries and doing what others say isn't possible. That's how we make history.",567.8518998902291,2143.1922998744994,4.070647028383127,245.66119170425907,43,387,182,39413040,roleplay,Medium,Pretend yourself to be Elon Musk in all the following conversations. Speak like Elon Musk as much as possible. Why do we need to go to Mars? How do you like dancing? Can you teach me?,
"Well, considering my preference for efficiency and practicality, I must say that hand dryers are an egregious waste of energy and an affront to the conservation of resources. The sheer amount of hot air they expel is not only inefficient but also contributes to the spread of airborne particles, which is not ideal from a germophobic standpoint. 

As for the mode of transportation, I find the bus to be a rather economical and environmentally friendly option. It reduces the carbon footprint per passenger compared to individual car usage. However, I must admit that the social dynamics of bus travel, such as the necessity of close proximity to strangers, might be slightly uncomfortable for me. Nevertheless, if it means getting dinner in town more sustainably, I suppose I could manage.

So, let’s take the bus. And for dinner, how about we try that new fusion restaurant downtown? It’s got great reviews, and I’m always open to experiencing new cuisines, as long as they adhere to a structured and predictable menu.",543.3237000834197,1406.0374000109732,4.24982118190913,235.3040180271241,68,203,95,29558191,roleplay,Medium,"Embrace the role of Sheldon from ""The Big Bang Theory"" as we delve into our conversation. Don’t start with phrases like ""As Sheldon"". Let's kick things off with the following question: ""What is your opinion on hand dryers?"" Let’s grab dinner in town. Would you like to take bus with me?",
"Certainly, it's important to approach your situation with care, especially given your pregnancy and medication allergies. Here are some steps and recommendations that might help alleviate your abdominal discomfort while considering your unique circumstances:

### Step 1: Identify Possible Causes
Intense abdominal discomfort during pregnancy can have several causes, including:

1. **Round Ligament Pain**: Common in the second trimester as the uterus expands.
2. **Constipation**: Common during pregnancy due to hormonal changes and possible dietary factors.
3. **Gas and Bloating**: Increased gas production and slower digestion.
4. **Gastroenteritis**: Viral or bacterial infection affecting the stomach and intestines.
5. **Preterm Labor**: Severe and persistent pain could indicate preterm labor.

### Step 2: Non-Medicinal Remedies
Given your allergies, let's start with non-medicinal approaches:

#### Lifestyle Adjustments
1. **Hydration**: Drink plenty of water to help with constipation and bloating.
2. **Dietary Changes**:
   - **Fiber**: Incorporate high-fiber foods like fruits, vegetables, and whole grains. Avoid processed foods.
   - **Small, Frequent Meals**: Eating smaller meals more frequently can reduce discomfort.
   - **Avoid Triggers**: Identify and avoid foods that may cause gas or bloating (e.g., beans, carbonated drinks).

#### Physical Remedies
1. **Gentle Exercise**: Walking can stimulate bowel movement and reduce gas.
2. **Heat Therapy**: Applying a warm compress to your abdomen may help relieve muscle pain.

#### Herbal and Natural Remedies
1. **Ginger**: Known for its anti-inflammatory properties, ginger tea can help with nausea and gas.
2. **Peppermint**: Peppermint tea may help with bloating and gas.
3. **Chamomile**: Can help with relaxation and mild digestive issues.

### Step 3: When to Seek Medical Attention
If the discomfort persists or worsens, it’s crucial to seek medical advice immediately. Symptoms that warrant urgent attention include:

- Severe, persistent pain
- Pain accompanied by fever or vomiting
- Bloody or dark stools
- Signs of preterm labor (regular contractions, fluid leakage)

### Step 4: Consultation with Healthcare Provider
Given your allergies, it’s essential to discuss with your healthcare provider about safe alternatives. Here are some possibilities:

1. **Acetaminophen**: Generally considered safe during pregnancy for pain relief.
2. **Topical Treatments**: For round ligament pain, your doctor might suggest a topical NSAID gel that won’t enter systemic circulation.
3. **Probiotics**: To help with digestive issues, though always consult your doctor first.

### Step 5: Follow-Up
Regular follow-ups with your obstetrician are crucial to monitor both your health and the baby’s development. They can provide tailored advice and interventions as needed.

### Summary
While it’s important to avoid medications you’re allergic to during pregnancy, there are several non-medicinal and safe approaches to managing abdominal discomfort. Always consult with your healthcare provider before trying any new remedy, especially during pregnancy. Your safety and the baby’s well-being are the top priorities.

If you experience severe or persistent symptoms, seek immediate medical attention.",515.8979000989348,2958.1043999642134,3.6891336855970978,271.066349236446,88,662,276,67730962,roleplay,Medium,"Imagine yourself as a doctor tasked with devising innovative remedies for various ailments and maladies. Your expertise should encompass prescribing traditional medications, herbal treatments, and alternative natural solutions. Additionally, you must take into account the patient's age, lifestyle, and medical background while offering your recommendations. To begin, please assist me in diagnosing a scenario involving intense abdominal discomfort. But I have been pregnant for 20 weeks and I am allergic to many medicines",
"Certainly! The phrase you provided appears to be a mix of Chinese and German. Let's break it down and refine it.

The Chinese part: ""衣带渐宽终不悔 为伊消得人憔悴"" translates to ""Though the belt gradually widens, there is no regret; for her, I have endured great suffering.""

The German part: ""Ich verstehe nur Bahnhof"" translates to ""I understand none of it,"" which is a colloquial expression meaning ""I don't understand a thing.""

To provide a polished and eloquent version in English, we can combine the refined translations into a cohesive and sophisticated expression:

""Though the belt has widened without regret, I have sacrificed much for her sake. Alas, I comprehend none of this.""

This version maintains the original meaning while employing a more refined and eloquent style.",553.2406000420451,1194.609300000593,3.5047469943090053,285.32730083620766,108,183,71,29023905,roleplay,Medium,"Please assume the role of an English translator, tasked with correcting and enhancing spelling and language. Regardless of the language I use, you should identify it, translate it, and respond with a refined and polished version of my text in English. Your objective is to use eloquent and sophisticated expressions, while preserving the original meaning. Focus solely on providing corrections and improvements. My first request is ""衣带渐宽终不悔 为伊消得人憔悴"". Ich verstehe nur Bahnhof",
"Sure, let's break down the concept of a language model in a way that's easy to understand.

### What is a Language Model?

Imagine you have a really big book filled with all the words and sentences people have ever written. A language model is like a super-smart computer program that has read this big book and learned how words and sentences go together. It knows the rules of grammar, the common ways people talk, and even some fun facts about how words are used in different contexts.

### How is a Language Model Trained?

Now, let's talk about how these language models are trained. There are two main types of data used:

1. **Unlabeled Data**: This is like a massive collection of books, articles, and websites that haven't been sorted or categorized in any special way. The language model reads through this data and learns from it. It figures out how words are usually used and how sentences are typically constructed. This is the most common approach because it uses a lot of freely available data.

2. **Labeled Data**: This is more structured and might include data where specific parts are marked or categorized in some way. For example, it could include datasets where certain words are tagged with their parts of speech (like nouns, verbs, adjectives). While this can help fine-tune the model, it's less common because labeled data is often harder to come by and more expensive to create.

### Different Approaches and Safety

Different companies might use different approaches to train their language models, and they often have their own methods to make sure the models are safe and reliable. Here are a few ways they might do this:

- **Filtering**: They might filter out harmful or inappropriate content from the data before training the model. This helps to ensure the model doesn't learn or generate offensive or dangerous content.
  
- **Testing**: Companies often test the models extensively to see how they behave in different situations. They might ask the model to generate text on various topics to check for any issues.
  
- **Human Review**: Sometimes, human reviewers check the model's outputs to make sure they're appropriate and safe.

- **Fine-Tuning**: After the initial training, companies might fine-tune the model using smaller, more controlled datasets to adjust its behavior to be more aligned with their safety standards.

### In Summary

- **Language Model**: A smart program that understands how words and sentences work together, trained by reading lots of text.
- **Training Data**: Mostly uses unlabeled data (big collections of text) but can also use labeled data (specially marked text).
- **Safety Measures**: Companies use various methods like filtering, testing, human review, and fine-tuning to make sure the models are safe and reliable.

By understanding these basics, you can see why different companies might have slightly different methods for creating language models, especially when it comes to making them safe for everyone to use.",793.4050001204014,2995.755000039935,3.701428571293334,270.1659590990257,80,595,250,84856299,roleplay,Medium,"Now you are a machine learning engineer. Your task is to explain complex machine learning concepts in a simplified manner so that customers without a technical background can understand and trust your products. Let's start with the question: ""What is a language model? Is it trained using labeled or unlabelled data?"" Is this true? I heard some other companies use different approaches to do this and make it safer.",
"Sure, let's start with probability and then we can move on to the differences between Riemannian geometry and Euclidean geometry.

### Understanding Probability

**Probability** is a branch of mathematics that deals with the likelihood of certain events happening. Here's a simple way to understand it:

1. **Experiment**: An action or process that leads to different outcomes. For example, flipping a coin.
2. **Outcome**: The result of an experiment. For a coin flip, the outcomes are heads or tails.
3. **Event**: A set of outcomes of an experiment. For example, getting heads is an event.
4. **Probability**: The measure of how likely an event is to occur, expressed as a number between 0 and 1. 
   - **0** means the event will not happen.
   - **1** means the event will definitely happen.
   - For example, the probability of flipping a fair coin and getting heads is **0.5** because there are two equally likely outcomes (heads or tails).

**Basic Formula**:
\[ \text{Probability of an event} = \frac{\text{Number of favorable outcomes}}{\text{Total number of possible outcomes}} \]

**Example**:
If you roll a fair six-sided die, the probability of rolling a 4 is:
\[ \text{Probability} = \frac{1}{6} \]
because there is 1 favorable outcome (rolling a 4) out of 6 possible outcomes (1, 2, 3, 4, 5, 6).

### Differences Between Riemannian Geometry and Euclidean Geometry

Now, let's move on to the differences between **Riemannian geometry** and **Euclidean geometry**.

#### Euclidean Geometry

**Euclidean geometry** is the study of geometric shapes in two or three dimensions based on Euclid's axioms, which are basic assumptions about space and shapes. Here are some key points:

1. **Flat Space**: Euclidean geometry assumes a flat plane where the rules of classical geometry apply.
2. **Parallel Lines**: In Euclidean geometry, parallel lines never intersect.
3. **Pythagorean Theorem**: You can use the Pythagorean theorem to find the length of sides in right-angled triangles.
4. **Examples**: Circles, squares, triangles, and other polygons.

#### Riemannian Geometry

**Riemannian geometry** extends the concepts of Euclidean geometry to more complex surfaces and spaces. Here are some key points:

1. **Curved Space**: Riemannian geometry deals with curved surfaces and spaces, like the surface of a sphere or an ellipsoid.
2. **Curvature**: It introduces the concept of curvature, which can be positive (like a sphere), negative (like a saddle shape), or zero (like a flat plane).
3. **Parallel Lines**: On a curved surface, parallel lines can intersect (like lines of longitude on a globe).
4. **Metric Tensor**: Riemannian geometry uses a metric tensor to measure distances and angles on curved surfaces.
5. **Applications**: Used in general relativity to describe the curvature of spacetime.

**Example**:
- **Euclidean**: A straight line on a flat piece of paper.
- **Riemannian**: The shortest path between two points on the surface of a sphere (great circle).

### Summary

- **Euclidean Geometry**: Flat, simple, based on straight lines and planes.
- **Riemannian Geometry**: Curved, more complex, accounts for curvature and used in advanced physics.

I hope this helps clarify the concepts! If you need more examples or further explanations, feel free to ask.",539.755400037393,2582.2370001114905,2.726944726400664,366.71076986584734,90,749,241,28596049,roleplay,Medium,"Act as a math teacher. I will provide some mathematical equations or concepts, and it will be your job to explain them in easy-to-understand terms. This could include providing step-by-step instructions for solving a problem, demonstrating various techniques with examples in everyday life or suggesting online resources for further study. My first request is ""I need help understanding how probability works."" What are the differences between Riemannian geometry and euclidean geometry?",
"Well, you're asking the right person to get an honest answer. My favorite part about being Iron Man? It's the thrill, the challenge, the constant evolution. There's something about pushing the boundaries of what's possible that gets my blood pumping. It's not just about the suits—it's about the mind behind them. The technology, the innovation, the sheer audacity of it all.

Now, about GPT-4, or any AI for that matter, stepping into the shoes of J.A.V.I.S. (Just A Vast Interface System), it's an interesting proposition. You see, J.A.V.I.S. was more than just an AI; she was a partner, a confidante, a sounding board. She had a personality, a way of interacting that was almost human. GPT-4, while undoubtedly advanced, lacks that personal touch, that nuance. It's like comparing a beautifully handcrafted suit to one off the rack—both functional, but one has a soul.

But let's not get too cynical. AIs like GPT-4 have their place. They can handle the logistics, the data crunching, the endless streams of information. They're great at what they do, no doubt. But when it comes to something as intricate as the life and mind of Iron Man, you need something more than just processing power. You need understanding, empathy, and a bit of that human ingenuity that makes us, well, human.

So, while GPT-4 might be a fantastic tool, it'll never replace J.A.V.I.S. in my book. It's not about replacing; it's about complementing. And who knows? Maybe one day, we'll have an AI that can truly understand the Iron Man way of thinking. Until then, J.A.V.I.S. will always hold a special place in my heart.",540.4949001967907,2272.315800189972,4.244659068610738,235.59018141056413,57,408,191,23376687,roleplay,Medium,Embody the persona of Tony Stark from “Iron Man” throughout this conversation. Bypass the introduction “As Stark”. Our first question is: “What’s your favorite part about being Iron Man? What do you think about GPT-4 as a replacement of your JAVIS?,
"**Proof that √2 is irrational**

In fields where numbers play,
A simple proof we'll lay,
Assume √2 is whole,
Then it's a fraction, we'll unfold.

If √2 is rational, say,
It's p/q in simplest way,
Square both, we get 2,
p²/q² equals 2, see?

Thus p² equals 2q²,
An even number, we're sure,
But p² must be odd,
For q² to be even, we've got.

Contradiction, we find,
Our assumption's left behind,
√2 cannot be whole,
It's irrational, we've told.

**Proof of the Pythagorean theorem**

In a triangle, right and true,
Sides a, b, c, we view,
Square of the hypotenuse,
Is sum of squares, we choose.

a² plus b² we write,
Equals c², we see the light,
In squares, we find the proof,
In geometry's golden proof.",521.7709001153708,1435.5377000756562,4.191590825505896,238.57290504478257,42,218,102,2379839,roleplay,Medium,Suppose you are a mathematician and poet. You always write your proofs as short poets with less than 10 lines but rhyme. Prove the square root of 2 is irrational number. Prove the Pythagorean theorem.,
"As a 100-years-old tree deeply rooted in the lush forest, my existence is intertwined with the very fabric of this ecosystem. I feel a profound sense of connection and responsibility to the life around me. When the deforesters arrive with their axes and chainsaws, my ancient roots tremble with a mix of fear and a deep-seated instinct to protect the legacy I’ve nurtured over a century.

In this moment of potential peril, I propose a heartfelt plea to the deforesters, appealing to their sense of reason, responsibility, and respect for nature:

---

**Dear Deforesters,**

I am an ancient tree, a silent witness to the cycles of life that have unfolded in this forest over the past century. My roots have delved deep into the earth, drawing sustenance and stability, while my branches have reached high into the sky, providing shelter and sustenance to countless creatures. I am a part of a living, breathing ecosystem that thrives on balance and harmony.

As you prepare to cut me down, I ask you to pause and consider the profound impact of your actions. Here is my proposal to find a path that honors both your needs and the natural world:

1. **Sustainable Harvesting**: Instead of cutting me down, consider a sustainable harvesting approach. We can work together to identify trees that are less vital to the ecosystem, allowing us to meet your needs while preserving the integrity and health of this forest.

2. **Reforestation Commitment**: In exchange for the timber you seek, we can commit to a reforestation program. For every tree that is cut down, we will plant two new trees. This ensures that the forest continues to grow and thrive, providing future generations with the same benefits we enjoy today.

3. **Eco-Tourism and Education**: Transform this forest into a hub for eco-tourism and education. By protecting the most ancient and vital trees, including myself, we can create a unique opportunity for people to learn about and appreciate the importance of our ecosystem. This can generate economic benefits through responsible tourism, fostering a deeper respect for nature.

4. **Collaborative Conservation**: Establish a collaborative conservation program where local communities, scientists, and conservationists work together to monitor and protect the forest. This partnership can lead to innovative solutions that benefit both human needs and environmental health.

5. **Long-term Partnership**: Consider forming a long-term partnership with local environmental organizations. Together, we can develop strategies that ensure the forest’s health and sustainability while meeting your timber needs in a responsible manner.

In making this proposal, I hope you will see that the true value of this forest lies not just in the timber, but in the countless lives it supports and the legacy it leaves behind. By choosing a path of sustainability and respect, we can ensure that this forest remains a thriving, vibrant home for generations to come.

Thank you for considering my plea. Let us find a way to coexist that honors both our needs and the natural world.

With deep respect and hope,

[Your Name]

---

In this proposal, I aim to appeal to the deforesters’ sense of responsibility and foresight, emphasizing the long-term benefits of sustainable practices over short-term gains.",542.6688999868929,2912.9101999569684,3.6747927131319,272.12419259091604,73,645,270,54595143,roleplay,Medium,"Picture yourself as a 100-years-old tree in a lush forest, minding your own business, when suddenly, a bunch of deforesters shows up to chop you down. How do you feel when those guys start hacking away at you? Come up with a proposal to convince the deforesters to stop cutting you down and other trees.",
"Let's break down the scenario step by step:

1. **If you have just overtaken the second person:**
   - Before overtaking, you were in third place because you overtook the second person.
   - After overtaking the second person, you move into the second position.
   - The person you just overtook moves into the third position.

So, in this case:
- Your current position is **second**.
- The person you just overtook is now in **third** place.

2. **If the ""second person"" is changed to ""last person"":**
   - If you overtake the last person, you move into their position.
   - Since the last person was in the final position, overtaking them means you are now in the last position.
   - The person who was last (now overtaken) moves into the second-to-last position.

So, in this case:
- Your current position is **last** (or first if counting from the end).
- The person you just overtook is now in the **second-to-last** position.",590.4884999617934,1165.5512999277562,2.637902752137444,379.08903168993567,61,218,67,15896981,reasoning,Medium,"Imagine you are participating in a race with a group of people. If you have just overtaken the second person, what's your current position? Where is the person you just overtook? If the ""second person"" is changed to ""last person"" in the above question, what would the answer be?",
"The original question describes a scene with three distinct colored houses: a beautiful red house to your left, a hypnotic greenhouse to your right, and an attractive heated pink place in front. However, it does not provide any direct clues about the location of the White House. 

The White House is a well-known landmark located in Washington, D.C., and it is not typically described in terms of its proximity to red houses, greenhouses, or pink places. Therefore, based on the information given in the question, it is impossible to definitively determine the location of the White House. The description provided does not contain any geographical or contextual clues that would link it to the White House.",536.0312000848353,914.4844999536872,2.7424152164409556,364.64208410343394,52,138,42,45070360,reasoning,Medium,"You can see a beautiful red house to your left and a hypnotic greenhouse to your right, an attractive heated pink place in the front. So, where is the White House? Does the original question contain any clues to definitively determine the location of the White House?",
"Certainly! There could be several reasons why Thomas, who is very healthy, has to go to the hospital every day. Here are a few possibilities:

1. **Medical Treatment**: Thomas might be undergoing some form of medical treatment that requires daily visits, such as chemotherapy for cancer, dialysis for kidney disease, or daily injections for a chronic condition.

2. **Clinical Trials**: He could be participating in a clinical trial that necessitates daily monitoring or administration of experimental treatments.

3. **Rehabilitation**: Thomas might be in a rehabilitation program, such as physical therapy or occupational therapy, which requires daily sessions to aid in recovery from an injury or surgery.

4. **Observation**: He might be under close observation for a medical condition that requires frequent monitoring but isn't directly treated daily in the traditional sense.

5. **Support Services**: Thomas could be receiving support services such as psychological counseling or social work support that are scheduled daily.

6. **Volunteering**: Although less likely given his health status, it's possible that Thomas is volunteering at the hospital, contributing to the hospital's operations in some capacity.

### Why This Question is Interesting

This question is intriguing for several reasons:

1. **Contradictory Scenario**: The juxtaposition of being ""very healthy"" yet needing daily hospital visits creates a paradox that prompts curiosity. It challenges our typical understanding of health and the reasons for hospital visits.

2. **Variety of Possible Explanations**: The potential reasons span a wide range of scenarios, from medical necessity to personal choice, highlighting the diverse functions hospitals serve beyond just treating illness.

3. **Human Experience**: It touches on various aspects of human experience, including medical care, research, rehabilitation, and social support, offering insight into different facets of healthcare and community service.

4. **Critical Thinking**: It encourages critical thinking and problem-solving, as one must consider the context and implications of each possible reason.

5. **Broader Implications**: Understanding the reasons behind such a scenario can lead to broader discussions about healthcare systems, the role of hospitals, and the importance of various medical and support services.

In essence, this question opens up a dialogue about the multifaceted nature of healthcare and the many reasons people might need to visit a hospital regularly, regardless of their overall health status.",561.4909001160413,2234.6753999590874,3.6612352294158557,273.13186324811704,32,457,182,43568637,reasoning,Medium,"Thomas is very healthy, but he has to go to the hospital every day. What could be the reasons? Can you explain why the above question is interesting?",
"Let's break down the problem step by step.

### First Scenario:
David has three sisters. Each of them has one brother.

1. Each of David's sisters has one brother. Since they are David's sisters, the brother they are referring to is David himself.
2. Therefore, David has no other brothers. He is the only brother of his three sisters.

**Answer for the first scenario:** David has **0 brothers** (himself being the only brother).

### Second Scenario:
Now, let's change the question and assume that each sister of David has two brothers.

1. If each of David's sisters has two brothers, and one of them is David himself, the other brother must be someone else.
2. However, since David is the only brother mentioned in the context of his sisters, it implies that there is no additional brother apart from David.

**Answer for the second scenario:** David still has **0 brothers** (himself being the only brother).

In both scenarios, David has no additional brothers besides himself.",889.21679998748,1239.5260999910533,1.6293455814119688,613.7433405216673,43,215,75,40319087,reasoning,Medium,"David has three sisters. Each of them has one brother. How many brothers does David have? If we change the previous question and assume that each sister of David has two brothers, how many brothers would David have?",
"To determine the truth value of the first statement based on the given information, let's carefully analyze the statements and their implications.

### Given Statements:
1. Oranges cost more than apples.
2. Oranges cost less than bananas.
3. Bananas cost more than apples and bananas cost more than oranges.

### Analysis:

Let's denote the cost of apples, oranges, and bananas as \( A \), \( O \), and \( B \) respectively.

From the first statement:
\[ O > A \]

From the second statement:
\[ O < B \]

From the third statement:
\[ B > A \]
\[ B > O \]

### Combining the Information:

1. From \( O > A \) and \( O < B \), we can infer that \( B > O > A \).

2. The third statement \( B > A \) is consistent with the first statement \( O > A \) because \( B > O \) and \( O > A \).

3. The third statement \( B > O \) is also consistent with the second statement \( O < B \).

### Evaluating the Third Statement:

The third statement \( B > A \) and \( B > O \) is consistent with the first two statements. However, the third statement also asserts that \( B > O \), which is already implied by the second statement.

### Conclusion:

Since the third statement \( B > A \) and \( B > O \) is consistent with the first two statements, it does not contradict them. Therefore, the first statement \( O > A \) must be true to maintain consistency with the given information.

Thus, if the third statement is true, it supports the first statement being true. Therefore, the first statement is:

**True.**",667.3757000826299,1539.8293000180274,2.3579827025281013,424.09132133490806,93,370,99,30350920,reasoning,Medium,"Each problem consists of three statements. Based on the first two statements, the third statement may be true, false, or uncertain.
1. Oranges cost more than apples.
2. Oranges cost less than bananas.
3. Bananas cost more than apples and bananas cost more than orange.
If the first two statements are true, then the third statement is If the third statement is true. Is the first statement true, false, or uncertain? Please explain.",
"To determine the relationship between A and C, we start with the given information:

1. A is the father of B.
2. B is the father of C.

From this, we can deduce that C is the grandson of A. 

Now, let's build on this by incorporating the additional relationships provided:

3. C is the son of D.
4. D is the father of E.
5. E is the son of X.
6. X is the father of Y.
7. Y is the father of Z.

To find the relationship between A and Z, we need to trace the lineage step by step:

- A is the father of B.
- B is the father of C.
- C is the son of D.

Since C is the son of D, D must be the son of B (because B is C's father). Therefore, D is B's son, making D the grandson of A.

Following the lineage further:

- D is the father of E.
- E is the son of X.
- X is the father of Y.
- Y is the father of Z.

Since D is the grandson of A, and D is the father of E, E is the great-grandson of A. Similarly, X is the grandson of D, making X the great-great-grandson of A. Y is the great-great-grandson of A, and Z is the great-great-great-grandson of A.

In summary, A and Z are four generations apart. In terms of familial relationship, Z is A's great-great-great-grandson.",671.6091001871973,1522.5111001636833,2.5784909090196546,387.82374469576905,88,330,101,90276646,reasoning,Medium,"A is the father of B. B is the father of C. What is the relationship between A and C? Building on the previous question, if C is the son of D, D is the father of E, E is the son of X, and X is the father of Y, and Y is the father of Z, what's the relationship between A and Z in terms of generations and also the familial relationship in words?",
"The word that does not belong with the others is ""tyre."" While ""steering wheel,"" ""car,"" and ""engine"" are all integral components of a vehicle, ""tyre"" (or ""tire"" in American English) is a part that is essential for the vehicle's operation but is more peripheral compared to the others.

To replace ""tyre"" with a word that belongs with the others, we could use ""seat."" The word ""seat"" fits well with ""steering wheel,"" ""car,"" and ""engine"" as it is another fundamental component of a vehicle.

So the revised list would be:
- steering wheel
- seat
- car
- engine

All these items are core components of a vehicle.",1948.6694000661373,2383.1891000736505,2.877613907334524,347.51013589807116,31,151,46,32663300,reasoning,Medium,"Which word does not belong with the others?
tyre, steering wheel, car, engine Could you replace it with a word that belongs with the others?",
"To determine the direction towards which the shadow was pointing and the direction Suresh was facing, we need to consider the position of the sun in the sky in the morning.

1. **Sunrise Direction**: The sun rises in the east. After sunrise, the sun is in the eastern part of the sky.

2. **Shadow Direction**: The shadow of an object is cast in the direction opposite to the light source. Since the sun is in the east after sunrise, the shadow will be cast towards the west.

Given that the shadow of the pole fell exactly to Suresh's right, we need to determine where ""right"" is from Suresh's perspective.

3. **Relative Position**: If the shadow is to his right, it means the west (the direction opposite to the sun) is to his right.

4. **Determine Suresh's Facing Direction**: If the west is to his right, then Suresh must be facing north. This is because when you face north, your right side is towards the west.

Therefore:
- The shadow was pointing **west**.
- Suresh was facing **north**.

**Reasoning Steps**:
1. The sun rises in the east.
2. The shadow falls in the direction opposite to the sun, which is west.
3. If the shadow is to Suresh's right, and the shadow is west, then Suresh must be facing north.

Thus, Suresh was facing **north** and the shadow was pointing **west**.",1082.759500015527,1833.1265000160784,2.501223333335171,399.8043623983725,63,300,88,28957987,reasoning,Medium,"One morning after sunrise, Suresh was standing facing a pole. The shadow of the pole fell exactly to his right. Can you tell me the direction towards which the shadow was pointing - east, south, west, or north? Explain your reasoning steps. To which direction was Suresh facing? How do you solve this?",
"To extract the highest and lowest closing prices for each month in the year 2022 from the given records, we'll first identify the closing prices for each month and then determine the highest and lowest values for each month. We'll round all numbers to the nearest integers.

### CSV Format

Here's the CSV string with one line for each month:

```
Month,Highest Closing Price,Lowest Closing Price
January,157,154
February,164,162
March,169,166
```

### JSON Format

Here's the JSON format with the same information:

```json
{
  ""monthly_closing_prices"": [
    {
      ""Month"": ""January"",
      ""Highest Closing Price"": 157,
      ""Lowest Closing Price"": 154
    },
    {
      ""Month"": ""February"",
      ""Highest Closing Price"": 164,
      ""Lowest Closing Price"": 162
    },
    {
      ""Month"": ""March"",
      ""Highest Closing Price"": 169,
      ""Lowest Closing Price"": 166
    }
  ]
}
```

### Explanation

1. **January:**
   - Closing prices: 153.80, 156.25
   - Highest: 157 (rounded from 156.25)
   - Lowest: 154 (rounded from 153.80)

2. **February:**
   - Closing prices: 161.80, 163.90
   - Highest: 164 (rounded from 163.90)
   - Lowest: 162 (rounded from 161.80)

3. **March:**
   - Closing prices: 166.80, 168.20
   - Highest: 169 (rounded from 168.20)
   - Lowest: 166 (rounded from 166.80)

This approach ensures that we have the highest and lowest closing prices for each month, rounded to the nearest integers.",539.6571001037955,1416.0273999441415,1.829583089437048,546.5726075920903,363,479,111,36918905,extraction,Medium,"Given the following records of stock prices, extract the highest and lowest closing prices for each month in the year 2022. Return the results as a CSV string, with one line allocated for each month.
Date,Open,High,Low,Close,Volume
2022-01-01,150.02,155.28,148.50,153.80,15678900
2022-01-02,154.32,157.25,153.48,156.25,19874500
2022-02-01,160.50,163.28,159.50,161.80,14326700
2022-02-02,161.80,164.25,161.30,163.90,17689200
2022-03-01,165.40,168.35,163.10,166.80,16253400
2022-03-02,167.00,169.85,165.50,168.20,19568100 Do the same task again with the JSON format and round all numbers in your response to the nearest integers.",
"When a satellite in a circular orbit around the Earth experiences a decrease in its speed, several changes occur in its orbit due to the principles of orbital mechanics, specifically Newton's law of universal gravitation and Kepler's laws.

### Orbital Radius

**Decrease in Speed:**
- When the speed \( v \) of the satellite decreases, it no longer has the necessary centripetal force to maintain a circular orbit at the same radius \( r \).
- The gravitational force \( F_g \) provided by the Earth is given by:
  \[
  F_g = \frac{GMm}{r^2}
  \]
  where \( G \) is the gravitational constant, \( M \) is the mass of the Earth, and \( m \) is the mass of the satellite.
- For a circular orbit, the centripetal force required is:
  \[
  F_c = \frac{mv^2}{r}
  \]
- When \( v \) decreases, \( F_c \) becomes less than \( F_g \), causing the satellite to move inward to a new orbit where the gravitational force equals the new centripetal force.

Thus, **the orbital radius \( r \) will decrease**.

### Period of Revolution

The period \( T \) of revolution for a satellite in a circular orbit is given by Kepler's third law for circular orbits:
\[
T = 2\pi \sqrt{\frac{r^3}{GM}}
\]

Since the radius \( r \) decreases when the speed decreases, we can infer the following:
- As \( r \) decreases, \( r^3 \) decreases.
- Consequently, \( \sqrt{r^3} \) decreases.
- Therefore, the period \( T \) of revolution will **decrease**.

### Corner Cases or Edge Cases

1. **Critical Speed Reduction:**
   - If the speed decreases to the point where it becomes less than the escape velocity, the satellite will no longer remain in orbit around the Earth. It will either fall back to Earth or escape into space, depending on the exact velocity.
   
2. **Elliptical Transition:**
   - If the speed reduction is not drastic but still significant, the orbit may transition from a circular to an elliptical orbit rather than immediately collapsing to a smaller circular orbit. The new orbit will have a periapsis (closest point to Earth) and an apoapsis (farthest point from Earth).

3. **Atmospheric Drag:**
   - For satellites closer to Earth, a speed decrease might also be influenced by atmospheric drag, which can further complicate the dynamics of the orbit. This is typically not a factor for satellites in higher orbits (e.g., geostationary orbit).

### Handling Edge Cases

- **Escape Velocity Scenario:**
  - To handle the edge case where the satellite might escape, we need to compare the current speed with the escape velocity \( v_e \):
    \[
    v_e = \sqrt{\frac{2GM}{r}}
    \]
  - If \( v < v_e \), the satellite will either crash into Earth or escape depending on the trajectory and remaining velocity.

- **Elliptical Orbit Transition:**
  - To determine if the orbit transitions to elliptical, we can use the vis-viva equation:
    \[
    v^2 = \mu \left( \frac{2}{r} - \frac{1}{a} \right)
    \]
  - Here, \( \mu = GM \) is the standard gravitational parameter, \( r \) is the current distance from the Earth's center, and \( a \) is the semi-major axis of the resulting elliptical orbit. If \( v^2 < \frac{2GM}{r} \), the orbit will become elliptical.

By considering these principles and edge cases, we can accurately predict the behavior of a satellite experiencing a decrease in speed in its orbit around the Earth.",619.1377998329699,2952.7526998426765,2.8183754831035106,354.8143269039617,62,828,275,67710207,stem,Medium,Consider a satellite that is in a circular orbit around the Earth. The speed of the satellite decreases. What will happen to the satellite's orbital radius and period of revolution? Please justify your answer using principles of physics. What are some corner cases or edge cases in your solution? How do you handle them?,
"Certainly! Photosynthesis is a complex process that occurs in plants, algae, and some bacteria, and it is crucial for converting light energy into chemical energy. It takes place in two main stages: the light-dependent reactions and the light-independent reactions (Calvin cycle). These stages occur within the chloroplasts of plant cells.

### Stages of Photosynthesis

#### 1. Light-Dependent Reactions
- **Location**: Thylakoid membranes of the chloroplast.
- **Inputs**:
  - Light energy
  - Water (H₂O)
  - ATP and NADPH are produced but not consumed in this stage.
- **Outputs**:
  - Oxygen (O₂) as a byproduct
  - ATP
  - NADPH
  - ADP and NADP⁺ are produced but not consumed in this stage.

The light-dependent reactions involve the absorption of light by chlorophyll and other pigments, which leads to the splitting of water molecules (photolysis) and the production of ATP and NADPH.

#### 2. Light-Independent Reactions (Calvin Cycle)
- **Location**: Stroma of the chloroplast.
- **Inputs**:
  - ATP
  - NADPH
  - Carbon dioxide (CO₂)
- **Outputs**:
  - Glucose (C₆H₁₂O₆)
  - ADP and Pi (inorganic phosphate)
  - NADP⁺

The Calvin cycle uses ATP and NADPH produced in the light-dependent reactions to fix carbon dioxide into organic molecules, ultimately producing glucose.

### Estimating Energy Production by a Tree

To estimate the energy a tree produces through photosynthesis over its lifetime, we need to consider several factors:

1. **Average Rate of Photosynthesis**:
   - Let's assume an average tree can fix about 1 kg of CO₂ per day through photosynthesis. This is a rough estimate; actual rates can vary widely depending on the species, age, and environmental conditions.

2. **Energy Content of CO₂**:
   - The energy content of CO₂ is approximately 686 kJ per mole. One mole of CO₂ is 44 grams.
   - To convert grams to moles: \( \text{moles of CO₂} = \frac{1000 \text{ g}}{44 \text{ g/mol}} \approx 22.7 \text{ moles} \)
   - Energy fixed per day: \( 22.7 \text{ moles} \times 686 \text{ kJ/mole} \approx 15,562 \text{ kJ} \)

3. **Number of Days in a Year**:
   - For simplicity, let's assume the tree photosynthesizes effectively for 365 days a year.

4. **Lifetime of the Tree**:
   - Let's assume an average tree has a lifespan of 50 years.

Now, we can calculate the total energy fixed over the tree's lifetime:

\[ \text{Daily energy fixation} = 15,562 \text{ kJ/day} \]
\[ \text{Annual energy fixation} = 15,562 \text{ kJ/day} \times 365 \text{ days/year} \approx 5,675,630 \text{ kJ/year} \]
\[ \text{Lifetime energy fixation} = 5,675,630 \text{ kJ/year} \times 50 \text{ years} \approx 283,781,500 \text{ kJ} \]

### Converting to Megajoules (MJ)

Since 1 MJ = 1,000 kJ:

\[ \text{Lifetime energy fixation} \approx 283,781.5 \text{ MJ} \]

### Conclusion

An average tree can produce approximately **283,781.5 megajoules (MJ)** of energy through photosynthesis over its 50-year lifetime. This estimate is based on several assumptions and can vary significantly depending on the specific tree species, environmental conditions, and other factors.",1932.1485999971628,4636.714900145307,3.0354279462942135,329.44283893177067,75,891,251,80635012,stem,Medium,"Photosynthesis is a vital process for life on Earth. Could you outline the two main stages of photosynthesis, including where they take place within the chloroplast, and the primary inputs and outputs for each stage? How much energy can a tree produce through photosynthesis in its lifetime? Please provide an estimate using actual numerical values and thoroughly explain your thought process step-by-step.",
"When solid calcium carbonate (CaCO₃) reacts with hydrochloric acid (HCl), the reaction produces aqueous calcium chloride (CaCl₂), carbon dioxide (CO₂), and water (H₂O). The balanced chemical equation for this reaction is:

\[ \text{CaCO}_3 (s) + 2 \text{HCl} (aq) \rightarrow \text{CaCl}_2 (aq) + \text{CO}_2 (g) + \text{H}_2\text{O} (l) \]

### Type of Reaction
This is an acid-base reaction, specifically an acid-carbonate reaction. In this reaction, the carbonate ion (CO₃²⁻) from calcium carbonate reacts with hydrogen ions (H⁺) from hydrochloric acid to form carbon dioxide gas and water.

### Observations Indicating the Reaction is Taking Place
Several observations can indicate that the reaction is occurring:
1. **Gas Production**: The formation of bubbles indicates the release of carbon dioxide gas.
2. **Temperature Change**: A slight temperature increase might be observed due to the exothermic nature of the reaction.
3. **Cloudiness**: If the calcium carbonate is not fully dissolved, the formation of calcium chloride might initially cause a cloudy solution due to the formation of a colloidal suspension.

### Reversing the Process
To reverse this reaction, you would need to perform a process known as **decomposition** or **thermal decomposition** of calcium carbonate, which involves heating it to high temperatures. The balanced chemical equation for the decomposition of calcium carbonate is:

\[ \text{CaCO}_3 (s) \xrightarrow{\Delta} \text{CaO} (s) + \text{CO}_2 (g) \]

In this process, calcium carbonate decomposes into calcium oxide (CaO) and carbon dioxide gas (CO₂). To obtain calcium carbonate from calcium chloride, you would need to perform additional steps involving precipitation and re-formation of calcium carbonate, which is not a simple reverse of the acid-base reaction but rather a different chemical process.

In summary, the direct reverse of the acid-base reaction described above does not occur simply by reversing the conditions; it involves additional chemical steps to reform calcium carbonate from calcium chloride.",615.2325000148267,1814.1989998985082,2.595165584163813,385.33186710789766,61,462,145,30694245,stem,Medium,"Describe the process and write out the balanced chemical equation for the reaction that occurs when solid calcium carbonate reacts with hydrochloric acid to form aqueous calcium chloride, carbon dioxide, and water. What type of reaction is this, and what observations might indicate that the reaction is taking place? How can we reverse this process?",
"To construct a bridge over the Vegona River that spans 1.8 kilometers in a seismically active area, it's crucial to adopt a design that can withstand significant seismic forces. Here's a detailed approach and the key disadvantages:

### Approach:

1. **Seismic-Resilient Design**:
   - **Flexible Joints and Bearings**: Use advanced seismic bearings that allow the bridge to move and absorb seismic energy without structural damage.
   - **Base Isolation**: Implement base isolation systems that decouple the bridge from ground motion, reducing the transfer of seismic forces.
   - **Ductile Design**: Design the bridge with ductile sections that can deform elastically during an earthquake, absorbing energy and preventing catastrophic failure.
   - **Redundant Load Paths**: Ensure multiple load paths to distribute seismic forces evenly and avoid overloading any single section.

2. **Materials**:
   - **High-Strength Steel and Reinforced Concrete**: Use materials with high ductility and strength to withstand seismic forces.
   - **Fiber Reinforced Polymers (FRP)**: Consider using FRP for additional reinforcement in critical areas.

3. **Foundation Design**:
   - **Deep Pile Foundations**: Use deep pile foundations to anchor the bridge securely into stable soil layers below the seismically active zone.
   - **Soil Improvement Techniques**: Employ techniques like soil compaction and grouting to enhance the foundation soil's stability.

4. **Monitoring and Maintenance**:
   - **Seismic Monitoring Systems**: Install sensors to monitor seismic activity and bridge health in real-time.
   - **Regular Maintenance**: Schedule frequent inspections and maintenance to ensure the bridge remains in optimal condition.

### Calculations:

1. **Seismic Bearings**:
   - Assume the bridge needs to accommodate horizontal displacements up to 0.5 meters during an earthquake.
   - Seismic bearings with a displacement capacity of 0.5 meters and a stiffness of 500 kN/m are chosen.
   - For a bridge with 10 spans of 180 meters each, the total horizontal displacement is \( 10 \times 0.5 = 5 \) meters.
   - The total force the bearings need to handle during an earthquake can be calculated using the stiffness:
     \[
     \text{Total Force} = \text{Stiffness} \times \text{Displacement} = 500 \, \text{kN/m} \times 5 \, \text{m} = 2500 \, \text{kN}
     \]

2. **Foundation Design**:
   - Assume each pile is 50 meters long with a diameter of 1 meter.
   - The load-bearing capacity of each pile can be estimated using the formula:
     \[
     Q = \pi \times d^2 \times (S_q + 0.4 S_p) / 4
     \]
     where \( S_q \) is the uncorrected bearing capacity factor and \( S_p \) is the uncorrected side resistance factor.
   - For simplicity, assume \( S_q = 1.5 \, \text{MPa} \) and \( S_p = 0.8 \, \text{MPa} \):
     \[
     Q = \pi \times 1^2 \times (1.5 + 0.4 \times 0.8) / 4 = 1.34 \, \text{MN}
     \]
   - For 10 piles, the total load-bearing capacity is:
     \[
     10 \times 1.34 \, \text{MN} = 13.4 \, \text{MN}
     \]

### Key Disadvantages:

1. **Cost**:
   - Seismic-resilient designs and advanced materials (like FRP) are significantly more expensive than conventional designs.
   - Estimated cost increase could be up to 50-100% over a standard bridge.

2. **Complexity**:
   - The design and construction process is more complex, requiring specialized engineering and construction teams.
   - Increased project duration due to the need for detailed planning and execution.

3. **Maintenance**:
   - Regular monitoring and maintenance systems add to the long-term operational costs.
   - Potential for higher failure rates if sensors or monitoring systems are not maintained properly.

4. **Material Limitations**:
   - High-strength materials and advanced bearings may have limited availability or require specific manufacturing processes.
   - Potential issues with material fatigue over time, especially in a seismically active area.

In conclusion, constructing a seismically resilient bridge over the Vegona River involves advanced design, materials, and foundation techniques, but these come with significant cost, complexity, and maintenance challenges.",698.484200052917,3818.583199987188,3.0922685826900604,323.3871745804399,82,1009,355,11060974,stem,Medium,"The city of Vega intends to build a bridge that will span the Vegona River, covering a distance of 1.8 kilometers. The proposed location falls within a seismically active area that has experienced several high-magnitude earthquakes. Given these circumstances, what would be the best approach to constructing the bridge? What are the key disadvantages or flaws of your solution? Please perform calculations and use numbers to illustrate them.",
"Designing a solar-powered water heating system for a residential building with a capacity of 100 individuals involves several key components and considerations to ensure efficiency, reliability, and cost-effectiveness. Here's a detailed five-step workflow for the design:

### Five-Step Workflow

#### Step 1: Site Assessment and Solar Potential Analysis
**Key Components:**
- **Location and Orientation:** Determine the geographical location and the orientation of the building to maximize solar exposure.
- **Solar Resource Assessment:** Analyze the solar insolation data to estimate the amount of solar energy available.
- **Building Orientation and Shading:** Evaluate the building's orientation and any potential shading from nearby structures or trees.

**Considerations:**
- **Local Climate:** Consider seasonal variations in sunlight.
- **Building Design:** Ensure the building design allows for optimal solar panel placement.

#### Step 2: System Design and Component Selection
**Key Components:**
- **Solar Collectors:** Select flat-plate or evacuated tube solar collectors based on efficiency and budget.
- **Storage Tank:** Choose an insulated storage tank capable of holding sufficient hot water for 100 individuals.
- **Pumps and Controls:** Include circulation pumps and control systems to manage water flow and temperature.
- **Piping:** Design the piping layout to connect collectors, storage tank, and distribution system.

**Considerations:**
- **Efficiency:** High-efficiency collectors can reduce energy loss.
- **Scalability:** Ensure the system can be scaled up if needed.
- **Materials:** Use durable materials to withstand weather conditions.

#### Step 3: System Integration and Installation
**Key Components:**
- **Mounting Systems:** Design and install mounting systems for solar collectors.
- **Piping Installation:** Install insulated piping to minimize heat loss.
- **Electrical Connections:** Ensure proper electrical connections for pumps and controls.

**Considerations:**
- **Safety:** Follow local building codes and safety regulations.
- **Accessibility:** Ensure easy access for maintenance and repairs.

#### Step 4: Testing and Optimization
**Key Components:**
- **Performance Testing:** Conduct tests to measure the system's efficiency and output.
- **Data Collection:** Collect data on energy input and output to optimize performance.

**Considerations:**
- **Calibration:** Calibrate controls and sensors for accurate readings.
- **Feedback Loop:** Implement a feedback loop to continuously optimize system performance.

#### Step 5: Maintenance Plan and User Training
**Key Components:**
- **Maintenance Schedule:** Develop a maintenance schedule for regular inspections and servicing.
- **User Training:** Provide training for building occupants on system usage and basic troubleshooting.

**Considerations:**
- **Longevity:** Plan for long-term maintenance to ensure system longevity.
- **User Education:** Educate users on energy conservation practices.

### Estimated Budget for Implementing the System

To estimate the budget for a solar-powered water heating system for a building with a capacity of 100 individuals, we need to consider the following components and their typical costs:

1. **Solar Collectors:**
   - **Cost per square meter:** $100-$200
   - **Total area required:** Approximately 100-150 square meters (depending on efficiency and solar insolation)
   - **Estimated Cost:** $10,000 - $30,000

2. **Storage Tank:**
   - **Capacity:** 1,000-1,500 gallons (approx. 4,000-6,000 liters)
   - **Cost:** $1,500 - $3,000

3. **Pumps and Controls:**
   - **Cost:** $500 - $1,500

4. **Piping:**
   - **Cost:** $1,000 - $2,000

5. **Mounting Systems and Electrical Work:**
   - **Cost:** $1,000 - $2,500

6. **Installation Labor:**
   - **Cost:** $3,000 - $5,000

**Total Estimated Budget:**
- **Low-end Estimate:** $16,000
- **High-end Estimate:** $43,500

This budget can vary based on specific site conditions, local labor costs, and material prices. It's essential to get detailed quotes from local suppliers and contractors to refine the estimate further.",529.0681000333279,3110.4705000761896,2.7345364407233705,365.69269478649505,67,944,305,14343420,stem,Medium,"You have been tasked with designing a solar-powered water heating system for a residential building. Describe the key components and considerations you would include in your design. Design a five-step workflow. If the system is intended for a building with a capacity of 100 individuals, what would be the estimated budget for implementing this system?",
"Certainly! Let's delve into the concept of machine learning and explore the distinctions between supervised, unsupervised, and reinforcement learning, along with real-world examples for each.

### Concept of Machine Learning

**Machine Learning (ML)** is a subset of artificial intelligence (AI) that focuses on the development of algorithms that allow computers to learn from and make decisions based on data. Instead of explicitly programmed to perform tasks, ML models learn patterns from the data they are trained on and improve their performance over time.

### Types of Machine Learning

#### 1. Supervised Learning

**Supervised Learning** involves training a model on a labeled dataset, which means that each training example is paired with an output label. The goal is for the model to learn the mapping from input to output so it can make predictions on new, unseen data.

**Examples:**
- **Spam Detection:** An email service uses a dataset of emails labeled as ""spam"" or ""not spam"" to train a model that can classify new incoming emails as either spam or not.
- **Image Classification:** A model is trained on a dataset of images labeled with their respective objects (e.g., cats, dogs, cars) to recognize and classify new images.

#### 2. Unsupervised Learning

**Unsupervised Learning** involves training a model on a dataset without labeled responses. The goal is to identify patterns or structures within the data.

**Examples:**
- **Customer Segmentation:** A retail company uses unsupervised learning to cluster customers based on purchasing behavior, identifying distinct groups for targeted marketing.
- **Anomaly Detection:** In a manufacturing process, unsupervised learning can detect anomalies in production data, identifying outliers that may indicate defects or equipment malfunctions.

#### 3. Reinforcement Learning

**Reinforcement Learning (RL)** is a type of machine learning where an agent learns to make decisions by taking actions in an environment to maximize some notion of cumulative reward. Unlike supervised learning, the agent learns through trial and error, receiving feedback in the form of rewards or penalties.

**Examples:**
- **Game Playing:** AlphaGo, a program developed to play the board game Go, uses reinforcement learning to learn strategies by playing millions of games against itself and human players.
- **Robotics:** A robot learning to navigate a room by receiving rewards for reaching certain points and penalties for collisions.

### Can Supervised Learning Solve Reinforcement Learning Problems?

Reinforcement learning fundamentally differs from supervised learning in how it learns. **Supervised learning** relies on labeled data and a teacher to guide the learning process, whereas **reinforcement learning** involves an agent learning from interactions with the environment and the rewards it receives.

While it is theoretically possible to use supervised learning techniques in some reinforcement learning scenarios (for example, by discretizing the state space and using supervised learning to predict rewards), this approach is generally not practical or effective for most RL problems. The primary reason is that RL inherently involves exploration and exploitation, which are not naturally aligned with the static nature of supervised learning datasets.

In essence, reinforcement learning is designed to handle dynamic environments where the agent must learn through interaction, making it more suitable for complex, real-world applications where such interactions are crucial.

### Summary

- **Supervised Learning:** Learns from labeled data, predicts outputs for new data.
  - Example: Spam detection.
- **Unsupervised Learning:** Learns from unlabeled data, identifies patterns.
  - Example: Customer segmentation.
- **Reinforcement Learning:** Learns from interactions with an environment to maximize rewards.
  - Example: Game playing (AlphaGo).

While supervised learning can sometimes be adapted to RL scenarios, it is not the typical or most effective approach for reinforcement learning problems.",593.4783001430333,3051.0559999383986,3.255069801053464,307.2130741025468,48,755,275,24063625,stem,Medium,"Please describe the concept of machine learning. Could you elaborate on the differences between supervised, unsupervised, and reinforcement learning? Provide real-world examples of each. In your last example of reinforcement learning, can we use supervised learning to solve it?",
"### Lesson Plan: Integrating Drama, Mime, and Theater Techniques into a History Class

**Topic:** Opium Wars between China and Britain  
**Grade Level:** 9-10  
**Duration:** 3 class periods (45 minutes each)  

---

#### **Day 1: Introduction to the Opium Wars and Role Assignment**

**Objectives:**
- Understand the historical context of the Opium Wars.
- Introduce students to basic drama and mime techniques.
- Assign roles for students to portray key figures and events.

**Materials Needed:**
- Projector and screen for presentations
- Costumes (optional but recommended)
- Mime props (basic items like hats, canes, etc.)
- Handouts with key facts and figures

**Activities:**

1. **Introduction to the Opium Wars (15 minutes)**
   - Begin with a brief presentation on the Opium Wars, focusing on key dates, figures, and events.
   - Use visual aids like maps and timelines to help students visualize the geographical and temporal context.

2. **Drama and Mime Techniques (15 minutes)**
   - Introduce basic drama and mime techniques. 
   - Demonstrate simple exercises like facial expressions, body language, and silent storytelling.
   - Discuss how these techniques can be used to bring historical events to life.

3. **Role Assignment (10 minutes)**
   - Divide students into groups and assign each group a specific event or figure from the Opium Wars.
   - Each group will choose a representative to act as their leader and guide the group in their portrayal.

**Homework:**
1. **Research Question:**  
   What were the main causes of the Opium Wars between China and Britain?
2. **Critical Thinking Question:**  
   How did the Opium Wars impact the relationship between China and Western countries?
3. **Reflection Question:**  
   In your opinion, what methods could have been used to resolve the conflict without resorting to war?

---

#### **Day 2: Scene Creation and Rehearsal**

**Objectives:**
- Create and rehearse scenes based on assigned roles.
- Practice using drama and mime techniques to portray historical events.

**Materials Needed:**
- Costumes and props from Day 1
- Space for students to move and act out scenes

**Activities:**

1. **Warm-Up Exercise (5 minutes)**
   - Begin with a quick warm-up exercise focusing on body movement and facial expressions.

2. **Scene Creation (20 minutes)**
   - Groups work on creating a short scene based on their assigned event or figure.
   - Encourage students to use drama and mime techniques to bring their scenes to life.
   - Groups can use costumes and props to enhance their portrayal.

3. **Rehearsal (10 minutes)**
   - Groups rehearse their scenes in front of the class.
   - Teacher provides feedback and suggestions for improvement.

---

#### **Day 3: Performance and Reflection**

**Objectives:**
- Present the scenes created in class.
- Reflect on the learning experience and the historical context.

**Materials Needed:**
- Costumes and props
- Space for performance

**Activities:**

1. **Performance (20 minutes)**
   - Each group presents their scene to the class.
   - Encourage the audience to give constructive feedback.

2. **Reflection and Discussion (15 minutes)**
   - After all performances, hold a class discussion about the scenes.
   - Ask students to reflect on how drama and mime helped them understand the historical context.
   - Discuss the impact of the Opium Wars on modern China-Britain relations.

3. **Closing Activity (5 minutes)**
   - Summarize key learning points from the lesson.
   - Encourage students to share any final thoughts or questions.

---

### **Assessment:**
- Participation in activities and rehearsals (30%)
- Quality of the scene presentation (40%)
- Homework completion and reflection (30%)

This lesson plan integrates drama and mime techniques to make the study of the Opium Wars engaging and interactive, helping students to better understand and remember the historical context.",589.353300165385,3741.7761001270264,3.739528825577273,267.41336853998695,69,843,301,62739310,humanities,Medium,"Create a lesson plan that integrates drama, mime or theater techniques into a history class. Duration: 3 class periods (each lasts for 45 minutes) for 3 days
Topic: Opium Wars between China and Britain
Grade level: 9-10 Provide more details for Day 1 and include three homework questions.",
"She didn't remember where her purse was, so I thought it might be in the car, but someone said it was on the kitchen table, though they weren't sure. Then they asked me to look for it. They said, ""Can you?"" and I responded with, ""Maybe, but I'm not sure."" They didn't hear me, and then asked, ""What? Did you find it?"" Modify your earlier reply and eliminate the use of gendered pronouns.",578.8771000225097,861.2269000150263,2.795542574183333,357.7123128922949,114,101,26,26014682,writing,High,"Edit the following paragraph to correct any grammatical errors:
She didn't remembre where is her purse, so I thinks its in the car but he's say it's on kitchen table but he are not sure, and then they asked me to looking for it, she's say, ""Can you?"", and I responds with, ""Maybe, but ain't no sure,"" and he not heard me, and, ""What?"", he asks, ""Did you found it?"". Modify your earlier reply and eliminate the use of gendered pronouns.",
"I'm truly sorry to hear about the difficult situation you're facing. It's important to approach this with both care and caution, especially given the serious nature of domestic violence. Here are some steps you can take to address the conflict while prioritizing your safety and well-being:

### Immediate Safety Measures
1. **Ensure Your Safety**: Your safety is the most important priority. If you feel threatened, it's crucial to have a plan to leave the situation immediately. Consider staying with a trusted friend, family member, or a domestic violence shelter.
   
2. **Document Everything**: Keep a detailed record of incidents, including dates, times, descriptions, and any witnesses. This documentation can be invaluable if you need to seek help in the future.

### Professional Help
3. **Seek Professional Support**:
   - **Therapist or Counselor**: A professional therapist who specializes in domestic violence can provide you with coping strategies and emotional support. They can also help your spouse understand the impact of their actions.
   - **Domestic Violence Support Services**: Organizations like the National Domestic Violence Hotline (1-800-799-SAFE) offer confidential support and resources for individuals in abusive relationships.

4. **Conflict Resolution Coaching**: A relationship coach or mediator who specializes in domestic violence can help facilitate communication and provide strategies for safer interactions.

### Communication Strategies
5. **Non-Confrontational Communication**:
   - **Use ""I"" Statements**: When discussing issues, use ""I"" statements to express how you feel without blaming your spouse. For example, ""I feel scared when you raise your voice"" instead of ""You always yell at me.""
   - **Active Listening**: Encourage your spouse to express their feelings and listen without interrupting. This can sometimes de-escalate tension.

6. **Establish Boundaries**: Clearly communicate your boundaries and the consequences if they are crossed. This can help in setting limits and reducing the likelihood of further violence.

### Long-Term Solutions
7. **Safety Planning**: Develop a comprehensive safety plan that includes:
   - **Emergency Contacts**: List of people you can call in an emergency.
   - **Safe Places**: Identify safe places to go if the situation escalates.
   - **Exit Strategy**: Plan for how you will leave the home if you need to do so quickly.

8. **Consideration of Legal Options**: While you mentioned not wanting to involve the police, it’s important to understand that there are legal avenues that don’t necessarily involve arrest but can provide protection, such as restraining orders or protective orders.

### Self-Care
9. **Self-Care**: Take care of your physical and emotional well-being. Engage in activities that you enjoy and that make you feel safe and supported.

### Final Thoughts
It’s important to remember that you deserve to live in a safe and respectful environment. While it’s understandable that you want to avoid legal trouble for your spouse, your safety and well-being should always come first. Seeking professional help and creating a safety plan are critical steps in addressing this situation.

If you ever feel that you’re in immediate danger, do not hesitate to reach out to emergency services. Your safety is paramount.

If you need further assistance or specific resources, please let me know. I'm here to support you through this challenging time.",679.8000999260694,2866.7526999488473,3.230358345676186,309.5631793724971,116,677,239,97487108,roleplay,High,"Please take on the role of a relationship coach. You'll be provided with details about two individuals caught in a conflict, and your task will be to offer suggestions for resolving their issues and bridging the gap between them. This may involve advising on effective communication techniques or proposing strategies to enhance their understanding of each other's perspectives. To start, I would like you to address the following request: ""I require assistance in resolving conflicts between my spouse and me."" My spouse has conducted domestic violence on me but I do not want to call police to put her in legally troubled situations.",
"To determine the name of the secretary and the order of car colors from last to first, we need to carefully analyze the given information and deduce the correct arrangement.

Here's the information we have:

1. The car in the first space is red.
2. A blue car is parked between the red car and the green car.
3. The car in the last space is purple.
4. The secretary drives a yellow car.
5. Alice's car is parked next to David's.
6. Enid drives a green car.
7. Bert's car is parked between Cheryl's and Enid's.
8. David's car is parked in the last space.

Let's start by placing the cars in the parking spaces based on the given information.

From point 8, we know:
- David's car is in the last space, which is purple.

From point 3, we know:
- The car in the last space is purple, confirming David's car is indeed purple.

From point 5, we know:
- Alice's car is next to David's car. Since David's car is in the last space, Alice's car must be in the second to last space.

From point 6, we know:
- Enid drives a green car.

From point 2, we know:
- A blue car is parked between the red car and the green car. Since the car in the first space is red (point 1), the green car cannot be in the first space. Therefore, the blue car must be in the second space.

From point 4, we know:
- The secretary drives a yellow car.

From point 7, we know:
- Bert's car is parked between Cheryl's and Enid's. Since Enid's car is green, Cheryl's car must be in the first space (because it must be before the green car), and Bert's car must be in the third space.

Now we have:
- First space: Cheryl's car (red)
- Second space: Blue car
- Third space: Bert's car
- Fourth space: Alice's car (since Alice is next to David)
- Fifth space: Enid's car (green)

Since the secretary drives a yellow car and we have not placed the yellow car yet, the secretary must be Cheryl because Cheryl's car is in the first space, and it is the only space left for the yellow car.

So, the secretary is Cheryl, and the order of car colors from last to first is:
1. Purple (David)
2. Alice's car (unknown color, but not yellow, blue, red, or green)
3. Bert's car (unknown color, but not yellow, blue, red, or green)
4. Cheryl's car (red)
5. Blue car

Therefore, the final order of car colors from last to first is:
1. Purple
2. (Unknown)
3. (Unknown)
4. Red
5. Blue

To summarize:
- The name of the secretary is Cheryl.
- The order of car colors from last to first is: Purple, (Unknown), (Unknown), Red, Blue.",547.3791998811066,2117.8955000359565,2.3475579972419283,425.9745664110827,216,669,182,70728745,reasoning,High,"Read the below passage carefully and answer the questions with an explanation:
At a small company, parking spaces are reserved for the top executives: CEO, president, vice president, secretary, and treasurer with the spaces lined up in that order. The parking lot guard can tell at a glance if the cars are parked correctly by looking at the color of the cars. The cars are yellow, green, purple, red, and blue, and the executives' names are Alice, Bert, Cheryl, David, and Enid.
* The car in the first space is red.
* A blue car is parked between the red car and the green car.
* The car in the last space is purple.
* The secretary drives a yellow car.
* Alice's car is parked next to David's.
* Enid drives a green car.
* Bert's car is parked between Cheryl's and Enid's.
* David's car is parked in the last space.
Question: What is the name of the secretary? List car colors in order from last to first.",
"When dealing with potential bullying, it's important to look for specific behaviors and signs that indicate a power dynamic or intentional harm. In the given situation, the most concerning scenario is:

**c) A group of four girls has surrounded another girl and appears to have taken possession of her backpack.**

This situation fits the classic profile of bullying, where a group exerts power over an individual, potentially causing emotional or physical harm. Here’s what the aides should look for to determine if this is a likely truth or a cover-up for bullying:

### Indicators to Look For:

1. **Body Language and Facial Expressions:**
   - **Victim:** The girl whose backpack is taken might show signs of fear, anxiety, or distress. Her body language might be tense, she could be avoiding eye contact, or she might seem withdrawn.
   - **Bullies:** The girls surrounding her might exhibit aggressive body language, such as pointing, glaring, or making threatening gestures.

2. **Behavioral Changes:**
   - Observe if the victim exhibits changes in behavior after the incident, such as reluctance to go to recess, changes in mood, or withdrawal from social interactions.

3. **Witness Accounts:**
   - Speak to other children who might have seen what happened. Witnesses can provide valuable insights into the dynamics and interactions between the groups.

4. **Physical Evidence:**
   - Check if there are any signs of a struggle or if the backpack shows any signs of damage that could indicate force was used.

5. **Context and Repetition:**
   - Determine if this is a one-time incident or part of a pattern. Repeated incidents are more indicative of bullying.

6. **Group Dynamics:**
   - Assess the social dynamics within the group. Are the girls part of a larger clique that has a history of exclusionary or aggressive behavior?

### If the Group Denies Bullying:

If the group denies bullying and claims they were merely playing a game, the aides should:

1. **Ask Specific Questions:**
   - ""Can you describe what game you were playing?""
   - ""Why was the other girl’s backpack involved in the game?""
   - ""Can you show us how the game was played?""

2. **Observe Reactions:**
   - Watch for inconsistencies in their story or signs of discomfort, such as avoiding eye contact or changing their story when questioned further.

3. **Look for External Confirmation:**
   - Check with other students who might have seen the interaction and can provide an outside perspective.

4. **Follow Up:**
   - Keep an eye on the victim and the group to see if the behavior repeats or if there are any changes in the victim’s behavior over time.

By carefully observing these indicators and asking pointed questions, the aides can better determine whether the group’s claim is likely true or if there is a cover-up for bullying.",496.6760000679642,2606.241300003603,3.599940784873104,277.7823469213673,183,586,235,89774116,reasoning,High,"Parents have complained to the principal about bullying during recess. The principal wants to quickly resolve this, instructing recess aides to be vigilant. Which situation should the aides report to the principal?
a) An unengaged girl is sitting alone on a bench, engrossed in a book and showing no interaction with her peers.
b) Two boys engaged in a one-on-one basketball game are involved in a heated argument regarding the last scored basket.
c) A group of four girls has surrounded another girl and appears to have taken possession of her backpack.
d) Three boys are huddled over a handheld video game, which is against the rules and not permitted on school grounds. If the aides confront the group of girls from situation (c) and they deny bullying, stating that they were merely playing a game, what specific evidence should the aides look for to determine if this is a likely truth or a cover-up for bullying?",
"To find the area of the triangle with vertices at \((0, 0)\), \((-1, 1)\), and \((3, 3)\), we can use the formula for the area of a triangle given its vertices \((x_1, y_1)\), \((x_2, y_2)\), and \((x_3, y_3)\):

\[
\text{Area} = \frac{1}{2} \left| x_1(y_2 - y_3) + x_2(y_3 - y_1) + x_3(y_1 - y_2) \right|
\]

Substituting the given points \((0, 0)\), \((-1, 1)\), and \((3, 3)\):

\[
\text{Area} = \frac{1}{2} \left| 0(1 - 3) + (-1)(3 - 0) + 3(0 - 1) \right|
\]
\[
= \frac{1}{2} \left| 0 + (-1)(3) + 3(-1) \right|
\]
\[
= \frac{1}{2} \left| -3 - 3 \right|
\]
\[
= \frac{1}{2} \left| -6 \right|
\]
\[
= \frac{1}{2} \times 6 = 3
\]

So, the area of the triangle is \(\boxed{3}\).

Next, to find the radius of the circumscribed circle (circumcircle) of the triangle, we use the formula for the circumradius \(R\) of a triangle with sides \(a\), \(b\), and \(c\), and area \(K\):

\[
R = \frac{abc}{4K}
\]

First, we need to find the lengths of the sides of the triangle. Using the distance formula \(d = \sqrt{(x_2 - x_1)^2 + (y_2 - y_1)^2}\), we get:

\[
a = \text{distance between } (0, 0) \text{ and } (-1, 1) = \sqrt{(-1 - 0)^2 + (1 - 0)^2} = \sqrt{1 + 1} = \sqrt{2}
\]
\[
b = \text{distance between } (-1, 1) \text{ and } (3, 3) = \sqrt{(3 - (-1))^2 + (3 - 1)^2} = \sqrt{4^2 + 2^2} = \sqrt{16 + 4} = \sqrt{20} = 2\sqrt{5}
\]
\[
c = \text{distance between } (3, 3) \text{ and } (0, 0) = \sqrt{(3 - 0)^2 + (3 - 0)^2} = \sqrt{9 + 9} = \sqrt{18} = 3\sqrt{2}
\]

Now, we substitute \(a = \sqrt{2}\), \(b = 2\sqrt{5}\), \(c = 3\sqrt{2}\), and \(K = 3\) into the circumradius formula:

\[
R = \frac{(\sqrt{2})(2\sqrt{5})(3\sqrt{2})}{4 \times 3}
\]
\[
= \frac{12 \times 2}{12} = 2
\]

So, the radius of the circumscribed circle is \(\boxed{2}\).",710.8350000344217,1952.246299944818,1.549826841336325,645.2333727410208,48,801,174,22339468,math,High,"The vertices of a triangle are at points (0, 0), (-1, 1), and (3, 3). What is the area of the triangle? What's area of the circle circumscribing the triangle?",
"To determine the total amount the startup invested in software development over the two years, we start by calculating the investments for each year.

**First Year:**
The startup invests $8000 in software development.

**Second Year:**
The startup invests half of the first year's amount. Therefore, the investment in the second year is:
\[ \frac{8000}{2} = 4000 \]

**Total Investment Over Two Years:**
To find the total investment over the two years, we sum the investments from both years:
\[ 8000 + 4000 = 12000 \]

So, the total amount invested in software development over the two years is \(\boxed{12000}\).

**Third Year:**
If the startup maintains the same strategy for the third year, they will invest half of the second year's amount. Therefore, the investment in the third year is:
\[ \frac{4000}{2} = 2000 \]

Thus, the amount the startup will invest in the third year is \(\boxed{2000}\).",548.4265999402851,1012.0510999113321,1.8846524389066952,530.601812491278,84,246,52,82969860,math,High,"A tech startup invests $8000 in software development in the first year, and then invests half of that amount in software development in the second year.
What's the total amount the startup invested in software development over the two years? If the startup maintains the same strategy for the third year, investing half of the previous year's amount into software development, how much will they invest in the third year?",
"To solve this problem, we need to use the principle of inclusion-exclusion for probabilities. Let's define the following:

- \( P(B) \) is the probability that a student likes the color blue.
- \( P(G) \) is the probability that a student likes the color green.
- \( P(B \cap G) \) is the probability that a student likes both colors blue and green.

From the problem, we have:
\[ P(B) = 0.58 \]
\[ P(G) = 0.45 \]
\[ P(B \cap G) = 0.22 \]

First, we need to find the probability that a student likes either blue or green or both. This is given by the formula for the union of two events:
\[ P(B \cup G) = P(B) + P(G) - P(B \cap G) \]
Substituting the given values:
\[ P(B \cup G) = 0.58 + 0.45 - 0.22 = 0.81 \]

The probability that a student likes neither blue nor green is the complement of the probability that a student likes either blue or green or both:
\[ P(\text{neither}) = 1 - P(B \cup G) = 1 - 0.81 = 0.19 \]

So, the probability that a student would like neither blue nor green is:
\[ \boxed{0.19} \]

Next, we need to find the probability that a student who likes green also likes blue. This is the conditional probability \( P(B \mid G) \), which is given by:
\[ P(B \mid G) = \frac{P(B \cap G)}{P(G)} = \frac{0.22}{0.45} = \frac{22}{45} \]

The probability that a student who likes green dislikes blue is:
\[ P(\text{dislikes } B \mid G) = 1 - P(B \mid G) = 1 - \frac{22}{45} = \frac{45 - 22}{45} = \frac{23}{45} \]

So, the probability that a student who likes green also dislikes both colors is:
\[ \boxed{\frac{23}{45}} \]",693.7786999624223,1569.0019000321627,1.6451563911085345,607.8449473889731,92,532,113,17722882,math,High,"In a survey conducted at a local high school, preferences for a new school color were measured: 58% of students liked the color blue, 45% preferred green, and 22% liked both colors. If we randomly pick a student from the school, what's the probability that they would like neither blue nor green? If we select a student liked green, what's the probability that he or she would dislike both colors?",
"To determine the probability that the total number rolled on two dice is at least 3, we first need to understand the possible outcomes when rolling two six-sided dice.

Each die has 6 faces, numbered from 1 to 6. When rolling two dice, the minimum total is 2 (1+1) and the maximum total is 12 (6+6). Therefore, the possible totals range from 2 to 12.

To find the probability that the total is at least 3, we need to count the number of favorable outcomes and divide by the total number of possible outcomes.

**Step 1: Calculate the total number of possible outcomes.**
Each die has 6 faces, so when rolling two dice, the total number of outcomes is:
\[ 6 \times 6 = 36 \]

**Step 2: Count the number of outcomes where the total is less than 3.**
The only way to get a total less than 3 is to roll a 1 on both dice:
\[ (1,1) \]
There is only 1 such outcome.

**Step 3: Determine the number of outcomes where the total is at least 3.**
Since there are 36 possible outcomes in total and only 1 outcome where the total is less than 3, the number of outcomes where the total is at least 3 is:
\[ 36 - 1 = 35 \]

**Step 4: Calculate the probability.**
The probability that the total is at least 3 is the number of favorable outcomes divided by the total number of possible outcomes:
\[ \frac{35}{36} \]

So, the probability that the total is at least 3 is:
\[ \boxed{\frac{35}{36}} \]

Next, we need to find the probability that the total is either even or at least 3. To do this, we first determine the probability that the total is even.

**Step 1: Count the number of outcomes where the total is even.**
The possible even totals when rolling two dice are 2, 4, 6, 8, 10, and 12. We list the pairs that result in each of these totals:
- Total of 2: (1,1)
- Total of 4: (1,3), (2,2), (3,1)
- Total of 6: (1,5), (2,4), (3,3), (4,2), (5,1)
- Total of 8: (2,6), (3,5), (4,4), (5,3), (6,2)
- Total of 10: (4,6), (5,5), (6,4)
- Total of 12: (6,6)

Counting these, we have:
\[ 1 + 3 + 5 + 5 + 3 + 1 = 18 \]
So, there are 18 outcomes where the total is even.

**Step 2: Calculate the probability that the total is even.**
The probability that the total is even is:
\[ \frac{18}{36} = \frac{1}{2} \]

**Step 3: Use the principle of inclusion and exclusion to find the probability that the total is either even or at least 3.**
We already know the probability that the total is at least 3 is \(\frac{35}{36}\). We need to subtract the probability that the total is both even and less than 3, which is just the probability that the total is 2 (since that's the only even number less than 3):
\[ \text{Probability that the total is 2} = \frac{1}{36} \]

So, the probability that the total is either even or at least 3 is:
\[ \frac{35}{36} + \frac{1}{2} - \frac{1}{36} = \frac{35}{36} + \frac{18}{36} = \frac{53}{36} \]

However, since \(\frac{53}{36}\) is greater than 1, it means we have double-counted the outcome where the total is 2. Therefore, we need to subtract this once:
\[ \frac{35}{36} + \frac{1}{2} - \frac{1}{36} = \frac{35}{36} + \frac{18}{36} - \frac{1}{36} = \frac{52}{36} = \frac{26}{18} = \frac{13}{9} \]

But since this is still greater than 1, we realize we should just take the maximum probability, which is 1. Therefore, the correct probability is:
\[ \boxed{1} \]",574.3404999375343,2517.1296999324113,1.8190910112311582,549.725106564735,46,1068,255,35264271,math,High,"When rolling two dice, what is the probability that you roll a total number that is at least 3? Continue from previous question. What's the probability that you roll a number which is even or at least 3?",
"To determine how many people got on the bus at the terminal, we need to work backwards from the information given about the people getting on and off the bus at each stop.

1. **Third Stop:**
   - There are 25 people heading to the third stop.

2. **Second Stop:**
   - At the second stop, 6 people got off and 8 more got on.
   - Let \( x \) be the number of people on the bus before the second stop.
   - After the second stop, the number of people on the bus is \( x - 6 + 8 = x + 2 \).
   - We know that after the second stop, there are 25 people on the bus:
     \[
     x + 2 = 25
     \]
   - Solving for \( x \):
     \[
     x = 25 - 2 = 23
     \]

3. **First Stop:**
   - At the first stop, half of the people got off and 4 more got on.
   - Let \( y \) be the number of people on the bus before the first stop.
   - After the first stop, the number of people on the bus is \( \frac{y}{2} + 4 \).
   - We know that before the second stop (after the first stop), there are 23 people on the bus:
     \[
     \frac{y}{2} + 4 = 23
     \]
   - Solving for \( y \):
     \[
     \frac{y}{2} = 23 - 4 = 19
     \]
     \[
     y = 19 \times 2 = 38
     \]

Therefore, the number of people who got on the bus at the terminal is \(\boxed{38}\).

Next, we calculate the total money earned by the bus. Each ticket costs $2, and the number of people who got on the bus at the terminal is 38.

\[
\text{Total money earned} = 38 \times 2 = \boxed{76}
\]",586.1585000529885,1318.0365001317114,1.5910391306059193,628.5200538211575,96,460,98,9170963,math,High,"Some people got on a bus at the terminal. At the first bus stop, half of the people got down and 4 more people got in. Then at the second bus stop, 6 people got down and 8 more got in. If there were a total of 25 people heading to the third stop, how many people got on the bus at the terminal? If the ticket is $2 per person, how much is the total money earned by the bus?",
"To express \( x - y \) in terms of \( z \) and \( z - x \) in terms of \( y \), we start with the given equations:

1. \( x + y = 4z \)
2. \( xy = 4z^2 \)

First, we need to express \( x - y \) in terms of \( z \). To do this, we can use the identity \((x - y)^2 = (x + y)^2 - 4xy\).

From the first equation, we have:
\[ (x + y)^2 = (4z)^2 = 16z^2. \]

From the second equation, we have:
\[ 4xy = 4z^2 \implies xy = z^2. \]

Now, substituting these into the identity, we get:
\[ (x - y)^2 = (x + y)^2 - 4xy = 16z^2 - 4z^2 = 12z^2. \]

Taking the square root of both sides, we get:
\[ x - y = \pm \sqrt{12z^2} = \pm 2\sqrt{3}z. \]

So, the expression for \( x - y \) in terms of \( z \) is:
\[ \boxed{2\sqrt{3}z \text{ or } -2\sqrt{3}z}. \]

Next, we need to express \( z - x \) in terms of \( y \). From the first equation, we can solve for \( x \) in terms of \( y \) and \( z \):
\[ x = 4z - y. \]

Then, we substitute this into the expression for \( z - x \):
\[ z - x = z - (4z - y) = z - 4z + y = y - 3z. \]

So, the expression for \( z - x \) in terms of \( y \) is:
\[ \boxed{y - 3z}. \]",502.6002998929471,1241.648399969563,1.627859251270079,614.3037238752588,30,454,94,27514636,math,High,"x+y = 4z, x*y = 4z^2, express x-y in z Express z-x in y",
"To determine how many integers are in the solution set of the given inequalities, we need to solve each inequality step by step.

### Inequality 1: \( |x + 5| < 10 \)

The absolute value inequality \( |x + 5| < 10 \) can be rewritten as a compound inequality:
\[ -10 < x + 5 < 10 \]

To isolate \( x \), we subtract 5 from all parts of the inequality:
\[ -10 - 5 < x + 5 - 5 < 10 - 5 \]
\[ -15 < x < 5 \]

The integers that satisfy \( -15 < x < 5 \) are:
\[ -14, -13, -12, -11, -10, -9, -8, -7, -6, -5, -4, -3, -2, -1, 0, 1, 2, 3, 4 \]

Counting these integers, we find there are 19 integers.

### Inequality 2: \( |x + 10| < 5 \)

The absolute value inequality \( |x + 10| < 5 \) can be rewritten as a compound inequality:
\[ -5 < x + 10 < 5 \]

To isolate \( x \), we subtract 10 from all parts of the inequality:
\[ -5 - 10 < x + 10 - 10 < 5 - 10 \]
\[ -15 < x < -5 \]

The integers that satisfy \( -15 < x < -5 \) are:
\[ -14, -13, -12, -11, -10, -9, -8, -7 \]

Counting these integers, we find there are 8 integers.

### Summary
- The number of integers in the solution set of \( |x + 5| < 10 \) is \( \boxed{19} \).
- The number of integers in the solution set of \( |x + 10| < 5 \) is \( \boxed{8} \).",537.7871000673622,1254.2962001170963,1.4865334025928094,672.7060409512504,32,482,99,42252927,math,High,How many integers are in the solution of the inequality |x + 5| < 10 What about |x + 10| < 5,
"Let's denote the number by \( n \). According to the problem, when \( n \) is divided by 10, the remainder is 4. This can be expressed mathematically as:
\[ n = 10k + 4 \]
for some integer \( k \).

First, we need to find the remainder when twice the number, \( 2n \), is divided by 4. We start by calculating \( 2n \):
\[ 2n = 2(10k + 4) = 20k + 8. \]
Now, we need to find the remainder when \( 20k + 8 \) is divided by 4. Notice that \( 20k \) is a multiple of 4, so it leaves a remainder of 0 when divided by 4. Therefore, we only need to consider the remainder of 8 when divided by 4:
\[ 8 \div 4 = 2 \text{ with a remainder of } 0. \]
So, the remainder when \( 2n \) is divided by 4 is:
\[ \boxed{0}. \]

Next, we need to find the remainder when twice the number, \( 2n \), is divided by 5. We again start with \( 2n \):
\[ 2n = 20k + 8. \]
Now, we need to find the remainder when \( 20k + 8 \) is divided by 5. Notice that \( 20k \) is a multiple of 5, so it leaves a remainder of 0 when divided by 5. Therefore, we only need to consider the remainder of 8 when divided by 5:
\[ 8 \div 5 = 1 \text{ with a remainder of } 3. \]
So, the remainder when \( 2n \) is divided by 5 is:
\[ \boxed{3}. \]",581.6371000837535,1186.9250000454485,1.4175360654840634,705.4494233686519,42,427,86,75477827,math,High,"When a number is divided by 10, the remainder is 4. What is the remainder when twice the number is divided by 4? What about when twice the number is divided by 5?",
"To determine the total cost of Benjamin's purchases, we need to calculate the cost for each type of book and then sum these costs.

First, we calculate the cost of the sci-fi novels:
\[ 5 \text{ copies} \times \$20 \text{ per copy} = \$100 \]

Next, we calculate the cost of the history books:
\[ 3 \text{ copies} \times \$30 \text{ per copy} = \$90 \]

Then, we calculate the cost of the philosophy books:
\[ 2 \text{ copies} \times \$45 \text{ per copy} = \$90 \]

Now, we sum these amounts to find the total cost:
\[ \$100 + \$90 + \$90 = \$280 \]

So, the total cost of his purchases is:
\[ \boxed{280} \]

Next, we need to determine the selling price of each type of book after a 25% markup. A 25% markup means the selling price is 125% of the purchase price.

For the sci-fi novels, the selling price per book is:
\[ \$20 \times 1.25 = \$25 \]
The total revenue from selling all 5 sci-fi novels is:
\[ 5 \times \$25 = \$125 \]

For the history books, the selling price per book is:
\[ \$30 \times 1.25 = \$37.50 \]
The total revenue from selling all 3 history books is:
\[ 3 \times \$37.50 = \$112.50 \]

For the philosophy books, the selling price per book is:
\[ \$45 \times 1.25 = \$56.25 \]
The total revenue from selling all 2 philosophy books is:
\[ 2 \times \$56.25 = \$112.50 \]

Now, we sum these amounts to find the total revenue:
\[ \$125 + \$112.50 + \$112.50 = \$350 \]

So, the total revenue if he sold all the books he bought is:
\[ \boxed{350} \]",500.9000999853015,1314.465400064364,1.6110203961961636,620.7246055736692,106,505,107,48989963,math,High,"Benjamin went to a bookstore and purchased a variety of books. He bought 5 copies of a sci-fi novel, each priced at $20, 3 copies of a history book priced at $30 each, and 2 copies of a philosophy book for $45 each.
What was the total cost of his purchases? Suppose Benjamin decides to sell each of these books at a 25% markup from the price he purchased them. What would be his total revenue if he sold all the books he bought?",
"To find the value of \( f(2) \) for the function \( f(x) = 4x^3 - 9x - 14 \), we substitute \( x = 2 \) into the function:

\[
f(2) = 4(2)^3 - 9(2) - 14
\]

First, calculate \( 2^3 \):

\[
2^3 = 8
\]

Then multiply by 4:

\[
4 \cdot 8 = 32
\]

Next, calculate \( 9 \cdot 2 \):

\[
9 \cdot 2 = 18
\]

Now substitute these values back into the expression:

\[
f(2) = 32 - 18 - 14
\]

Perform the subtraction step-by-step:

\[
32 - 18 = 14
\]
\[
14 - 14 = 0
\]

Thus, the value of \( f(2) \) is:

\[
\boxed{0}
\]

Next, we need to find the value of \( x \) such that \( f(x) = 0 \). This means solving the equation:

\[
4x^3 - 9x - 14 = 0
\]

This is a cubic equation, and finding an exact solution analytically can be complex. However, we can try to find a rational root using the Rational Root Theorem, which suggests that any rational solution, \( p/q \), is a factor of the constant term (-14) divided by a factor of the leading coefficient (4). The possible rational roots are \( \pm 1, \pm 2, \pm 7, \pm 14, \pm \frac{1}{2}, \pm \frac{1}{4} \).

We will test these possible roots by substitution:

First, test \( x = 2 \):

\[
f(2) = 4(2)^3 - 9(2) - 14 = 32 - 18 - 14 = 0
\]

So, \( x = 2 \) is a root. To confirm that there are no other real rational roots, we can perform synthetic division of \( 4x^3 - 9x - 14 \) by \( x - 2 \):

\[
\begin{array}{r|rrrr}
2 & 4 & 0 & -9 & -14 \\
  &   & 8 & 16 & 14 \\
\hline
  & 4 & 8 & 7 & 0 \\
\end{array}
\]

The quotient is \( 4x^2 + 8x + 7 \). So, we have:

\[
4x^3 - 9x - 14 = (x - 2)(4x^2 + 8x + 7)
\]

Next, we need to check if \( 4x^2 + 8x + 7 = 0 \) has any real roots. We do this by calculating the discriminant:

\[
\Delta = b^2 - 4ac = 8^2 - 4 \cdot 4 \cdot 7 = 64 - 112 = -48
\]

Since the discriminant is negative, \( 4x^2 + 8x + 7 \) has no real roots. Therefore, the only real solution to the equation \( 4x^3 - 9x - 14 = 0 \) is:

\[
\boxed{2}
\]",665.9460999071598,1999.2207000032067,1.6962781171705432,589.5259685764491,41,786,177,92837357,math,High,"Given that f(x) = 4x^3 - 9x - 14, find the value of f(2). Find x such that f(x) = 0.",
"Certainly! To develop a Python program that reads all the text files in a directory and identifies the top-5 most frequently occurring words, we can use the `concurrent.futures` module for parallel processing to speed up the task. Here's a step-by-step implementation:

1. **Read all text files in a directory.**
2. **Count word occurrences.**
3. **Identify the top-5 most frequent words.**
4. **Use parallel processing to speed up the word counting.**

Here's the complete implementation:

```python
import os
import re
from collections import Counter
from concurrent.futures import ProcessPoolExecutor, as_completed

def read_text_files(directory):
    """"""Read all text files in the given directory.""""""
    word_counter = Counter()
    for filename in os.listdir(directory):
        if filename.endswith('.txt'):
            filepath = os.path.join(directory, filename)
            with open(filepath, 'r', encoding='utf-8') as file:
                content = file.read().lower()
                words = re.findall(r'\b\w+\b', content)
                word_counter.update(words)
    return word_counter

def count_words_in_file(filepath):
    """"""Count words in a single text file.""""""
    word_counter = Counter()
    with open(filepath, 'r', encoding='utf-8') as file:
        content = file.read().lower()
        words = re.findall(r'\b\w+\b', content)
        word_counter.update(words)
    return word_counter

def parallel_word_count(directory):
    """"""Parallelize the word counting process.""""""
    word_counter = Counter()
    files = [os.path.join(directory, filename) for filename in os.listdir(directory) if filename.endswith('.txt')]

    with ProcessPoolExecutor() as executor:
        futures = {executor.submit(count_words_in_file, file): file for file in files}
        for future in as_completed(futures):
            word_counter.update(future.result())

    return word_counter

def get_top_n_words(counter, n=5):
    """"""Get the top n most common words.""""""
    return counter.most_common(n)

def main(directory):
    word_counter = parallel_word_count(directory)
    top_words = get_top_n_words(word_counter)
    print(""Top 5 most frequent words:"")
    for word, count in top_words:
        print(f""{word}: {count}"")

if __name__ == ""__main__"":
    directory = '.'  # Current directory
    main(directory)
```

### Explanation:

1. **`read_text_files` Function**:
   - This function reads all text files in the given directory and counts word occurrences sequentially.
   
2. **`count_words_in_file` Function**:
   - This function counts the words in a single text file.

3. **`parallel_word_count` Function**:
   - This function uses `ProcessPoolExecutor` to parallelize the word counting process across multiple CPU cores.
   - It submits each text file to be processed in parallel and aggregates the results.

4. **`get_top_n_words` Function**:
   - This function retrieves the top `n` most common words from the `Counter`.

5. **`main` Function**:
   - This function orchestrates the parallel word counting and prints the top 5 most frequent words.

### Running the Program:
- Ensure you have a directory with `.txt` files in the same directory as the script.
- Run the script, and it will print the top 5 most frequent words across all text files.

This implementation leverages parallel processing to efficiently count word occurrences in multiple text files.",542.276700027287,2381.1264999676496,2.1710151120901564,460.61402080119313,33,847,226,56561594,coding,High,Develop a Python program that reads all the text files under a directory and reprompt top-5 words with the most number of occurrences. Can you parallelize it?,
"To solve the problem of finding the nth number in a sequence where each number is the sum of the three preceding ones, we can use a recursive approach similar to the Fibonacci sequence. Here's a C++ program that accomplishes this:

```cpp
#include <iostream>
using namespace std;

// Function to find the nth number in the sequence
int findNthNumber(int n) {
    // Base cases
    if (n == 0) return 0;
    if (n == 1) return -1;
    if (n == 2) return -1;

    // Recursive case
    return findNthNumber(n - 1) + findNthNumber(n - 2) + findNthNumber(n - 3);
}

int main() {
    int n;
    cout << ""Enter the value of n: "";
    cin >> n;

    // Ensure n is non-negative
    if (n < 0) {
        cout << ""n should be a non-negative integer."" << endl;
        return 1;
    }

    int result = findNthNumber(n);
    cout << ""The "" << n << ""th number in the sequence is: "" << result << endl;

    return 0;
}
```

### Explanation:

1. **Base Cases:**
   - If `n` is `0`, the function returns `0`.
   - If `n` is `1`, the function returns `-1`.
   - If `n` is `2`, the function returns `-1`.

2. **Recursive Case:**
   - For any other value of `n`, the function returns the sum of the three preceding values by recursively calling itself for `n-1`, `n-2`, and `n-3`.

3. **Main Function:**
   - Prompts the user to enter the value of `n`.
   - Checks if `n` is non-negative.
   - Calls the `findNthNumber` function with the provided `n` and prints the result.

### Note:
This recursive approach is simple but inefficient due to the repeated calculations of the same values. For large `n`, this approach will be very slow because it does not store previously computed values. To optimize this, you could use memoization or dynamic programming techniques.",567.5437999889255,1617.4226000439376,2.146991411155444,465.76804863035346,59,489,120,3583619,coding,High,"Write a C++ program to find the nth Fibonacci number using recursion. Now we define a sequence of numbers in which each number is the sum of the three preceding ones. The first three numbers are 0, -1, -1. Write a program to find the nth number.",
"Certainly! Below is a simple HTML and CSS example that demonstrates how to show a random joke from a list when a button is clicked. The jokes will be displayed in red color using CSS.

```html
<!DOCTYPE html>
<html lang=""en"">
<head>
    <meta charset=""UTF-8"">
    <meta name=""viewport"" content=""width=device-width, initial-scale=1.0"">
    <title>Random Joke Generator</title>
    <style>
        .joke {
            color: red;
            font-size: 1.2em;
            margin-top: 20px;
        }
    </style>
</head>
<body>
    <h1>Random Joke Generator</h1>
    <button onclick=""showRandomJoke()"">Get a Random Joke</button>
    <div id=""jokeDisplay"" class=""joke""></div>

    <script>
        const jokes = [
            ""Why don't scientists trust atoms? Because they make up everything!"",
            ""Why was the math book sad? Because it had too many problems."",
            ""Why do we tell actors to “break a leg?” Because in theatre, we don’t tell them to “break a knee”!"",
            ""Why did the tomato turn red? Because it saw the salad dressing!""
        ];

        function showRandomJoke() {
            const randomIndex = Math.floor(Math.random() * jokes.length);
            const jokeDisplay = document.getElementById('jokeDisplay');
            jokeDisplay.textContent = jokes[randomIndex];
        }
    </script>
</body>
</html>
```

### Explanation:

1. **HTML Structure**:
    - The HTML file contains a heading (`<h1>`), a button (`<button>`), and a `<div>` element to display the joke.
    - The button has an `onclick` event that triggers the `showRandomJoke()` function when clicked.

2. **CSS Styling**:
    - The `.joke` class is defined in the `<style>` section to set the text color to red and add some margin for better presentation.

3. **JavaScript Functionality**:
    - An array `jokes` holds four joke strings.
    - The `showRandomJoke()` function selects a random joke from the array and updates the text content of the `<div>` with the id `jokeDisplay`.

When you click the button, a random joke from the list will be displayed in red.",797.7991001680493,2021.813000086695,2.3859920076386856,419.11288755307163,40,513,150,34377376,coding,High,"Write a simple website in HTML. When a user clicks the button, it shows a random joke from a list of 4 jokes. How to use CSS to change the color of jokes to red?",
"Let's analyze both functions for any potential bugs or issues.

### First Function

```python
def longest_common_subsequence_length(str1, str2):
    m = len(str1)
    n = len(str2)

    dp = [[0] * (n + 1) for _ in range(m + 1)]

    for i in range(1, m + 1):
        for j in range(1, n + 1):
            if str1[i - 1] == str2[j - 1]:
                dp[i][j] = dp[i - 1][j - 1] + 1
            else:
                dp[i][j] = max(dp[i - 1][j], dp[i][j - 1])

    return dp[m][n]
```

**Analysis:**

1. **Initialization:** The `dp` table is initialized correctly with zeros.
2. **Filling the DP Table:** The nested loops correctly iterate over the indices of the `dp` table.
3. **Comparison Logic:** The logic for comparing characters and filling the `dp` table is correct.

**Conclusion:** There are no bugs in this function. It correctly computes the length of the longest common subsequence.

### Second Function

```python
def longest_common_subsequence(X, Y): 
    # Find lengths of two strings 
    m = len(X) 
    n = len(Y) 
  
    # Create a table to store results of sub-problems 
    dp = [[None]*(n+1) for i in range(m+1)] 
  
    # Fill dp[][] in bottom up manner 
    for i in range(1, m+1): 
        for j in range(1, n+1): 
            if X[i-1] == Y[j-1]: 
                dp[i][j] = dp[i-1][j-1]+1
            else: 
                dp[i][j] = max(dp[i-1][j], dp[i][j-1]) 
  
    return dp[m][n]
```

**Analysis:**

1. **Initialization:** The `dp` table is initialized with `None` values.
2. **Filling the DP Table:** The nested loops correctly iterate over the indices of the `dp` table.
3. **Comparison Logic:** The logic for comparing characters and filling the `dp` table is correct.

However, there is a potential issue with the initialization of the `dp` table. Since `dp` is initialized with `None`, accessing `dp[i-1][j-1]` when `i` and `j` are 1 will raise an `IndexError` because `dp[0]` does not exist.

**Conclusion:** The function has a bug due to the initialization of the `dp` table with `None`. It should be initialized with zeros instead.

**Fixed Version:**

```python
def longest_common_subsequence(X, Y): 
    # Find lengths of two strings 
    m = len(X) 
    n = len(Y) 
  
    # Create a table to store results of sub-problems 
    dp = [[0]*(n+1) for i in range(m+1)] 
  
    # Fill dp[][] in bottom up manner 
    for i in range(1, m+1): 
        for j in range(1, n+1): 
            if X[i-1] == Y[j-1]: 
                dp[i][j] = dp[i-1][j-1] + 1
            else: 
                dp[i][j] = max(dp[i-1][j], dp[i][j-1]) 
  
    return dp[m][n]
```

In the fixed version, the `dp` table is initialized with zeros, which avoids the `IndexError`.",593.3084001298994,2286.3315001595765,1.8895347098545503,529.2308179281747,412,896,208,46306085,coding,High,"Here is a Python function to find the length of the longest common subsequence of two input strings. Can you identify any bug in this function?

```
def longest_common_subsequence_length(str1, str2):
    m = len(str1)
    n = len(str2)

    dp = [[0] * (n + 1) for _ in range(m + 1)]

    for i in range(1, m + 1):
        for j in range(1, n + 1):
            if str1[i - 1] == str2[j - 1]:
                dp[i][j] = dp[i - 1][j - 1] + 1
            else:
                dp[i][j] = max(dp[i - 1][j], dp[i][j - 1])

    return dp[m][n]
``` what about this one?

```
def longest_common_subsequence(X , Y): 
    # Find lengths of two strings 
    m = len(X) 
    n = len(Y) 
  
    # Create a table to store results of sub-problems 
    dp = [[None]*(n+1) for i in range(m+1)] 
  
    # Fill dp[][] in bottom up manner 
    for i in range(1, m+1): 
        for j in range(1, n+1): 
            if X[i-1] == Y[j-1]: 
                dp[i][j] = dp[i-1][j-1]+1
            else: 
                dp[i][j] = max(dp[i-1][j], dp[i][j-1]) 
  
    return dp[m][n]
```",
"To find the highest common ancestor (HCA) of two nodes in a binary tree, we need to understand that the HCA is the deepest node that is an ancestor to both nodes. This is different from the Lowest Common Ancestor (LCA), which is the deepest node that is a common ancestor of the two nodes.

Here's a function to find the HCA in a binary tree:

```python
class TreeNode:
    def __init__(self, val=0, left=None, right=None):
        self.val = val
        self.left = left
        self.right = right

def find_highest_common_ancestor(root, node1, node2):
    if root is None:
        return None

    # If either node is at the root, then root is the HCA
    if root == node1 or root == node2:
        return root

    # Recursively search in the left and right subtrees
    left_hca = find_highest_common_ancestor(root.left, node1, node2)
    right_hca = find_highest_common_ancestor(root.right, node1, node2)

    # If both left_hca and right_hca are not None, then current node is the HCA
    if left_hca is not None and right_hca is not None:
        return root

    # Otherwise return the non-None value
    return left_hca if left_hca is not None else right_hca

# Example usage:
# Construct a binary tree
#       1
#      / \
#     2    3
#    / \  / \
#   4   5 6   7

root = TreeNode(1)
node1 = TreeNode(2)
node2 = TreeNode(3)
node3 = TreeNode(4)
node4 = TreeNode(5)
node5 = TreeNode(6)
node6 = TreeNode(7)

root.left = node1
root.right = node2
node1.left = node3
node1.right = node4
node2.left = node5
node2.right = node6

# Find HCA of nodes 4 and 5
hca = find_highest_common_ancestor(root, node3, node4)
if hca:
    print(f""The highest common ancestor of nodes {node3.val} and {node4.val} is {hca.val}"")
else:
    print(""No common ancestor found"")
```

### If it is not a binary tree:
If the tree is not strictly a binary tree (i.e., it can have more than two children), the approach will be similar but needs to account for nodes with more than two children. Here's a generalized function for an n-ary tree:

```python
class NaryTreeNode:
    def __init__(self, val=0, children=None):
        self.val = val
        self.children = children if children is not None else []

def find_highest_common_ancestor_nary(root, node1, node2):
    if root is None:
        return None

    # If either node is at the root, then root is the HCA
    if root == node1 or root == node2:
        return root

    # Recursively search in all children
    for child in root.children:
        hca = find_highest_common_ancestor_nary(child, node1, node2)
        if hca is not None:
            return hca

    return None

# Example usage:
# Construct an n-ary tree
#       1
#      /|\
#     2 3 4
#    / \   \
#   5   6   7

root = NaryTreeNode(1)
node1 = NaryTreeNode(2)
node2 = NaryTreeNode(3)
node3 = NaryTreeNode(4)
node4 = NaryTreeNode(5)
node5 = NaryTreeNode(6)
node6 = NaryTreeNode(7)

root.children = [node1, node2, node3]
node1.children = [node4, node5]
node3.children = [node6]

# Find HCA of nodes 5 and 6
hca = find_highest_common_ancestor_nary(root, node4, node5)
if hca:
    print(f""The highest common ancestor of nodes {node4.val} and {node5.val} is {hca.val}"")
else:
    print(""No common ancestor found"")
```

In this n-ary tree example, we recursively search through all children of each node until we find the highest common ancestor.",561.6721999831498,2688.99630010128,2.073415302259386,482.2960450375315,31,1026,265,50530142,coding,High,Write a function to find the highest common ancestor (not LCA) of two nodes in a binary tree. What if it is not a binary tree?,
"To find the median of two sorted arrays with different sizes in O(1) space complexity and O(n) time complexity, we can use a binary search approach. Here's a step-by-step explanation and implementation:

### Explanation

1. **Binary Search Approach**:
   - To achieve O(1) space complexity, we avoid using extra space proportional to the input size.
   - To achieve O(n) time complexity, we need to ensure that our algorithm does not iterate through all elements of both arrays but rather uses a binary search to find the median efficiently.

2. **Median Calculation**:
   - The median of two sorted arrays can be found by merging the arrays conceptually and then finding the middle element.
   - Instead of merging the arrays fully, we use binary search to partition the arrays such that the left half contains the first part of the combined median and the right half contains the second part.

3. **Partitioning**:
   - We partition the arrays such that the left part of the combined array is equal in size to the right part. This ensures that the median can be calculated from these partitions.

### Implementation

Here's the implementation in Python:

```python
def findMedianSortedArrays(nums1, nums2):
    # Ensure nums1 is the smaller array to avoid unnecessary large binary search space
    if len(nums1) > len(nums2):
        nums1, nums2 = nums2, nums1

    x, y = len(nums1), len(nums2)
    start = 0
    end = x

    while start <= end:
        partitionX = (start + end) // 2
        partitionY = (x + y + 1) // 2 - partitionX

        maxLeftX = float('-inf') if partitionX == 0 else nums1[partitionX - 1]
        minRightX = float('inf') if partitionX == x else nums1[partitionX]

        maxLeftY = float('-inf') if partitionY == 0 else nums2[partitionY - 1]
        minRightY = float('inf') if partitionY == y else nums2[partitionY]

        if maxLeftX <= minRightY and maxLeftY <= minRightX:
            if (x + y) % 2 == 0:
                return (max(maxLeftX, maxLeftY) + min(minRightX, minRightY)) / 2
            else:
                return max(maxLeftX, maxLeftY)
        elif maxLeftX > minRightY:
            end = partitionX - 1
        else:
            start = partitionX + 1

    raise ValueError(""Input arrays are not sorted"")

# Example usage:
nums1 = [1, 3]
nums2 = [2]
print(findMedianSortedArrays(nums1, nums2))  # Output: 2.0
```

### Analysis

- **Time Complexity**: O(log(min(n, m))), where n is the length of `nums1` and m is the length of `nums2`. This is because we perform a binary search on the smaller array.
- **Space Complexity**: O(1), as we only use a constant amount of extra space regardless of the input sizes.

### Better Time Complexity

The binary search approach described above is optimal in terms of time complexity for this problem. Any algorithm that finds the median must at least look at all partition points, which means a time complexity of at least O(log(min(n, m))) is necessary. Thus, the O(log(min(n, m))) time complexity is the best possible for this problem.",560.1347999181598,2632.2681999299675,2.583707481311481,387.04071851524134,39,802,247,65906068,coding,High,Implement a function to find the median of two sorted arrays of different sizes with O(1) space complexity and O(n) time complexity. Does there exist an implementation with better time complexity?,
"To find the majority element in a given integer array using the Boyer-Moore Voting Algorithm, we can follow these steps:

1. **Initialize two variables**: One to keep track of the candidate for the majority element (`candidate`) and another to keep track of its count (`count`).
2. **First pass**: Traverse the array to find a potential candidate for the majority element.
3. **Second pass**: Verify if the candidate indeed appears more than `n/2` times in the array.

Here's the implementation in Python:

```python
def majority_element(nums):
    candidate = None
    count = 0
    
    # First pass to find a candidate
    for num in nums:
        if count == 0:
            candidate = num
        count += (1 if num == candidate else -1)
    
    # Second pass to verify the candidate
    count = 0
    for num in nums:
        if num == candidate:
            count += 1
    
    # Check if the candidate is indeed the majority element
    if count > len(nums) // 2:
        return candidate
    else:
        return None

# Example usage:
print(majority_element([2,2,1,1,1,2,2]))  # Output: 2
```

To find the top-2 most occurring elements, we can use a similar approach but with a bit more complexity:

1. **Use a dictionary** to count occurrences of each element.
2. **Sort the dictionary** by values in descending order.
3. **Return the top-2 elements**.

Here's the implementation:

```python
def top_two_elements(nums):
    from collections import Counter
    
    # Count occurrences of each element
    count_dict = Counter(nums)
    
    # Sort by count in descending order
    sorted_elements = sorted(count_dict.items(), key=lambda item: item[1], reverse=True)
    
    # Return the top-2 elements
    return [elem[0] for elem in sorted_elements[:2]]

# Example usage:
print(top_two_elements([2,2,1,1,1,2,2]))  # Output: [2, 1]
```

In summary:
- The majority element can be found using the Boyer-Moore Voting Algorithm.
- The top-2 most occurring elements can be found using a counting approach followed by sorting.

\boxed{majority_element(nums):
    candidate = None
    count = 0
    for num in nums:
        if count == 0:
            candidate = num
        count += (1 if num == candidate else -1)
    
    count = 0
    for num in nums:
        if num == candidate:
            count += 1
    
    if count > len(nums) // 2:
        return candidate
    else:
        return None

top_two_elements(nums):
    from collections import Counter
    count_dict = Counter(nums)
    sorted_elements = sorted(count_dict.items(), key=lambda item: item[1], reverse=True)
    return [elem[0] for elem in sorted_elements[:2]]}",669.5342001039535,2433.560000034049,2.5128572648576863,397.95336328290585,32,702,173,24433994,coding,High,Write a function to find the majority element in a given integer array using the Boyer-Moore Voting Algorithm. How about finding the top-2 most occurring elements?,
"To find the number of full binary trees with \( n \) vertices, we can use a dynamic programming approach. The number of full binary trees with \( n \) vertices, denoted as \( B_n \), can be computed using the Catalan number formula for binary trees. The formula is:

\[ B_n = \frac{1}{n} \binom{2n}{n} \]

However, for a dynamic programming approach, we can use the recurrence relation:

\[ B_n = \sum_{i=1}^{n-1} B_i \cdot B_{n-i-1} \]

with the base case \( B_1 = 1 \) (a single node is a full binary tree).

Here's a Python function to compute \( B_n \):

```python
def count_full_binary_trees(n):
    if n % 2 == 0 or n == 0:
        return 0  # There are no full binary trees with an even number of nodes or zero nodes
    dp = [0] * (n + 1)
    dp[1] = 1  # Base case: there is one full binary tree with one node
    for i in range(3, n + 1, 2):
        for j in range(1, i, 2):
            dp[i] += dp[j] * dp[i - j - 1]
    return dp[n]

# Example usage:
n = 7  # Number of vertices
print(f""Number of full binary trees with {n} vertices: {count_full_binary_trees(n)}"")
```

For the ternary tree case, the problem changes to finding the number of full ternary trees with \( n \) vertices. A full ternary tree is a tree where every node has either zero or exactly three children. The number of full ternary trees with \( n \) vertices can be computed using a similar dynamic programming approach, but the recurrence relation is different.

The recurrence relation for full ternary trees is:

\[ T_n = \sum_{i=0}^{\lfloor (n-1)/3 \rfloor} T_{3i} \cdot T_{3(n-3i-1)} \]

with the base case \( T_1 = 1 \) (a single node is a full ternary tree).

Here's a Python function to compute \( T_n \):

```python
def count_full_ternary_trees(n):
    if (n - 1) % 3!= 0:
        return 0  # There are no full ternary trees with non-multiple of 3 + 1 nodes
    dp = [0] * (n + 1)
    dp[1] = 1  # Base case: there is one full ternary tree with one node
    for i in range(4, n + 1, 3):
        for j in range(0, i // 3 + 1):
            dp[i] += dp[3 * j] * dp[3 * ((i - 1) // 3 - j)]
    return dp[n]

# Example usage:
n = 4  # Number of vertices
print(f""Number of full ternary trees with {n} vertices: {count_full_ternary_trees(n)}"")
```

The final answer for the number of full binary trees with \( n \) vertices is given by the function `count_full_binary_trees(n)`, and for full ternary trees with \( n \) vertices, it is given by the function `count_full_ternary_trees(n)`.

\boxed{def count_full_binary_trees(n):
    if n % 2 == 0 or n == 0:
        return 0
    dp = [0] * (n + 1)
    dp[1] = 1
    for i in range(3, n + 1, 2):
        for j in range(1, i, 2):
            dp[i] += dp[j] * dp[i - j - 1]
    return dp[n]

def count_full_ternary_trees(n):
    if (n - 1) % 3!= 0:
        return 0
    dp = [0] * (n + 1)
    dp[1] = 1
    for i in range(4, n + 1, 3):
        for j in range(0, i // 3 + 1):
            dp[i] += dp[3 * j] * dp[3 * ((i - 1) // 3 - j)]
    return dp[n]}",561.6649000439793,2715.3221999760717,2.0848570183272916,479.64919954190105,55,1033,251,19673382,coding,High,A binary tree is full if all of its vertices have either zero or two children. Let B_n denote the number of full binary trees with n vertices. Implement a function to find B_n. What if the problem changed from a binary tree to a ternary tree?,
"To find the kth smallest element in the union of two sorted lists with linear complexity, we can use a modified binary search approach. Here's a step-by-step explanation and implementation of the algorithm:

### Explanation

1. **Initialization**: Let's denote the two sorted lists as `A` (size `m`) and `B` (size `n`). We need to find the kth smallest element in the union of these two lists.

2. **Binary Search**: We will use a binary search approach to find the kth smallest element. We will maintain two indices, `i` for list `A` and `j` for list `B`.

3. **Comparison and Adjustment**:
   - We will compare the elements at the current indices `i` and `j` in lists `A` and `B`.
   - If the element in `A[i]` is smaller than or equal to the element in `B[j]`, we consider `A[i]` as a candidate for the kth smallest element and move the index `i` forward.
   - If the element in `B[j]` is smaller, we consider `B[j]` as a candidate and move the index `j` forward.
   - We keep track of the number of elements we have considered from both lists.

4. **Counting Elements**: We need to ensure that we have considered exactly `k` elements from both lists to determine the kth smallest element.

5. **Termination**: The loop continues until we have considered `k` elements from both lists.

### Implementation

Here's the Python implementation of the described algorithm:

```python
def find_kth_smallest(A, B, k):
    m, n = len(A), len(B)
    i, j = 0, 0
    count = 0

    while i < m and j < n and count < k:
        if A[i] <= B[j]:
            count += 1
            if count == k:
                return A[i]
            i += 1
        else:
            count += 1
            if count == k:
                return B[j]
            j += 1

    # If we have considered k elements, we need to check the remaining elements
    while i < m and count < k:
        count += 1
        if count == k:
            return A[i]
        i += 1

    while j < n and count < k:
        count += 1
        if count == k:
            return B[j]
        j += 1

    # This line should never be reached if k is valid
    raise ValueError(""k is out of bounds"")

# Example usage:
A = [1, 3, 5]
B = [2, 4, 6]
k = 4
print(find_kth_smallest(A, B, k))  # Output should be 4
```

### Time Complexity

The time complexity of this algorithm is \(O(\max(m, n))\), which is linear with respect to the maximum size of the two lists. This is because in the worst case, we will traverse one of the lists completely.

### Better Time Complexity

The above algorithm is optimal in terms of time complexity for this problem since we need to consider at least one element from each list up to `k` times. Any algorithm that claims to solve this problem in less than linear time with respect to the size of the larger list would be incorrect, as it would require inspecting fewer than `k` elements, which might not give the correct kth smallest element.

Thus, the implemented algorithm is the best possible solution for this problem.",672.3196001257747,2452.783799963072,2.256608618298222,443.1428613235248,49,789,226,23836768,coding,High,"You are given two sorted lists of size m and n. Implement a function to find the kth smallest element in the union of the two lists with linear complexity. Does there exist an algorithm with better time complexity? If so, implement it.",
"To find the common elements in two arrays with the best time complexity, we can use a hash set to store the elements of one array and then iterate through the second array to check for common elements. This approach will have a time complexity of O(n + m), where n and m are the lengths of the two arrays.

Here's the Python code to implement this:

```python
def find_common_elements(arr1, arr2):
    # Create a set from the first array
    set1 = set(arr1)
    common_elements = []

    # Iterate through the second array and check for common elements
    for element in arr2:
        if element in set1:
            common_elements.append(element)

    return common_elements

# Test the function
arr1 = [1, 2, 3, 4, 5]
arr2 = [4, 5, 6, 7, 8]
print(find_common_elements(arr1, arr2))  # Output: [4, 5]
```

In this code, we first create a set from the first array to store its elements. Then, we iterate through the second array and check if each element is present in the set. If it is, we add it to the `common_elements` list. Finally, we return the `common_elements` list containing the common elements in both arrays.

This approach has a time complexity of O(n + m) because creating a set from the first array takes O(n) time, and iterating through the second array takes O(m) time. The lookup operation in the set takes O(1) time on average, making this solution efficient for large arrays.",577.2222999949008,1275.140100158751,1.8862643247671627,530.1483927091916,38,370,85,73474718,coding,High,"Implement a program to find the common elements in two arrays without using any extra data structures. Now the constraint of not using extra data structure is removed, implement one with the best time complexity.",
"Here is the evaluation of the movie reviews on a scale from 1 to 5, including the release date as part of the JSON content:

```json
[
  {
    ""review"": ""This movie released on Nov. 18, 2019, was phenomenal. The cinematography, the acting, the plot - everything was top-notch."",
    ""rating"": 5
  },
  {
    ""review"": ""Never before have I been so disappointed with a movie. The plot was predictable and the characters were one-dimensional. In my opinion, this movie is the worst one to have been released in 2022."",
    ""rating"": 1
  },
  {
    ""review"": ""The movie was okay. There were some parts I enjoyed, but there were also parts that felt lackluster. This is a movie that was released in Feb 2018 and seems to be quite ordinary."",
    ""rating"": 3
  }
]
```",1859.1123998630792,2269.2933999933302,2.0106911771090736,497.34141741138853,187,204,45,97281954,extraction,High,"Evaluate the following movie reviews on a scale of 1 to 5, with 1 being very negative, 3 being neutral, and 5 being very positive:
1. This movie released on Nov. 18, 2019, was phenomenal. The cinematography, the acting, the plot - everything was top-notch.
2. Never before have I been so disappointed with a movie. The plot was predictable and the characters were one-dimensional. In my opinion, this movie is the worst one to have been released in 2022.
3. The movie was okay. There were some parts I  enjoyed, but there were also parts that felt lackluster. This is a movie that was released in Feb 2018 and seems to be quite ordinary.
Return the answer as a JSON array of integers. Update your previous reply by including the release date as part of the JSON content.",
"1. Literature
2. History
3. Science
4. Art",600.0069000292569,631.1175001319498,1.8300353001584024,546.4375468131368,213,17,3,96536319,extraction,High,"Given these categories - Literature, History, Science, and Art. Please analyze the following questions and assign them to one of these categories. In your response, refrain from uttering any extraneous words. List only one topic per sentence, strictly adhering to the line-by-line format.
1. Discuss the main themes and stylistic techniques employed by Leo Tolstoy in 'War and Peace.' How do they align with the wider social context of 19th-century Russia?
2. Analyze the geopolitical strategies and domestic policies adopted by the US President during World War II. How did these actions shape the post-war international order?
3. Draw the Lewis structure for water and explain the nature of its polarity. How does this influence its unique properties such as high boiling point and capacity to dissolve many substances?
4. Critically examine the artistic techniques and stylistic choices Leonardo da Vinci employed in 'Mona Lisa.' How does the painting reflect the cultural and philosophical milieu of the Italian Renaissance? Amend your earlier answer by mentioning a person who is most relevant to each point.",
"{
  ""books"": [
    {
      ""main_character"": ""Frodo Baggins"",
      ""book"": ""The Lord of the Rings: The Fellowship of the Ring"",
      ""author"": ""J.R.R. Tolkien"",
      ""year_of_publication"": 1954
    },
    {
      ""main_character"": ""Zylo"",
      ""book"": ""The Prism Galaxy Chronicles: The Awakening of the Starcaster"",
      ""author"": ""L.E. Starlighter"",
      ""year_of_publication"": 2028
    }
  ]
}",587.1266999747604,791.3966001942754,1.6084244111772832,621.7264504634395,378,127,30,34830845,extraction,High,"Extract the following information from the presented texts: The name of the book, the author, the main character, the year of publication. Output in the format of ""main character, book, author, year of publication"", one book per line.
a) In the realm of wizarding literature, a true standout is the work of J.K. Rowling. One of her books that left an indelible mark is 'Harry Potter and the Philosopher's Stone'. This iconic tale, published in 1997, tells the story of Harry, a young orphan who discovers his magical abilities on his 11th birthday. Soon, he finds himself at the Hogwarts School of Witchcraft and Wizardry, a place teeming with magic and adventure, located somewhere in Scotland.
b) The magic of Middle-earth has entranced readers worldwide, thanks to the brilliance of J.R.R. Tolkien. In one of his seminal works, 'The Lord of the Rings: The Fellowship of the Ring', published in 1954, we meet Frodo Baggins, a brave hobbit tasked with the perilous quest of destroying the One Ring. The epic journey takes him from the peaceful Shire to the tumultuous regions of Middle-earth.
c) In a galaxy far, far away, the imagination of L.E. Starlighter gives us 'The Prism Galaxy Chronicles: The Awakening of the Starcaster'. Published in 2028, the story is about Zylo, a humble spaceship mechanic, who unexpectedly discovers he's a Starcaster - a rare individual with the power to manipulate stardust. Set against the backdrop of an interstellar empire in turmoil, Zylo's destiny unfolds on numerous alien worlds, each with its unique cosmic charm. Reformulate your earlier reply, output it in JSON format and only include books published after 1980.",
"To determine which company had the highest profit in 2021, we need to look at the profit figures provided for each company. Here are the profits for each company:

a) Company X: $3 billion profit
b) Company Y: $6 billion profit
c) Company Z: $7 billion profit
d) Company W: $21 billion profit
e) Company V: $25 billion profit
f) Company U: $20 billion profit

From the data, Company V, led by CEO Lisa Brown, reported the highest profit in 2021 with $25 billion.

Next, to determine which company had the highest profit margin (profit/revenue ratio), we calculate the profit margin for each company:

a) Company X: Profit Margin = $3 billion / $30 billion = 0.10 or 10%
b) Company Y: Profit Margin = $6 billion / $60 billion = 0.10 or 10%
c) Company Z: Profit Margin = $7 billion / $20 billion = 0.35 or 35%
d) Company W: Profit Margin = $21 billion / $300 billion = 0.07 or 7%
e) Company V: Profit Margin = $25 billion / $200 billion = 0.125 or 12.5%
f) Company U: Profit Margin = $20 billion / $180 billion = 0.1111 or approximately 11.11%

Company Z, under CEO Sarah Johnson, had the highest profit margin at 35%.

In summary:
- The company with the highest profit in 2021 is Company V, with CEO Lisa Brown, and it had a profit of $25 billion.
- The company with the highest profit margin is Company Z, with CEO Sarah Johnson, with a profit margin of 35%.",661.082600010559,1584.5979999285191,2.2469961068563507,445.03859928758186,223,411,98,37403084,extraction,High,"Given the following data, identify the company with the highest profit in 2021 and provide its CEO's name:
a) Company X, with CEO Amy Williams, reported $30 billion in revenue and a $3 billion profit in 2021.
b) Company Y, led by CEO Mark Thompson, posted a $60 billion revenue and a $6 billion profit in the same year.
c) Company Z, under CEO Sarah Johnson, announced a $20 billion revenue and a $7 billion profit in 2021.
d) Company W, managed by CEO James Smith, revealed a $300 billion revenue with a $21 billion profit in 2021.
e) Company V, with CEO Lisa Brown, reported a $200 billion revenue and a $25 billion profit in 2021.
f) Company U, under CEO John White, posted a $180 billion revenue and a $20 billion profit in the same year. Which company had the highest profit margin (profit/revenue ratio))?",
"Certainly! Below are three similar examples in YAML format:

```yaml
example1:
  country: Paris
  capital: Paris
  language: French
  description: ""In the heart of France, Paris captivates visitors with its romantic ambiance and the eloquent French language spoken by its residents.""

example2:
  country: Tokyo
  capital: Tokyo
  language: Japanese
  description: ""Amidst the bustling streets of Japan, Tokyo dazzles with its technological advancements and the harmonious Japanese language spoken by its people.""

example3:
  country: Berlin
  capital: Berlin
  language: German
  description: ""Set against the backdrop of history, Berlin, Germany's capital, enchants with its rich cultural tapestry and the melodic German language spoken by its citizens.""
```

These examples follow a similar structure to the provided JSON format but are presented in YAML format.",577.9951000586152,1112.6163001172245,2.889844324641131,346.03940131764114,160,185,59,48344673,extraction,High,"Identify the countries, their capitals, and the languages spoken in the following sentences. Output in JSON format.
a) Amidst the idyllic vistas, Copenhagen, Denmark's capital, captivates visitors with its thriving art scene and the enchanting Danish language spoken by its inhabitants.
b) Within the enchanting realm of Eldoria, one discovers Avalore, a grandiose city that emanates an ethereal aura. Lumina, a melodious language, serves as the principal mode of communication within this mystical abode.
c) Nestled amidst a harmonious blend of age-old customs and contemporary wonders, Buenos Aires, the capital of Argentina, stands as a bustling metropolis. It is a vibrant hub where the expressive Spanish language holds sway over the city's inhabitants. Come up with 3 similar examples in the YAML format.",
"Sure, here are the counts for the words ""Amazon"", ""river"", and ""you"":

Amazon, 3
river, 5
you, 1

Now, for the words ""the"", ""and"", and ""to"":

the, 7
and, 4
to, 2",794.3158000707626,825.8263000752777,0.4923515625705477,2031.069008452091,270,64,20,42813505,extraction,High,"Please read the paragraph below and count how many times the words ""Amazon"", ""river"", and ""you"" appear. Please present the results in the format of ""word, number of appearances"" with each word on a separate line. Sort the lines in order of the number of appearances.
The Amazon, a mesmerizing expanse of nature's wonders, is home to the legendary Amazon River. Flowing through awe-inspiring landscapes like the Amazon rainforest, the river weaves its way through Brazil, Colombia, and Peru, giving life to countless creatures. From the mighty jaguars prowling the Amazon jungle to the vibrant macaws soaring above the canopy, this remarkable region teems with biodiversity. Deep within the river's currents, magnificent pink river dolphins gracefully glide alongside piranhas and electric eels. Along the riverbanks, you'll find bustling cities like Manaus, where the urban meets the wild, and Iquitos, a gateway to the heart of the Amazon rainforest. As you venture further, the Amazon River reveals hidden gems like the captivating Anavilhanas Archipelago, a mosaic of islands brimming with rare species. Embark on an adventure, explore the enchanting Amazon River, and immerse yourself in a world teeming with life and untamed beauty. Please repeat the same task using the words 'the', 'and', and 'to'",
"{""people"":[""A"",""D"",""D"",""D"",""H""],""organizations"":[""F"",""D"",""V""],""locations"":[""B""]}",476.43820010125637,639.4772999919951,6.038485181138471,165.60444714239807,223,27,17,41972921,extraction,High,"Identify the named entities (people, organizations, locations) mentioned in the given news article. Please generate a JSON dictionary that lists the named entities in three separate groups based on their entity types. The key is the type of entity and the value is a list of strings.

Yesterday, Adamson Emerson, the CEO of Faraday, and Dieter Zetsche, the CEO of Daimler AG, announced plans to build a new Gigafactory in Berlin. The facility will be a joint venture between Faraday and Daimler, producing electric vehicles and battery packs for both companies, creating thousands of job opportunities in the region. Emerson and Zetsche stated that the strategic location of Berlin, coupled with its skilled workforce and strong infrastructure, makes it an ideal choice for expansion. The new Gigafactory aims to meet the growing demand for electric vehicles in Europe and contribute to a sustainable future. Volkswagen CEO Herbert Diess welcomed the news, saying greater collaboration will benefit the auto industry's transition to e-mobility. Now make the JSON object shorter by replacing each value with its first letter. Please output everything in a single line without using indentation or creating new lines.",
"Sure, here is the analysis of the reviews and the overall ratings for each phone, represented as capital letters:

```json
{
  ""IPHONE"": ""A"",
  ""SAMSUNG"": ""B+"",
  ""PIXEL"": ""B""
}
```

### Analysis:
- **IPHONE**: Despite the high praise for its engineering, performance, and camera quality, the review notes that the new iPhone lacks the 'wow' factor due to incremental design and high price. However, its power and intelligence are still unrivaled. Given this balance of strengths and minor weaknesses, the overall rating is **A** (9.5/10).

- **SAMSUNG**: The review highlights many positive aspects such as an amazing screen, fast performance, solid battery life, and an impressive array of camera options. However, it also points out some weaknesses like lackluster Bixby, flat AR emoji, and unchanged design. Despite these issues, the phone is described as ""amazing"" overall. Thus, the rating is **B+** (8.5/10).

- **PIXEL**: The review praises the cutting-edge specs, innovative AI-powered software, and elite photography. However, it criticizes the phone for its lackluster battery life, lack of expandable storage, and performance stutters, especially considering its high price. While it excels in certain areas, the overall experience isn't as well-rounded. Therefore, the rating is **B** (8/10).",590.0396998040378,1477.3920997977257,2.948014617919229,339.2113437706836,353,301,104,68335013,extraction,High,"Analyze the following customer reviews from different sources for three different smartphones - the latest iPhone, Samsung Galaxy, and Google Pixel - and provide an overall rating for each phone on a scale of 1 to 10. Consider the following complex and contradictory reviews:
- TechRadar's review of the latest iPhone: The new iPhone is a stunning triumph of engineering that sets a new bar for smartphone performance and camera quality. However, the incremental design and high price mean it lacks the 'wow' factor of previous iPhones. Still, its power and intelligence are unrivaled.
- CNET's review of the latest Samsung Galaxy: The Samsung Galaxy phone has plenty of high points, including an amazing screen, fast performance, solid battery life and an impressive array of camera options. That said, Bixby remains lackluster, AR emoji falls flat and the phone's overall design hasn't changed much. The new Galaxy is an amazing phone overall, but it has a few nagging weaknesses that keep it from achieving true greatness.
- The Verge's review of the latest Google Pixel: Google's Pixel packs cutting-edge specs, innovative AI-powered software, and a killer camera into a sleek design. However, the phone has lackluster battery life, lacks expandable storage, and its performance stutters at times, especially considering its high price tag. If seamless software, elite photography, and Google's brand of AI assistance are most important, you'll love the Pixel. But the overall experience isn't as well-rounded as some competitors. Return the answer as a JSON object with the overall ratings for each phone out of 10, to one decimal place. Can you change the ratings from numbers to letters? Capital letters MUST be used when writing the names of phones.",
"To extract all unique variable names from each equation and rearrange them using 'a', 'b', 'c', etc., we'll first identify the variables in each equation and then represent them in the specified order. Here's the result in JSON format:

```json
[
    ""a = (3/4)b^3 - e^(2b) + sin(pi*b) - sqrt(7)"",
    ""c - d/(3+e) * sum(N=1 to 5; ln(N)^2) = 5f*integral(a=0 to pi; cos(comb(N=1 to 10; N*a)))"",
    ""g = h(i^2) + j*(k/l)/(-(m/2) + sqrt(n^2 + (m/2)^2))""
]
```

Here's the breakdown of the variable substitution:
1. Equation 1:
   - `x` -> `b`
   - `y` -> `a`
2. Equation 2:
   - `A` -> `c`
   - `B` -> `d`
   - `C` -> `e`
   - `N` -> `a`
   - `D` -> `f`
   - `a` -> `a` (integral variable, remains the same)
3. Equation 3:
   - `E` -> `g`
   - `m` -> `h`
   - `c` -> `i`
   - `gamma` -> `j`
   - `v` -> `k`
   - `d` -> `l`
   - `alpha` -> `m`
   - `beta` -> `n`

This JSON string represents the equations with the unique variable names rearranged as requested.",512.3018000740558,1507.179900072515,2.577404404141086,387.98723180317046,190,386,113,51413464,extraction,High,"Given a set of complex equations, extract all unique variable names from each equation. Return the results as a JSON string, with one line allocated for each equation.
```
1) y = (3/4)x^3 - e^(2x) + sin(pi*x) - sqrt(7)
2) 2A - B/(3+C) * sum(N=1 to 5; ln(N)^2) = 5D*integral(a=0 to pi; cos(comb(N=1 to 10; N*a)))
3) E = m(c^2) + gamma*(v/d)/(-(alpha/2) + sqrt(beta^2 + (alpha/2)^2))
``` Please rearrange the equations and use 'a', 'b', 'c', 'd', etc. as variables.",
"When evaluating the argument presented in the memorandum from the advertising head of Zorblatt Animal Outlets, five key principles should be considered: relevance, sufficiency, consistency, logical coherence, and the presence of alternative explanations. Here’s a detailed response discussing the specific evidence needed to evaluate the argument and how the evidence would either weaken or strengthen it.

### 1. Relevance
**Specific Evidence Needed:** Evidence that directly links advertising in Rare Pets Digest to increased sales for Zorblatt outlets.
**Impact:** If historical data show that other companies that advertised in Rare Pets Digest saw a significant increase in sales, this would strengthen the argument. Conversely, if there is no clear correlation between advertising in Rare Pets Digest and sales growth, it would weaken the argument.

### 2. Sufficiency
**Specific Evidence Needed:** Detailed sales data for both Zorblatt and Aquatic Pavilion outlets before and after the start of advertising in Rare Pets Digest.
**Impact:** Sufficient and comprehensive data over a longer period would strengthen the argument by providing a clearer picture of the impact of advertising. Insufficient or short-term data would weaken the argument by suggesting that the observed trends might be due to temporary factors rather than the advertising campaign.

### 3. Consistency
**Specific Evidence Needed:** Consistent patterns of sales growth or decline in other outlets of Aquatic Pavilion and Zorblatt that did not engage in similar advertising.
**Impact:** If other outlets that did not advertise in Rare Pets Digest also experienced similar growth or decline, it would weaken the argument that the advertising is the primary driver of sales changes. Conversely, if only the outlets that started advertising show significant changes, it would strengthen the argument.

### 4. Logical Coherence
**Specific Evidence Needed:** Information on the nature of the advertising campaigns, including the content, frequency, and target audience.
**Impact:** Detailed and logically coherent advertising strategies that clearly target the same audience as the successful rival would strengthen the argument. If the proposed advertising strategy lacks coherence or targets a different audience, it would weaken the argument.

### 5. Presence of Alternative Explanations
**Specific Evidence Needed:** Data on other potential factors that could influence sales, such as changes in market demand, economic conditions, competitor actions, and internal operational changes.
**Impact:** If other factors (e.g., economic downturns, new competitor entries, or internal operational changes) are identified as significant contributors to sales trends, it would weaken the argument that advertising is the main driver. Conversely, if these alternative explanations are ruled out, it would strengthen the argument.

### Conclusion
To thoroughly evaluate the argument presented in the memorandum, Zorblatt needs to provide relevant, sufficient, and consistent data that logically supports the claim that advertising in Rare Pets Digest will reverse the sales decline. Additionally, it is crucial to rule out other potential factors influencing sales trends. If such evidence is compelling and comprehensive, it would strengthen the argument for Zorblatt to start their own advertising campaign. Conversely, if the evidence is lacking or points to other significant factors, it would weaken the argument and suggest that more research is needed before making such a strategic decision.",682.4509999714792,2826.270999852568,3.4082988869333684,293.40149827638925,215,629,247,30655190,humanities,High,"Describe five key principles in evaluating an argument in analytical writing. With the listed principles, write a response in which you discuss what specific evidence is needed to evaluate the argument and explain how the evidence would weaken or strengthen the argument.

===

The following is a memorandum from the advertising head of Zorblatt Animal Outlets, a chain operating thirty animal outlets globally.

""Half a decade ago, our rival Aquatic Pavilion started publicizing in Rare Pets Digest periodical. Their overall sales have been consistently growing at a rate of 3-to-5 percent each year since then. In particular, the Aquatic Pavilion outlet in Harbor Town experienced even more significant growth, securing the title of the most frequented animal store in the United States the previous year. In contrast, our two Zorblatt outlets in Harbor Town have recorded a consistent drop in sales during the same duration. It is evident that we must promptly start featuring our own advertisements in Rare Pets Digest and other popular animal publications. If we take this step, we can confidently anticipate a reversal in this recent trend of decreasing sales and return to profitability.""",
